Dst Port,Protocol,Flow Duration,Tot Fwd Pkts,Tot Bwd Pkts,TotLen Fwd Pkts,TotLen Bwd Pkts,Fwd Pkt Len Max,Fwd Pkt Len Min,Fwd Pkt Len Mean,Fwd Pkt Len Std,Bwd Pkt Len Max,Bwd Pkt Len Min,Bwd Pkt Len Mean,Bwd Pkt Len Std,Flow Byts/s,Flow Pkts/s,Flow IAT Mean,Flow IAT Std,Flow IAT Max,Flow IAT Min,Label
7290,6,753258,20,15,12926,15248,546,5,499.6683111390774,111.36474217649418,1305,14,44.58523859319175,62.90049511085656,36673.730405705435,491.8244020313724,6753.537772184601,666.5857814052545,14149.886505461134,580.2446630404406,BENIGN
7623,17,752354,91,94,15177,5773,1267,17,495.1814916658194,34.25811093353464,760,56,51.081616953110974,23.88064645050809,76196.15813828784,67.8842271666572,527.8416738975584,2234.6882662792113,16550.430464254823,520.0539720610085,BENIGN
880,6,910834,41,13,41455,12786,68,80,373.44673719674154,193.10352647058454,1018,96,451.1407852203117,62.03044246030527,19214.340882070424,890.2916008291153,9207.11924390092,2993.3815953375697,34975.191209795245,376.1422748480503,Infiltration
5410,17,407605,54,38,47646,15037,1284,86,371.09531239073317,105.39261316509831,1440,4,315.0932195605993,86.85919642344038,31514.19542676709,890.2731428326216,7673.989596818842,3620.16798327902,26904.859196390335,851.5764430261742,Bot
5246,17,115459,20,27,8401,1885,95,29,127.57134916345831,110.7117587674521,807,36,131.15860724900318,51.08227519654163,9526.143060789562,323.5558858904842,1402.2905756703872,4130.433869477154,42923.90110554507,575.7430168949209,BENIGN
5211,6,925531,19,95,12668,39828,772,20,417.602117614168,181.45314256296354,722,85,139.65019460672812,43.36274516754459,14356.492181863365,913.9887166616593,2188.6249259025763,1279.6404603406074,8831.766629015769,313.11606223352794,BENIGN
3792,17,965934,84,91,29695,16331,399,61,205.52555288832468,124.91704903023498,284,85,305.097415824315,1.2280325329395492,88319.51720036977,758.2260544665763,6440.318330162218,1206.1003761394372,13305.172726532104,444.10403833710023,Bot
3112,6,66807,99,50,23390,40612,1213,9,481.1869853840772,60.54587543794143,510,21,203.46748731783103,126.16855628080931,10920.173292115898,401.4004296311611,9215.70448033921,2826.49931552259,47054.39479605935,356.80355738388823,DDoS attacks-LOIC-HTTP
5754,6,251451,66,48,42441,22495,728,12,45.30670590993308,59.21892338267423,1021,51,220.66208549254728,122.88978846322378,9582.16341652146,332.17409282682826,4458.878077671329,2830.0759156721465,22207.82193651292,430.0856077161117,Infiltration
6285,6,470770,30,8,28929,13450,865,75,220.7409825919994,100.31572998129124,1419,14,30.324995266709507,37.60504755414564,94038.32731055762,975.1675566867149,4856.842317423035,1089.7389835138715,39454.6566430023,71.26579034395463,BENIGN
486,6,238611,53,57,2321,9491,158,8,280.1410414033318,173.32164578583178,119,16,69.36959355487238,188.73001436223683,64593.88693148015,712.9143361481996,2378.7648136289076,2937.3765517563656,24613.460755987962,111.9158162169217,DDoS attacks-LOIC-HTTP
5354,6,235818,34,44,40003,9268,592,67,205.5523225076516,158.9458681472557,96,50,196.6752132818313,81.91418036095162,10100.5891956064,379.43114481642897,3830.725745335701,1729.3942498719744,23559.57199471712,623.6916833036098,Infiltration
4446,17,589816,22,21,44343,27757,130,38,109.23669929994695,192.54811721136895,119,44,349.8432099673842,5.095886715261311,97171.95673921448,642.3419040928243,2860.8910106002268,3196.5745943931647,7414.333238601823,684.0683773964384,BENIGN
5598,17,50701,67,31,43048,41907,774,23,298.5293019473424,14.377224570440728,1176,62,24.012693799956576,43.95438345296871,14718.53005022468,571.9546728383315,3506.360925228493,1455.2235683610081,42561.46855131983,636.6204152669644,DDoS attacks-LOIC-HTTP
6251,17,995069,6,68,13570,6791,614,33,379.1793677394431,53.665213792867725,1268,27,167.27889641554162,138.41349685423893,76636.90907128995,525.0154826812568,206.95564992871675,2961.4589603578825,3926.9804745762553,763.0753973972057,Infiltration
3464,6,395855,79,86,49766,39939,265,60,324.19510502999725,16.0415415627452,392,58,347.5359759672579,40.32397976211905,3494.787650342251,645.0571969130319,411.56638597770524,3841.550206184615,15519.952121705546,943.5340214777406,BENIGN
3191,6,495579,27,68,48743,28314,775,40,121.05218015997956,150.21583878048725,1166,85,396.02539522514564,10.782491775211223,62457.934316007755,538.0886958581815,6807.18465255512,4900.793878509689,33676.66890529177,860.6183068926551,BENIGN
2939,6,635875,10,41,38563,28583,873,4,367.14593246241935,28.166737830076727,793,20,95.11035204765666,123.54124427893458,54674.920171568556,655.1355633326942,6818.270094037364,4555.340282358787,25367.80496489341,418.50957937124343,BENIGN
7851,17,678129,73,52,26003,21550,809,78,132.16441399205883,19.977263599521343,219,41,365.74356594672855,103.6709581188366,20808.301004425863,907.6609936614154,3302.9757727580136,2517.6937366372613,44070.10256530709,217.54313692127536,BENIGN
150,6,464284,97,95,30502,93,1342,49,91.72516964739981,112.33444141991151,838,80,477.70584703951477,152.25316721969068,64318.182810614424,993.2717031771266,8854.738505141615,2441.7454165880904,1974.504659867917,311.8522116012513,BENIGN
1705,17,413960,96,58,20991,35755,68,3,346.88066764216745,82.2969424238317,159,68,453.4060750482242,154.52627770882833,61709.12878780709,709.5775864746653,2661.8550498830336,2188.500029678744,32473.88189979151,587.7414879452921,BENIGN
7496,17,412061,48,73,24153,45615,1031,50,422.1796868263949,143.02026775249342,1099,81,394.6880386887545,191.98705075754577,79837.18802924304,927.8929809486823,3958.4520349569625,138.75298994319218,23878.49887664997,856.2083344575669,DDoS attacks-LOIC-HTTP
789,6,252024,70,38,12077,9967,1102,51,243.36202660980433,97.40307834005459,610,16,356.1633430206691,11.403508803707751,87588.64711945853,858.5518436290712,7314.024867207278,829.7724874313084,7724.04805514787,701.7241235075471,BENIGN
2411,6,783541,59,14,23926,16218,1479,38,268.0389376035267,85.06691918809055,638,67,117.56915400988515,7.797883963645669,51015.39301595007,295.74236058329785,7435.937609789211,295.9454415202789,37165.16283655855,543.0131047690676,Infiltration
5631,17,814760,59,70,41518,43220,397,7,154.86004738326008,85.10008974939419,1055,6,316.95161352405614,197.43940960553215,49034.61639648129,932.9750750599925,8611.796461289132,3481.7754238766042,20571.22970174714,601.8783595600345,BENIGN
7601,6,523494,2,28,46431,8627,1119,44,249.83591747946596,174.3752760797709,776,88,321.63699690514795,128.96957553939077,62163.36113676033,71.73819105256885,291.5613600177183,2066.1732510908278,26583.779392791806,528.2612137283044,BENIGN
6969,17,249530,29,2,3825,4947,795,87,70.33158401614156,79.04513014449329,333,39,203.41066604634395,143.07410793351428,72923.46684708902,330.5918992225013,1838.4030527304433,318.84939032704784,48363.63065749178,971.6275113296299,BENIGN
2453,6,427837,68,82,31846,39419,1260,27,478.1362606930801,66.67942555392669,1463,39,246.5077308504688,19.296403947033692,35623.55553246304,640.3049901696952,6406.077134929938,3452.8753882693504,24316.64175044918,816.0914522555604,BENIGN
5331,6,122888,65,9,37487,23178,602,26,401.17852356001515,67.70701540454587,891,42,347.01424408735335,13.962538169667393,50469.14191778918,527.3885304492469,3382.6594925948007,3222.1793141397193,41170.40954927655,781.2772154011487,BENIGN
5071,17,621627,83,91,37285,28876,1217,64,335.64666510698146,39.32015936297806,939,72,476.05076785521106,32.050718787154196,58514.5675404591,542.8699804365332,436.5731476377507,3599.8141534524857,38481.1803918288,517.328986863732,BENIGN
6440,6,551316,26,28,39353,22908,1355,33,271.4062139837795,172.1377701147979,351,82,147.65310422051581,85.43912055949392,98837.92460275276,795.0934414714468,5865.080272392978,2999.170588807846,33141.10202977481,331.8094575695413,Bot
1204,17,280566,89,78,4783,35912,918,80,397.12372243284244,29.326163005516314,1362,50,123.18157597871976,22.035236546595137,58775.34252362711,195.5089786039061,3931.3389114496513,807.6977997364204,44841.63904608318,19.514094337760525,DDoS attacks-LOIC-HTTP
4575,6,451030,10,34,12456,19971,1351,61,249.90483359497313,181.72214755992107,925,72,300.9034461494358,89.2667480881656,22426.413208718244,982.0934344574912,3641.584490581626,306.96148871084404,12587.566330389673,43.43002435971988,Bot
3405,17,350140,53,5,30743,32584,575,61,153.4870845364936,56.693544382201246,1423,22,65.39955572067996,112.30718062026735,58803.10592544367,438.0207690698734,2644.3784825735725,4085.7048511351863,41040.353861068485,30.237925162444835,DDoS attacks-LOIC-HTTP
4137,17,62392,79,11,10474,49228,408,37,84.38524640750266,179.88536443476937,395,94,291.266415243907,0.06659357702158974,81951.76329907232,949.8934215407896,60.972933276509416,1079.04499482933,18895.596544983153,980.4767667777253,BENIGN
6416,6,553443,59,37,48642,8959,908,25,325.5548664568946,158.16413136291544,1225,31,44.42574253571541,22.849126158395492,85741.79396431897,383.7327486323358,1824.417809689298,2712.6462023709146,40626.41959516025,114.48233846789047,BENIGN
4863,17,305135,22,76,21586,28261,1326,23,465.06574378812445,116.39750419007173,529,30,245.29193980225438,75.03903835357575,80027.04295475523,602.184882182784,4742.878742888232,2426.085073660936,24694.496340430098,142.11885297580807,BENIGN
2924,6,606300,51,92,3330,41065,302,38,81.04118398465383,133.89400078371983,1116,16,310.20718735676684,10.665958539360032,88822.0594347313,450.86115985181294,2758.0887944249803,4605.262702182571,42886.88555463236,484.1499874581,DDoS attacks-LOIC-HTTP
7748,6,662048,48,18,10760,39462,494,20,94.10893230014935,65.16881816498554,357,57,35.05481963642093,26.70579466242802,33483.28652449395,676.2592286881184,8744.012403955287,2762.198804271492,44743.228449272385,481.4011668931589,BENIGN
494,6,352780,21,66,37476,15835,1480,93,219.63498653771987,114.84572286553248,1419,85,103.47657597431464,46.359278091190895,50761.98638905668,184.4411046548023,1430.8536219015075,2900.0844269357535,29886.21734544893,919.9737672850691,BENIGN
1102,17,268548,22,7,26582,19257,812,46,404.41517722024605,58.48058014533941,827,34,167.68714243976245,85.9202828335294,77961.31368979432,401.22790430764445,8753.527530074978,1597.5251685790636,25386.271571993933,73.53273167292306,BENIGN
2578,17,531733,98,7,17958,3346,1445,47,150.49175084089478,80.45456277809234,59,29,184.2993475930795,142.96743958734183,26452.35057640225,69.31274098532398,4048.853259148577,4793.473508843306,39166.17436518339,957.2391651566987,BENIGN
7869,6,160472,30,83,38836,30807,899,12,130.6868977116639,152.93251104584894,476,63,338.0523216270792,26.53772236516918,37164.42797079159,598.5033155730235,2759.127290374073,3061.8690786961733,13356.640296926875,216.3902383410089,BENIGN
2067,6,941863,25,46,23525,30418,253,2,311.88331427410276,48.786512762043245,611,52,264.51067027976205,147.59171438186644,83117.25389905565,962.7190168905337,3043.6142932898806,24.901917956290376,777.2805756332318,970.1538093048331,BENIGN
7663,17,91106,28,3,27877,11340,1453,31,270.1293170277943,167.76920316750756,0,50,191.05423515266347,171.01214594344415,77010.86410555211,46.860608642228364,3301.377857497092,2780.4113186748164,20360.658191910927,541.3240988026158,BENIGN
2767,6,932956,65,50,736,33012,969,34,34.80908040039195,75.17657073299931,310,36,225.33812717082503,130.29575337704665,97120.24479592974,659.9703944770649,5066.133282839099,1819.326941526006,25393.628903509874,652.01274593103,BENIGN
995,6,129450,45,84,25830,35393,1187,18,45.33753876809189,106.43399217123618,167,89,6.48833532511961,8.745139085559561,99597.44611087987,775.3228656740221,3539.4692303267816,160.56102149416108,14870.163344743436,315.7287726606472,BENIGN
1826,17,688825,68,66,6707,36617,825,13,323.29142519145927,188.39209751257465,191,5,385.26263965381503,88.13073738548826,24082.04725166819,213.89531575345126,6472.416264034838,2157.7489275354224,19174.260468070992,611.8239510995952,BENIGN
209,6,805978,7,44,44688,9597,1457,47,235.23618157815088,136.25112603737497,1057,33,20.502344347391233,132.01320032669997,90045.9941175056,273.8012190751785,4252.364891822228,3867.832441893149,6661.581063475571,710.8297798993977,BENIGN
7121,17,788868,49,7,42035,25557,282,85,485.63370983662776,129.12082256892546,1057,55,414.658746461283,195.70262692146247,9460.604979993414,202.37950515379532,6716.765453117387,2518.9472897818123,13871.722269356023,10.370167292305554,Bot
2754,6,848564,9,86,12973,7737,529,80,340.87304831138204,142.32154552100582,1440,95,270.49826070736503,190.36167761384849,70982.92289431591,298.11522403963113,6044.659757097669,3197.2954306999736,12012.366442249531,34.22842518170399,BENIGN
3025,17,206587,36,15,49444,46792,1161,67,9.98646268664957,183.62226775211226,707,24,263.9095956122585,79.14063088798375,22017.73777367834,110.9724766341808,2445.2952703201845,3198.707328601585,15056.33282280024,986.4770119382993,Bot
4678,6,97952,83,76,1091,44768,1406,44,243.1042960012286,49.70274184430217,1181,12,352.2893138865997,123.18621444501852,30038.112580687048,370.9775234141369,8127.920105213033,3355.0965124171344,14959.714985927216,457.5571048928154,BENIGN
1919,6,492192,1,66,20279,41101,577,18,210.15172784256234,122.64824115986768,365,62,429.77976632673267,178.16302947231702,94632.65455467753,369.56026611908044,7990.015696261462,1937.980972842877,27952.828868670196,935.8175254365547,BENIGN
7754,17,138693,10,8,10786,17276,647,63,57.82336069691551,80.07877087673046,1363,65,471.3230732398321,166.2092494752393,26322.49216105385,807.4601891488035,9889.815689696738,1850.024195284225,12537.341040401674,729.8976168166687,BENIGN
1287,6,727167,36,59,31826,7310,168,65,461.98837375673406,2.3710586420487845,857,4,271.68494362199243,95.88436682254995,67321.05513737143,801.1573572851177,1751.3262942001306,22.922656726376278,47048.65355436102,372.96830796738533,BENIGN
6995,17,678941,73,77,14206,35167,661,78,403.4805930454532,25.06017928122184,1358,74,75.32911599445913,52.24826617832468,17821.069501246984,796.9266399460554,8478.53435451758,771.1123026446054,25568.62876986311,150.84200465852982,BENIGN
1548,6,280718,46,76,42122,37408,185,65,118.89252466790093,64.99837905271768,326,10,439.3154630865036,27.419989359766596,9348.063857273057,567.4688773057114,8719.93724450361,4754.051063907758,6457.010660424273,978.1517330502119,BENIGN
3222,17,177932,32,70,15968,19344,629,74,131.7104756272836,112.99999423638315,113,87,20.336009185057456,97.59603101665184,33938.309364133005,326.5548061794682,6421.9995018571,4212.0835789410485,13987.517463508952,584.4962570983871,BENIGN
3576,17,842250,32,14,23379,10391,220,44,20.848936393128223,176.29495533925433,796,77,403.66858535990406,144.56917506865784,62423.368117940234,411.5535518840333,5064.3413930491215,1375.5421869495149,36490.57723182134,192.3566233684999,BENIGN
3910,17,306873,6,70,11699,10892,456,86,151.87513853162528,158.2228236402879,918,93,340.21081321282406,193.95394264325319,24802.034923970576,318.4257612573197,9572.638302134164,2005.9597446289163,692.8153286525658,681.652980294747,BENIGN
666,17,45332,48,97,17341,11197,595,73,294.38789441211003,110.66673448455408,1441,43,452.36380371147305,172.36298096461778,30023.878179180683,582.3459770757406,9726.946586835416,4699.606616923164,46891.52112998558,92.04850983033785,DDoS attacks-LOIC-HTTP
6184,6,348788,38,40,37538,13050,176,66,213.3174772514008,14.774083581493525,1491,98,448.7315751237234,40.848191049632334,70875.89456245945,938.0411421923526,6417.332865965669,1252.222397767886,22264.39431707305,868.0372797401595,BENIGN
2908,6,460485,17,21,13446,36142,469,68,484.781454541242,57.181258078995725,1166,84,26.577042718539833,143.95562536449398,10288.57433790709,285.2122872716585,3596.2390193837005,2662.6648464446494,26058.740357320326,90.13734725533895,Infiltration
6330,17,783401,74,23,76,45679,925,2,32.75968378551708,73.34172957844878,608,68,304.72320358783605,57.82025077168609,44696.04012943271,459.39296582848357,8171.834669475973,110.39892027702281,49420.727669618005,236.19435829116898,Infiltration
5413,17,312913,27,43,30735,41615,1390,37,297.75792865501023,124.3434370407685,308,1,62.33572758410089,136.6945188867193,94174.0356429236,655.4618132092008,893.4654166820145,3098.6741817640327,25175.120269106585,91.43080542737536,Bot
2455,17,209193,54,0,25222,47553,1337,76,429.8631730509888,12.984724595968222,400,39,39.23430587202736,133.16109209215452,39703.19652479835,844.8502168837872,2906.6658446538345,4650.367990871975,47387.722283154006,103.78721684946579,BENIGN
620,6,331428,50,9,33342,43728,1266,41,242.96675164281268,106.03871090009467,1343,36,224.13857291536527,54.48612058510829,43425.760787464154,254.08058672032385,9855.557393433728,4423.716924200111,45762.40347849978,523.8341536591827,BENIGN
2383,6,703405,35,79,25411,13535,1360,82,6.466546677396423,180.29291522894144,211,48,48.79876992437032,46.87772404345729,73823.04831769282,281.00966102941015,8143.519538682488,2509.8461031376664,47066.36327802397,686.9898025593923,Infiltration
2081,6,13240,85,71,13403,41002,1215,39,125.18674241400622,141.08653913948058,316,97,363.9511915562964,20.78755251778517,77903.36208806436,885.2803667236802,9395.885133219668,3248.2098613858298,40620.52914404327,788.4817833459535,BENIGN
261,6,388712,25,55,3680,43271,1367,49,165.26564295564324,159.41536131255128,184,74,484.4703552537998,10.10792736092534,76962.94291415464,81.1778618658172,5948.350919286184,2848.9909700664275,14826.940247040982,695.0552896020934,BENIGN
2061,17,607845,28,88,25611,5122,1062,34,483.1672748059439,136.33512967181468,1228,35,284.7914788915464,171.6902117712942,99786.72382110808,605.8421583612454,4077.3169090230112,334.8712207708776,17325.660364461215,363.4898120360709,BENIGN
2844,17,538745,15,49,2261,9852,723,23,456.32777451015625,41.31782243451845,1387,74,117.5844347808433,9.969878927008335,7154.39423783086,860.5949606798911,9796.921343806987,793.6174343837293,18255.55356835024,557.2877870470531,BENIGN
7533,17,523475,4,11,45727,5387,1126,87,474.839400028277,22.096764013203728,1239,72,421.60319576269774,17.748233305022822,98225.5059304536,921.8210076011818,3094.94643298569,4819.086573848798,48959.25017221364,927.6640744282306,DDoS attacks-LOIC-HTTP
2632,6,111772,93,88,33582,31759,850,16,413.7504365203993,165.8981346009818,245,69,426.551687465013,47.77040707363997,95019.4598035699,13.674566978635893,7574.385374810325,1279.8434843583661,18044.16764356771,387.57661575405564,Infiltration
7061,6,330917,73,80,27037,40399,877,39,179.06562838638266,139.10088720310569,238,33,366.3929861821972,177.53166569245522,85215.36863695321,370.2963115166901,5582.511372044182,1922.2460804819968,5443.3785678268405,252.40436902812368,DDoS attacks-LOIC-HTTP
1383,6,646061,27,59,31856,39994,697,73,453.40882893761926,115.01231176327364,1414,57,307.5660924066754,66.58807208443827,45418.01632944565,258.00752133492557,2285.842947999139,2544.721539772536,38918.66144281123,519.3193555609204,BENIGN
6255,17,590021,26,25,21025,37876,339,65,490.93383043883915,37.856572993649195,519,36,433.896227375862,38.359911491318435,87091.5281396761,568.4645561859485,175.81539079801803,4895.660646966708,18309.503946186807,297.335211842098,BENIGN
5506,17,732403,19,77,9593,34878,1217,43,178.2852995761017,120.66899306235068,276,95,81.64584099877953,143.11109915901903,22091.032906486456,633.2294145368156,3838.2571409503303,3449.9675311488827,31050.58622717491,261.8170519618759,BENIGN
7119,6,620499,92,40,23114,33725,104,22,133.9752031632922,6.264357044431956,1005,59,465.80006317202236,63.81395097373714,79167.66698042915,999.7747031279232,5477.30624338021,3147.992488651826,46218.77700907571,778.8033012532632,BENIGN
1498,17,864790,17,35,12234,7146,794,5,275.72356492719956,23.767826878791887,201,11,473.6015746052841,66.67332761523926,18531.977929074204,513.2497344020267,1832.7208191337127,2621.9998622042967,28779.52378313443,890.8358573975358,BENIGN
7615,6,406240,43,22,38794,560,658,65,97.64033533647036,62.37802996088491,213,31,435.99618699856666,147.7953191877072,81538.04672708326,551.9154118585325,4146.134303726406,3503.3720729727856,31888.63191611082,502.3166827489517,BENIGN
2576,6,69386,41,42,30846,1312,362,20,21.148989596158206,88.74765548223287,605,80,125.33101735573354,50.33056312166118,61456.76803507305,414.8991942978363,6152.28411665894,3320.079452641733,32146.69959761215,779.7828819673583,BENIGN
795,17,93369,42,5,29309,18205,939,34,473.1864297023555,24.11289916440007,477,3,429.08919315531455,179.3520095411251,9812.147638557417,148.52956060073708,7149.516341084824,4514.20446130491,30623.835296068177,187.08942619724124,BENIGN
4034,6,258735,50,68,13046,11595,950,28,463.24161305850254,23.98803677150716,507,32,248.81910591884588,112.28433559966906,89533.00234016895,304.0213156403179,528.3725565354673,2709.1765268231134,7996.871180272896,547.6430130358478,Infiltration
54,17,74171,84,42,19943,22030,993,6,85.51365761224992,145.1787321167271,1098,42,297.46511870041263,107.5663422344828,57799.93997356988,247.7379327933208,6642.144037201806,2107.512940952449,22826.206583290284,636.199942705666,Infiltration
6369,6,450642,40,24,12402,21329,1298,92,206.83142223021113,113.94388130669712,668,8,420.30031125207256,52.95044701324192,65628.2653309301,801.4184716569937,567.6164214683209,4035.8101403193564,393.1243586531522,490.664167816772,BENIGN
3172,17,221195,39,17,7948,38142,1052,52,416.36297506997937,106.748396155533,664,97,14.79142227261876,167.01886802598514,28358.168464804487,546.27060513076,282.82676809807845,3998.916673434092,31316.9775557259,116.88021634819623,BENIGN
1975,17,513417,23,61,4151,2651,655,36,332.19514791632224,90.48689902350999,141,50,181.47129608782285,114.54991017430028,87164.83403724142,296.89743658512674,1524.9678470791468,849.1821900604374,28772.161168361683,734.1002318190774,DDoS attacks-LOIC-HTTP
1605,17,30751,96,12,23360,10006,635,22,200.41981703950339,195.3086212689128,321,93,407.8466886222328,31.103309581045192,54524.62150800481,489.60380999060976,6536.786928058442,1183.9599892822782,15913.679589848645,839.0781771894992,Infiltration
3963,6,70302,52,42,9556,42701,148,96,373.3646436054954,9.960056578875353,460,19,406.9773919008615,41.25964744895252,42117.81722630744,219.64601821232012,529.1616074016822,4793.191306498528,26199.536203478485,635.2262549814589,Bot
7575,6,48877,47,77,5345,48940,725,7,449.03845716404453,36.12543523231548,706,38,424.3439634414664,93.65118176412872,53432.83170537947,185.94202342264472,209.94122584353582,2220.5476919119237,24657.958517584753,169.16100161682735,BENIGN
3093,17,148166,63,27,5087,35645,771,75,463.44837361030466,129.50155148024746,669,22,84.60795006974564,155.9283644832777,70334.27501596298,860.082295004644,1180.4771539641913,2598.3034826559483,12553.251644953138,74.55243984854299,BENIGN
1041,17,853795,97,17,46025,21966,264,47,192.53055790148358,27.273130770248265,1169,40,352.94330911398004,187.85905472339203,69507.83709117002,944.8660436116727,9497.260186115,1550.800622899049,14671.44452914872,301.60390817447893,BENIGN
3481,6,190806,69,58,5621,27846,1118,9,90.91253663604535,117.87618760183476,53,43,73.25167025270929,132.69972607538935,35764.134324771694,80.93459321916089,9072.870221522238,2405.3551144867674,38129.424421471245,36.99011185041945,BENIGN
2633,6,624546,43,59,40867,21774,1491,78,456.8552348060177,113.552245096216,1379,34,392.5490044755127,101.22864991165963,38531.97542782499,765.1178244792341,865.5732850214407,3716.7830359782793,37789.058635894624,839.2190104529338,BENIGN
5245,6,797332,48,62,35670,4083,685,23,50.81494570120899,194.2010367279284,276,22,122.56300222725375,50.14639550240494,56228.19690191433,453.85822489086286,3040.8278219821136,2411.7254873183765,23494.40969048972,703.0604400702092,DDoS attacks-LOIC-HTTP
3863,17,824355,34,56,5587,33513,101,89,362.235753657941,176.67729740980448,399,57,368.90886379347296,134.57359209114992,92441.46800049163,389.5826696669451,9472.97709803362,1573.923399793326,35878.272531274815,563.6886610006293,BENIGN
8009,6,764035,40,91,20012,8749,1102,46,74.54617085609681,189.11066875349053,667,47,227.50080926398624,196.44795117070146,74545.57239392788,689.7218982382732,977.7790468915555,480.0050219718827,22545.555998744498,889.6325034837319,Bot
1520,6,326122,75,50,39461,30783,46,52,197.74649306050762,22.720473894795923,515,86,493.1317322763862,95.244495107847,39047.59438670201,266.9874316490313,946.8652238283614,4641.307602687955,42570.18800445764,110.0934997700711,BENIGN
4818,17,280952,61,55,34285,17325,149,38,208.72009453978853,173.62968745083776,1334,57,289.94691537464047,32.42837577797908,33709.892328910595,21.560645057303795,860.9529734495546,4358.289114009478,16647.00604360858,714.4597498760332,BENIGN
6565,6,668279,50,26,49113,18680,876,66,83.58516798048127,25.818132345661194,1294,56,316.2896821101431,20.668116290835712,52368.43104699008,214.788844972195,9764.78591474766,3956.824716748611,46365.3520672716,146.632206933175,BENIGN
6893,6,730365,67,31,28657,17323,689,65,461.7273098332729,126.5864357087978,575,86,184.0817569256437,53.85123651979629,87000.43697777033,185.74015163245974,7431.342024311043,3470.354819212825,27118.759691727897,60.925426768684844,BENIGN
5695,6,588258,62,8,34841,22684,1211,5,6.320743164596701,144.01563213560044,1472,38,367.26007892371655,113.8884038042487,877.8373671715599,35.015332172008954,2145.629189225625,2577.5494222529173,26789.03617537674,132.9045073713655,DDoS attacks-LOIC-HTTP
181,17,533671,58,95,34778,34493,146,20,447.43522889223215,32.17069962985717,111,27,247.44282055241752,189.36106021826578,71051.50196827351,321.994100610295,460.426665703733,4486.983930612251,33543.81111245893,950.9400907086178,BENIGN
4317,17,686033,33,83,30972,12213,199,72,442.4955151203653,126.53187518590794,238,63,9.033317547932073,59.83301661282934,29458.280421222316,475.0440149806257,9652.449847606422,3958.50756398525,17049.391980626075,440.4333846580391,Bot
2001,17,865239,75,91,48344,31831,351,73,161.8970085805108,10.492098582398812,1167,61,304.29079893782256,61.078234274320884,20847.664046814825,736.0928683535278,4255.464928555152,4080.054209122313,36219.235249647645,48.995696222835285,Infiltration
1015,17,424249,16,96,29593,42296,1038,35,353.6207135902414,58.65321714856604,1397,82,415.22979521468073,96.23593182243849,1223.6783017077191,326.33566416710426,5984.1555075614515,1547.7523649973323,16028.050880679655,583.6346482548337,Bot
6433,17,530162,82,67,1304,46930,981,2,130.14041109266617,184.23169878682333,1043,61,118.40088503022534,183.70846701983777,89660.09615634145,195.34572539208565,2792.683138747756,2117.2913670119915,19882.966109639696,199.71406613256448,BENIGN
8050,17,203227,94,45,15106,27713,1290,87,380.59291331569955,34.34623258037384,1312,93,110.5318775425923,83.81101011781784,91225.72451594399,231.38914948435178,7583.844862587035,3534.011320616293,33738.42480528491,6.83641025976689,BENIGN
4931,17,142155,48,97,36843,41621,671,85,282.754272184933,13.0539984900655,196,84,304.4430915596352,44.64587837218663,6151.129989965574,891.2859020825528,1968.8266565942706,1855.311516038769,18928.670574056057,758.3857944440095,BENIGN
3362,6,620856,10,66,46868,7187,252,77,153.61159985259087,88.73563993109188,381,87,408.98963821274697,32.62618299635427,52186.31415190554,205.5156860109514,7869.3324218217695,2469.873266377405,10006.706393176155,154.86307891986417,BENIGN
4571,6,882866,82,25,27338,32800,424,41,203.11620305063903,170.1236417054543,163,84,124.81016892178792,91.40307385449633,15265.92012277425,879.3614268489938,2306.7998303070117,3232.5648385256172,43596.353924187584,942.4864723598762,Infiltration
7649,17,804665,38,7,24408,32583,716,44,346.49492245800974,15.334476393657992,605,25,466.1313256215195,160.13548714602993,75871.16858928093,447.6518964923076,980.0243446157507,2188.792007921405,46108.54748588637,592.7998687865728,BENIGN
3818,6,932543,19,5,17716,47661,352,43,453.5182375736726,71.10707304608171,1272,50,463.6936783407745,58.270480944877924,66542.49326189702,934.4660319161779,4788.746722753505,3965.1980358144497,31340.285179874354,86.9958225406402,DDoS attacks-LOIC-HTTP
1295,6,525169,36,79,22350,14408,691,90,69.70962570080094,179.95496691186523,1091,49,100.26833595396667,102.50452784612858,29720.10998738488,408.68404416839394,8132.354852149612,581.3941944225747,40559.4270521807,217.82442867216278,Bot
1036,17,114686,59,23,18835,22369,1412,32,287.8251649862328,23.631109988890863,854,35,131.89220602840786,120.60165448450981,11704.858501226134,178.50525087201152,3849.2620999252304,3590.2825489100865,49332.7512151899,610.844637259844,Infiltration
7889,6,450016,63,47,17492,47928,662,59,130.59595373127314,62.13370118238932,1044,25,350.29940547408074,90.09408233157947,83123.75407411078,549.4808992821263,289.7076330421312,726.0503030563897,30742.58984347309,338.1127280484769,BENIGN
6459,6,289868,77,93,9328,3414,155,85,401.6792636883523,155.68412230714077,830,32,475.866554512213,38.33804827065788,67428.50540369225,588.1188962462187,5533.543813270339,4689.19827464263,45440.54423606818,532.143051049093,BENIGN
7912,6,531211,46,44,41266,19510,332,92,39.76746640539313,108.64219742776086,596,99,354.94134438815735,184.34913558697107,691.926300805253,635.8538139699964,6805.033417846352,1570.1884034747936,17969.144938520178,799.51204659637,BENIGN
6883,6,542877,3,12,44019,12120,131,82,346.0331161347291,166.4666281267166,1413,67,222.450024910269,113.0898470468968,62790.89937580117,412.08522175105765,7407.208758414732,3977.1618051973555,35026.61707000044,792.6015082375532,DDoS attacks-LOIC-HTTP
7936,6,171133,74,68,43195,34311,1285,82,91.59827677705975,22.31907860975968,535,72,84.50067321325156,145.8268767827771,81031.49980935763,49.55273945370069,4019.8476181385304,2607.0848905433804,2799.715260179349,697.9868039830627,BENIGN
357,17,512980,65,24,15584,33039,320,69,300.2107821095985,184.11083427594454,110,7,230.50492441981058,127.20860108758659,59080.89827705252,627.0932030265625,971.0992952925131,455.43533293937065,39450.688064951144,886.0543061299861,BENIGN
898,17,291362,91,19,48080,5295,610,82,418.66783066038255,186.98235890304176,948,65,303.3838959852772,199.60960434551473,42477.1205309052,933.0971241127048,5843.6800181994,2912.934271955498,41491.859205031076,199.36069157789626,BENIGN
1096,17,100517,8,81,14660,20460,484,76,378.7649277502314,31.062604029341266,862,92,165.47595947832517,91.2620268877312,58395.998670446075,957.6010698772245,3296.1493044965796,4560.888684412849,20064.760069334854,177.24148855101419,BENIGN
4907,6,81916,51,81,46128,14963,579,25,377.70672940340046,6.775092881350009,594,22,255.1289106000449,84.99447465981869,61975.00855416726,597.2884824931537,9468.927935266254,786.1720221895197,31951.361243707706,799.3495162534306,BENIGN
4013,17,677723,81,65,28940,11580,584,85,261.3334295325181,197.96827639111376,1021,69,65.10706416435296,72.02797321800125,64007.06204797366,20.867130936477388,5027.618368505216,1606.5347468041584,42919.47150859401,320.8893462278156,BENIGN
6380,6,275809,73,73,20181,22286,356,20,445.91906796561204,96.45031846048488,459,54,226.0940522562932,72.32569186805253,96704.83493989731,106.93244236796347,4723.188201942988,2195.793354788701,44181.57214380742,512.182413112448,Infiltration
4879,6,675814,6,44,34874,27328,829,99,296.112073129789,114.41508080708627,1101,42,45.387909464776996,55.15404214344735,17872.992277960246,834.1565352436734,3092.7861136512497,1375.2653167032686,5335.510900586882,743.9521487195457,BENIGN
6351,6,174123,89,46,11811,19093,391,1,459.17139443203746,123.18094673331525,433,99,24.544374974495298,196.1260250293094,62313.081800117434,829.9146932156888,3388.526267330096,4718.897373681805,41376.11244917954,395.9323592943478,DDoS attacks-LOIC-HTTP
399,6,877711,39,62,22382,21605,1313,46,275.5286166270467,157.93369255610054,1403,20,428.6199577996636,174.1564068603824,18807.45202977215,946.0695896630937,5128.03508601504,1887.5013240423277,13719.425162785752,130.16230019421337,BENIGN
512,17,548036,60,75,16569,45365,81,29,255.45295369490145,162.39759380918358,1463,21,102.54079207303745,63.33460099144324,21003.57245769869,564.2106484439463,3067.341288354633,3290.3102924283935,36368.071747923794,679.4572017872916,BENIGN
7228,17,444045,28,76,32344,44813,530,26,115.06474450910567,38.785044863954774,887,8,287.57766456396666,61.045808929967116,66929.09579189961,863.9524781739707,8923.156538799753,1119.5838218503295,16264.956033092842,817.1593868479574,Bot
5296,6,42071,97,54,39947,46371,1399,70,274.6693937449515,47.32734812670532,782,33,74.4913792049962,20.70679743701096,91596.24895634856,825.0620387561954,4390.740306358658,1098.5296874082412,2825.9202348225513,12.797283580869179,BENIGN
2082,17,18758,54,74,13298,42705,942,19,74.589491468204,175.36660578927442,1362,58,131.26378545464567,175.40617210189856,15912.834267453167,589.831385400893,2920.9288180462304,879.2466780196955,10501.436785456866,562.5521161977447,DDoS attacks-LOIC-HTTP
3904,6,21353,37,18,22408,47598,1127,49,435.496649623475,163.9035209501173,987,25,180.6697098847422,74.35321016532122,96246.92872030505,783.8539158136866,1554.7929405779523,2174.0613176336165,20439.50207359593,469.4050923975637,DDoS attacks-LOIC-HTTP
84,17,457482,9,34,10704,6722,1406,94,339.56648491060525,123.52387631079107,1447,0,71.83821817738512,114.52307842902556,31944.03887836274,126.58483396795896,6723.834912277281,2664.2910114502697,37064.01871685152,259.59600652729085,BENIGN
8044,17,179735,82,52,12201,40969,348,22,496.84954700400624,198.93983182496996,168,99,22.98114850555516,180.07554577618623,39137.49120524544,639.5635541232401,258.843645912555,53.740828757908865,5044.174329344756,161.0285671199282,BENIGN
8026,6,157562,56,25,18061,36912,1470,12,50.588226756308934,147.03678871026474,708,4,438.57990100900554,81.62012969484114,15376.545585644364,953.4975053808569,4500.507875912233,4164.617138065572,40648.57690375899,188.03731129111023,BENIGN
2588,17,350908,59,13,10747,38374,1369,80,124.13301117341699,43.167353626049774,964,40,5.916417939886065,161.37360868456835,61587.45222410652,162.79554094096835,5501.668081851872,2563.769462655494,49847.5850872009,724.9731842247111,DDoS attacks-LOIC-HTTP
5483,6,707038,85,44,25261,6766,673,3,439.19350911173893,169.32881286653566,1285,62,30.66049141753391,86.05712524975142,59646.08525745049,744.2986391182011,3398.506324192436,786.0496170821601,39414.99958252448,536.1951341436197,BENIGN
5268,17,210197,2,43,5157,49882,49,13,200.65077938561424,82.946527274028,726,21,402.53608041405124,140.18818780355053,44232.55161283389,321.46501154604124,7498.427655002783,336.4665625149438,23692.088636243785,981.1543813349457,Bot
2047,6,628238,61,87,19653,15928,1392,19,235.8199800410393,7.230532108257837,228,67,141.00416838652802,86.23688143843621,47614.37807453474,817.2868197941121,6756.92930788255,315.99648564664017,28412.328940188858,243.23079825215345,BENIGN
2715,6,950262,58,64,38977,21274,583,12,431.0226842568704,64.28425556233412,1184,47,361.41015055734863,78.55182691093852,62301.3578199312,697.5137227719619,9714.018476712046,1288.217434292645,317.9638100507013,956.9041767877467,BENIGN
1515,17,662312,60,50,33324,34416,1287,2,263.30249635022636,152.71024681187706,426,65,73.11287460895687,198.14184791238162,58353.818531086195,926.2480833490168,5088.159226097529,2496.460739854894,10471.599154391319,515.1095593383735,BENIGN
7250,17,520598,40,42,38009,20612,975,89,100.77054546011222,192.04124143729464,121,15,118.64087429835968,122.469968400715,37432.59553102467,712.2234842742014,5378.585833929201,4301.197680014992,44950.41669168767,146.02637764899762,BENIGN
5278,6,226158,36,85,40743,34898,590,89,446.55490712784155,55.22728326063877,148,79,286.38825829849674,73.47823632459584,88412.59738613367,410.90028436789873,2459.147352619028,4514.827134454517,1096.2528427319414,148.17904269929315,DDoS attacks-LOIC-HTTP
5638,17,658011,37,22,18477,47160,1431,81,20.375519929401577,49.30326488194301,851,52,494.31791924464176,51.56389541736357,66769.37570750432,11.881641955835464,3855.453423416475,4161.639599897019,45240.69969532012,608.5679904901577,BENIGN
6756,17,858479,79,55,34818,29047,179,95,448.2211524835044,112.72331711966001,704,85,36.722235079611586,7.953274045923275,20548.578996674874,793.1239798740573,269.5790509918814,1642.8173406036185,5671.497880327088,831.4227466318924,BENIGN
411,6,585389,92,18,1762,43356,710,77,30.00751220280567,162.33677993248935,110,64,200.2772989909161,141.3132680497454,31997.10032063768,409.05650168875013,6893.058611188298,1532.7887585304966,6662.375756642125,747.7115252535143,BENIGN
5814,6,180331,18,81,1859,37134,520,46,334.5954354770634,149.30513643218933,1244,78,21.540485002962406,74.4314856390524,78789.93138930833,670.9634607400249,3116.9163740357167,4937.291725774988,8775.742043737551,655.6273426355998,BENIGN
4534,17,122875,98,75,2652,1506,1293,2,40.48129293929066,111.99178051256331,63,63,99.61322132798745,164.25083275575295,10461.492848199745,105.96141476717035,5404.129729657313,3406.4031499372945,39971.27239451026,172.10806248823886,BENIGN
6452,6,969311,63,54,1610,15222,593,0,354.5754280527074,126.2779363228957,637,87,453.7355134192523,72.77369212446374,75025.69755244245,891.0776672617574,2550.66897171308,1524.759706287709,23914.546901365546,108.34000577093894,BENIGN
4494,6,557631,22,91,46729,12363,993,89,21.815804059810688,48.4197914652688,1377,67,48.23005189488483,74.66583848500605,35890.655690168074,436.22213960909863,6210.740967196247,1645.4007616240174,7268.379545199818,0.24802370847754052,BENIGN
5912,6,677260,11,91,20796,19613,468,23,422.01657521683984,86.51485300067012,1497,62,428.4279606878168,155.83620128135124,55173.58770038247,919.7720420748732,4476.37734704749,2173.222196553485,34343.222965069595,101.79386123393618,BENIGN
3581,17,862471,58,59,44575,44563,538,34,235.64225571034245,51.073125304059985,908,61,88.90161905504063,97.89333135053076,28063.006136112235,707.3104163606965,4819.124663210555,3109.0334891241873,47035.01143262561,766.3666074833841,DDoS attacks-LOIC-HTTP
2298,17,320072,57,58,20193,30628,350,13,51.25968677109457,176.88359496892753,12,81,430.892423268852,176.9789541202786,98645.79261632457,122.34079983595517,9426.128791013447,4489.895799858395,28626.84919763112,895.2484159890375,BENIGN
7181,6,261816,77,32,49780,42626,66,66,354.87562528002127,22.51090147310315,933,80,269.0109815678376,118.0271513409104,90584.970811309,579.6174167942916,7061.897070915477,991.5355984820462,4944.01328596972,240.3504588554185,BENIGN
6204,17,400555,4,18,1142,45384,227,12,247.19862796436243,135.94811157127415,1176,70,439.10333711342173,48.1289627028753,92845.69919605574,910.0245134938455,2619.7354562651394,422.0169884223129,2746.982802815214,794.8942404500859,BENIGN
3119,6,268954,86,27,38269,4136,628,46,99.51968514334423,52.05663943300469,238,44,75.85182232576021,113.6543708600067,18485.70404257189,800.1705893235479,5039.714255596513,2028.7606197711627,39795.65927018928,198.84876560798105,Bot
6298,17,414700,7,51,31086,46246,825,49,12.75782507491926,95.11548194369328,1213,51,381.018275653913,0.8003351869404041,84170.5926952169,418.56242716867376,4667.261517700731,1227.277413052883,31307.921782198006,249.2716833582015,BENIGN
220,6,938642,61,48,38573,11161,740,77,211.9091385641409,59.88255604932655,662,73,340.3492980402884,62.47947494374384,53544.35613139878,955.109332856653,7950.731016176759,2880.163367195517,46133.64038283882,224.15809439220268,Infiltration
5979,6,172018,54,36,26701,35457,473,84,47.38646921062511,64.64906341189433,1109,64,271.46669369648123,41.59046809956213,70788.84143536113,269.3076046207253,8333.71778584793,3496.0741857371077,27367.035050888917,51.7299090491713,BENIGN
4895,17,219155,88,25,43309,23574,256,25,51.614000632382414,52.078602722204394,1044,1,405.29367220548653,130.83757112058694,21758.231633377236,375.7325956149975,2835.144784594512,1553.6797685871495,3129.146208120238,194.06126810016477,BENIGN
7093,6,985425,68,98,10941,26902,739,2,137.32812643952505,150.55858423908774,693,48,324.13801221351986,27.207716699961004,71201.3447514618,749.9644591135116,8211.693387608457,3427.2564443099427,20190.305631432526,373.54334460730934,BENIGN
3124,17,300235,92,97,7643,2810,382,50,317.076857135,73.14317143580942,1342,21,438.5234623038748,58.01948935229462,91427.58178478389,233.67165265830056,1795.8345515047235,1715.7362742890332,32902.95452268498,405.4697153882901,DDoS attacks-LOIC-HTTP
7235,17,734517,79,98,37787,11663,426,39,267.3057512376698,145.27140354281653,1181,95,190.53107339278301,66.26171086467907,26755.4637710215,515.8590954895884,7627.942774822416,3174.8406983313103,19250.418693353782,309.46641389316244,BENIGN
4618,6,400287,1,39,34891,6152,1064,67,39.1487175880469,91.21398602080255,970,28,294.9615891369075,0.6586457727769668,23343.65155643516,729.0604009140502,2488.596653469806,3165.3040337369994,49979.57392304425,514.7252856438669,BENIGN
2474,6,422455,55,79,1054,12,377,35,484.37348156677257,109.44920842005746,963,34,435.30042128785584,9.35331365056673,10450.41070186304,644.3237983762057,2980.0136429755457,1390.7985171082187,20274.876897550515,377.9982324998235,BENIGN
3665,17,871977,3,37,46701,11162,568,50,444.1485007058226,108.65749514269747,75,80,107.40703205206731,62.22522559550454,26687.999464412987,156.21454420684728,8524.82593404975,3178.613758551018,27316.34396111303,970.3646461740854,BENIGN
5867,6,208239,78,76,35209,22322,117,0,133.31661613685333,195.17041586871775,328,75,242.87067830842713,44.47129063838244,53583.86825894309,630.0306558117068,4201.328575697914,1904.775478618279,11277.347710857735,807.3504543312648,BENIGN
824,6,80357,38,86,24373,7999,593,32,65.55759510125992,73.41249114219023,1439,23,480.37091086433446,23.38134772303111,83273.30198084167,573.1378182763021,9905.667682738105,1682.2747218033262,7615.388833066564,930.9773459429218,BENIGN
6262,6,478058,1,53,46704,7219,848,6,471.48941805471014,41.53681907951952,1226,93,236.8009007473422,30.83233127079159,27887.23826313737,558.2869802140734,1520.2783560445039,1446.4387353324632,32268.823872776913,557.4269462127031,BENIGN
2751,6,824243,38,21,1592,5328,427,51,233.26518005094644,182.35838807332044,1252,29,126.41472259777015,167.10739227601726,62118.227463040654,826.2211393507089,4634.027031358794,1728.226300671445,29434.75121831495,678.3396287213075,DDoS attacks-LOIC-HTTP
6011,6,6630,85,15,14384,3621,830,10,159.02764756186073,34.967857863114645,151,83,175.5381193716191,136.66391510254053,47964.274010312256,184.7121265024889,7324.770858758453,3933.7244603057397,226.89948174015004,166.67637510119437,BENIGN
2793,17,273360,29,27,1318,24256,1431,26,247.72722740676775,166.88456916886892,71,41,442.5420596867233,96.82350620032996,28865.018271370984,751.8144210564041,54.66521272709599,1225.894070862586,14246.22892453913,752.7857572371325,BENIGN
1590,17,590182,5,34,21311,44433,1305,13,387.508351550474,30.042979093385156,224,70,477.4415193837752,181.77495524738652,51040.80452865278,761.1650917173467,1519.4009266519806,3409.9370257315486,32182.542854915588,235.97111116527336,BENIGN
5076,6,917886,74,59,8803,11314,692,85,88.35072266001197,131.74486684548125,472,49,475.0538213430696,5.910558188323711,16804.56001562376,722.9227941412875,204.54713736039216,4503.1029249045005,40614.34479316516,145.83292773417622,Infiltration
7926,6,210645,92,44,1630,652,1149,79,384.910437587107,30.10816265290721,359,70,349.4711959842856,68.9869871887639,63961.36020925333,506.46234516528125,9928.785775962155,1752.1447051728105,15625.308965461816,41.85934873916142,DDoS attacks-LOIC-HTTP
6776,6,657358,21,45,29893,16182,265,45,375.9761600272634,184.61716384788588,539,59,254.80094441230622,164.67674350081177,11575.11549117323,396.1432089899997,7606.485999552284,147.56032247450202,32375.344100749804,472.23024960196534,DDoS attacks-LOIC-HTTP
5601,17,528523,71,71,37544,41580,1114,75,271.9773613962355,113.00165653056624,810,29,91.34446745367092,125.65779891706428,73100.74270907138,395.2824829128067,3736.217418368256,123.03014562495052,13270.243928240801,286.78925962935034,BENIGN
2710,6,924233,67,54,37970,36558,789,9,433.59193293104295,65.85476782801751,608,11,61.61050603523227,196.33748689839737,17779.490711766863,734.0749052282983,1563.6930620330606,697.5144417515216,34522.090932515515,986.7271726361886,BENIGN
3860,17,371716,47,85,39400,15659,1161,23,70.41097219408097,28.064554992718982,1069,48,29.883303820673113,188.90298465764187,99815.93374015401,498.3988058802885,904.7420447917033,550.2242154933278,34900.4204531365,249.83430201581302,BENIGN
1048,17,911679,84,84,6103,34413,847,60,299.7621082995082,74.23844722919878,0,94,8.857454754484628,33.988498214996746,82369.0227500936,339.09529050669596,5319.540098308568,3740.426249357166,6519.871041324308,866.5432803186541,DDoS attacks-LOIC-HTTP
7405,17,478436,83,25,49262,10435,924,17,227.4248109884017,141.00400697376233,677,81,439.058361052841,194.39739943913432,34390.591982933634,625.8442147209163,9758.93729067379,1474.2535845368632,33257.83830101047,316.4387691313277,BENIGN
522,6,775258,35,84,22269,28067,244,85,214.03459585373668,76.99017678570942,1268,45,404.5431579016722,189.1069571948145,42626.21518120834,837.1742492425137,6746.434835632982,3262.5488680034214,16685.02341220168,749.1268523124124,BENIGN
6930,17,613475,68,24,20665,22258,562,8,130.0177302784151,49.21882721908881,1242,42,283.9106902502354,74.72218901473649,25926.51020055777,62.44723242711348,3652.018544219036,212.2771786268185,8638.020630315443,659.8413100697053,BENIGN
4513,6,720491,69,64,33015,28287,190,16,189.2784301209045,115.48188965876345,290,1,499.361627268857,196.57605833779056,76713.78497238812,972.1648208136662,5009.008881401645,1478.7013803907128,25023.058026360974,561.7835546616823,BENIGN
890,17,819912,1,5,31639,3688,166,57,58.534624231714545,83.56437056742392,1481,96,476.52603610082053,7.168830464912146,38078.889726077825,97.55528764232241,9989.03477602658,1170.7311733864024,22620.311228596976,416.82494345410134,Infiltration
6958,6,916483,68,22,23620,7689,1487,12,129.54149003358847,33.16124720605846,203,74,327.5544853573532,132.15011098265964,75520.99912685537,512.2263825822154,5188.14352261562,1384.402551761814,38696.00180498923,671.105012844593,DDoS attacks-LOIC-HTTP
4508,17,279315,12,63,21612,1379,580,49,139.62272835015088,30.79759805549136,1225,97,232.28728352012672,53.229560852881754,1849.9714524712547,560.6493344937583,9642.050656277781,953.5888456689972,4234.930302969314,407.27835021685854,BENIGN
226,6,20174,60,86,20419,37011,866,5,361.73059439276904,141.49239804437096,565,79,76.0853580565648,25.892619319063925,13570.739740864528,139.07249465598682,164.60082645944217,3089.580105511599,39489.76590890073,548.1002343273198,BENIGN
5154,17,746184,27,42,11120,43005,1057,84,29.03246146838726,194.93437910325127,481,53,257.79690262717617,115.50698498876932,36503.78372690983,915.6781592646618,7209.910319213491,3313.364348283334,5313.05728184369,589.8017368359689,BENIGN
5997,6,592231,56,22,6083,27624,1433,50,327.3401925346761,46.61881417241127,510,34,78.87183644276364,61.27006163703888,10899.764254125326,471.99561021520145,6271.987330681953,742.3274524163015,10380.876813672305,267.35522003712396,BENIGN
7741,6,40001,23,95,35320,25964,957,35,114.59790534762898,154.629720166298,923,51,199.2256521230945,133.3650687622302,60116.787949701116,143.97739394593293,6853.613254714759,3705.729923073789,25798.947095300253,339.7364773053898,BENIGN
7055,6,273449,25,29,15292,22891,601,70,45.52144542856549,17.52134049009304,277,32,471.3240542163755,107.99621042288405,5092.701532426988,711.900790444923,5706.10032548527,1250.2273812931446,23164.098255121,18.050063557803142,Infiltration
1504,6,973265,21,76,10205,49098,143,99,153.8990497372899,76.31518381043634,1004,84,170.98949466781872,78.5178801817319,85977.70182898841,663.7409408973672,442.7235856403167,1414.612512497827,49443.06014695507,852.1589933947841,BENIGN
7878,17,911193,61,17,1547,38379,430,24,116.11407036715838,101.3376305616514,15,83,76.39363682173355,36.364432262979584,76133.18679561069,962.9027042116661,1496.489790982767,4144.041694218113,29477.790925989342,755.9831443006348,DDoS attacks-LOIC-HTTP
7762,17,792438,63,86,17148,12516,222,10,278.25602604072577,53.74938905795366,355,71,291.19830211810734,120.25003949443533,21633.485358002963,442.0748083630605,9222.590452081811,4505.82957635596,16378.505406393226,183.53045330292238,Bot
883,6,395907,52,78,44338,13886,909,43,181.9013197067414,105.91568330285008,355,50,301.18208706373605,165.84612589511033,48384.352693910485,268.5281771915946,2330.017158662799,4123.781567342116,45008.44193851384,362.0484500085587,Infiltration
2810,17,912108,88,96,46212,20307,491,13,483.16690249212144,176.52288553277089,829,25,96.90212123395791,120.00089370185624,45186.789710307945,60.93401228896682,9929.37975600009,738.8141017546457,15617.625689557359,421.0694830090285,BENIGN
7428,6,587375,25,20,40174,24843,357,28,481.95705169847105,188.8875924709987,598,96,98.29329379098012,122.10451115473715,72489.21288788437,733.3884035551891,6796.205255461775,4996.338175482599,13696.04400306262,334.37869200008805,BENIGN
583,6,980974,55,56,24217,46484,175,73,224.63905821451857,20.111390874609892,1101,61,494.7748956624135,102.36747282955365,40156.87495844615,617.6604115411919,4444.10054677172,3360.7770739118414,24723.64604199098,798.2428066060897,Infiltration
5136,17,342929,46,22,20629,5912,946,49,398.5682930268285,54.36918679684047,927,60,121.640536431106,77.64802346565833,3303.2004300062736,972.6382240658587,9200.568515503965,2553.34310770352,45659.60747580922,725.4207061154852,Bot
4211,6,372698,32,90,49702,21514,357,4,11.567927726133142,195.826783503545,1090,25,419.09601739179203,91.49160832670924,27380.848526395366,712.4528148238288,7950.066909984937,4774.207038767178,35428.62762038934,767.1587301411955,DDoS attacks-LOIC-HTTP
6039,6,367731,55,44,24855,21823,858,71,276.1667344387773,54.08368208044874,858,36,235.16191277298975,197.90835142401642,46624.91856565184,933.2283184582778,4290.221830769436,4086.901977132967,33877.38594121185,904.1300509343533,DDoS attacks-LOIC-HTTP
1777,17,578788,96,43,24320,28797,407,68,372.9330902919546,138.5414702286882,213,29,217.494619456364,149.93370042105803,97449.4766939023,991.5872159848009,686.8611297012932,3458.7151981436837,36306.60247928776,595.1512559003793,BENIGN
6648,6,156322,5,81,37909,6449,592,87,112.38689657663127,50.690738774072926,448,94,147.4812080818762,86.11189279599888,88117.05510876498,429.0027130884531,8683.177440770474,4191.986242410666,32985.43413268665,614.5343290280543,BENIGN
7594,6,31952,36,87,30572,1725,735,56,35.280018807142156,71.27311866420764,964,96,386.9128984461654,91.45927999090408,18148.800338779023,151.1447183559078,7650.634273652053,1927.3329163896308,37992.22001980062,721.9341196472327,BENIGN
6394,6,960474,49,46,28046,15870,1468,25,82.17987327369566,38.25579757937949,1456,10,440.3304392207774,99.92640154994845,72330.36128967219,196.65492612636044,7907.557638069857,3422.1922272010675,9646.173466239383,681.2325946506772,BENIGN
6912,6,513112,58,39,8707,9304,1254,5,223.71480315105924,171.26003873942904,1138,52,130.56373077954015,131.86283887576258,93683.17904674861,319.0568478892044,7448.842468522829,952.9000936488402,8871.141755212459,869.8130183989617,BENIGN
1698,17,839288,39,50,17523,7522,317,15,255.65385327434967,176.5297527639008,786,40,47.54833467455699,93.19164684310294,889.1733773955052,509.3868712992065,2758.2691392914508,4940.003176335511,18114.545556132278,770.1982058445448,BENIGN
3262,17,377601,80,41,43049,13663,1000,59,193.5381354438404,59.38250158308631,1443,4,68.45977644280494,137.23582368784867,72097.35791034589,123.29757939695982,8588.598350973705,2944.9085004670173,42549.479342003666,120.45861647880851,BENIGN
4656,17,643440,97,6,3155,4784,807,99,222.7870146859781,164.717964834126,498,65,396.40176738312203,65.83756132956957,45938.75622615962,302.41615398338047,23.323298887943402,4071.1862371765374,35725.56623268052,928.3586154477867,BENIGN
1079,6,56581,85,49,27828,9472,728,11,237.76630500659425,71.64833000739681,709,12,217.9134556598129,82.1279264042248,68026.81726634828,308.48605353553245,2373.5255075591426,2036.69940265517,28328.002408710032,683.0992903012025,BENIGN
6688,6,787815,61,47,30554,28952,475,74,385.87114749254266,19.80388457903166,379,62,65.95732920536146,172.81062494076943,60562.871464443306,5.081569309748091,466.5494286431327,3792.944096375904,982.1773995312104,127.14592582635376,DDoS attacks-LOIC-HTTP
5299,17,33791,9,83,13110,10055,108,2,57.09473954843793,151.61527945841468,1166,81,170.14410320981227,65.78113094030853,98466.7027906256,354.81457092672633,1106.853970232931,1936.9244973468026,11797.756173953969,771.9737357159327,Infiltration
8026,6,394441,6,90,20114,29508,1275,62,385.630481243901,119.28924977976894,739,89,257.1177414265265,192.88734663500034,28888.652475723804,117.03604788458675,5324.258996037537,2950.0254348029143,40177.66198806945,358.41252973920456,DDoS attacks-LOIC-HTTP
1742,6,198237,35,5,4077,12676,167,63,345.8705146360241,54.87648873415007,631,24,426.02584192250407,34.50098939697859,78616.43675710779,430.28166828272674,373.5246432204031,3890.6740784315607,12131.90978728009,805.9779120365032,BENIGN
3334,6,550558,39,90,36973,25192,619,61,372.1221006907775,50.59994810236941,1047,43,320.8716271125875,48.33596314143453,23471.642432422985,197.34020066634537,1814.6290959560952,582.3695664811929,36517.20695757546,955.405942990217,BENIGN
3177,6,532826,22,8,30738,24722,563,5,368.5618510082848,195.12467409646425,538,13,88.01640054000038,92.73595015098157,43566.44167524179,822.2921254535029,2328.1687337608864,1783.9292568482413,9239.8669038449,255.2420361089297,Bot
5935,17,806627,41,56,32327,7446,660,18,237.9429488218829,172.50020817861827,944,68,79.35135617916822,159.48174521107393,97538.33358800151,81.44482742104974,6553.732712567079,2724.6847448804847,30322.314234385936,857.4110460849092,BENIGN
2645,17,671614,5,30,31426,4725,929,17,109.64309135764552,161.95966587475294,1098,58,206.16710781666126,146.31509552566672,76615.96823845511,865.7947709867819,4688.73642395787,1669.9885304408463,31414.28622135808,773.5613701439386,BENIGN
2749,17,401320,42,20,42022,20061,236,79,270.63130762939295,25.603541728333123,752,55,37.59642385087819,34.89320352287795,31588.96741579307,580.9460889090736,4584.666818031527,1545.8361737782939,37600.79162206722,671.1849002004672,BENIGN
6720,6,796284,87,89,40059,47537,432,86,479.2011165365043,151.0374548496521,534,51,377.7885976419365,47.337005193567386,61940.734616364076,459.18202253515915,7684.557110021987,1408.3204479135609,21922.73662077304,384.92054456091364,BENIGN
1617,17,55526,81,39,2519,22671,1105,42,296.320212289715,42.908044240657304,672,65,200.72691015188605,115.0525978101675,4978.711429442471,550.1925745770162,4567.757399331277,1138.9591090468077,31637.40820728277,109.86209544445991,BENIGN
3080,17,240068,76,44,21410,1409,252,72,10.468336880324916,195.47778864164815,1064,67,171.51188639069514,59.03294905974059,26646.82771293076,376.7330200484916,3485.538940437545,4244.522812778153,24353.619738127047,483.8968279199269,BENIGN
2713,6,289063,87,76,48280,8205,539,2,34.556897913813366,10.41783759245154,567,11,254.55416619571793,84.46506489592069,71841.86505546542,128.48429308695313,9624.548004997723,4618.445647002962,47367.42888946166,105.66662977749053,BENIGN
4911,6,495484,80,48,6543,16365,1078,71,496.4673996337584,70.42769671204871,1436,74,354.47840188142385,97.31883509740578,57013.65602313661,766.1139359679962,83.92480106913213,3500.8472407816403,26098.817543655186,500.1472268783251,BENIGN
5167,17,878583,67,86,49843,256,380,37,40.61344782352298,85.72956815574304,414,67,284.67347224652605,118.84920107008092,46972.58856914746,927.9836785063192,3054.624607753763,149.99756382538365,10487.79817757811,820.2932707755697,DDoS attacks-LOIC-HTTP
5759,17,521221,30,19,14680,15704,661,67,27.792354222224787,164.8405823124509,448,42,401.20139086099357,50.21026488785307,69090.69724099616,950.1175554967448,6094.31777108085,3931.1659756450094,33397.94853144043,997.6381344009632,BENIGN
3647,17,155389,57,91,3942,29902,698,75,179.7470133325344,153.24456360080922,609,72,314.68128193505873,32.628028710991906,39851.9044930744,671.0407947165218,7828.309551292,2659.6992055768264,27427.88173713859,198.00871149310893,BENIGN
1383,17,261601,86,16,47373,35758,743,43,484.81201561832165,74.99842898931792,657,73,393.9851337041319,79.7126775588053,2625.3528917959866,410.9370790901506,8164.313134630884,3790.550439418031,40193.43656603513,207.85804234702243,BENIGN
7985,6,519265,73,27,45819,1195,101,94,162.74420109776852,113.11205869160817,435,90,348.39113678233747,16.405244971120013,44108.252085321576,478.88160231421995,461.6852454198696,2186.6918683141485,8853.810763686248,810.8833319190692,Infiltration
2001,17,219880,29,40,38338,34012,1055,88,207.89264478325896,167.11903272154606,704,5,96.56142013186825,105.35303421818244,90213.89793740324,657.3087312923263,7091.611423520321,206.40957444259922,13054.370737668502,469.0586322972099,BENIGN
5470,17,295238,37,65,36794,11415,181,79,318.86814529823994,3.6399184302105425,238,14,26.17722509289938,167.92103184699485,85662.94668012898,823.2494439918396,7202.816181074698,3408.72492938399,46082.23907881213,915.8045960318819,BENIGN
1683,6,670496,87,24,23733,39534,1225,62,16.93536046656692,160.43561990489442,1065,41,451.69840025169077,23.795131886543718,40905.62856909719,375.19257040549746,2141.580135141225,2220.642462643633,46502.00540118234,768.9962375812144,BENIGN
1549,17,732735,13,57,729,21686,1110,41,449.39297087199805,189.37920506840842,733,30,472.8280826910421,22.546106425905798,2231.9218616306644,916.8644435563301,1128.63750967245,4370.217477726233,22118.4157560798,736.4277647301923,DDoS attacks-LOIC-HTTP
2058,6,97856,32,40,84,11662,1314,63,262.1242936894439,6.412904296834232,799,85,363.4661483157361,16.043559773470427,63634.36418930537,324.9478827756823,7497.111890795326,3690.6896841071366,2397.0815941003098,101.95370865465681,Infiltration
7535,6,442732,46,5,26508,48978,1397,53,236.0713984720087,9.116197415636517,9,52,362.1029113479745,169.5722579523804,74122.03083400863,531.328915551877,2495.7505623665434,1797.8087388890467,15334.687880611726,35.87556517409007,BENIGN
5612,6,927191,23,74,31355,28743,188,77,431.05969779228207,68.90280111320402,746,5,135.07354024705475,16.140978985632604,29431.415172666646,961.400438235578,17.73636703268865,3620.409798919093,12363.661494519692,316.7628196598614,Bot
3322,17,95765,45,37,20551,32161,247,76,476.7729117322205,17.553912753534906,1288,32,271.2208544409164,196.69240707688053,47671.633321961235,938.2607165101846,2236.5024631650335,2476.042997247654,20739.695831226138,217.2983608489536,BENIGN
2257,17,656105,17,5,45939,43081,1168,70,214.5954896651832,95.85521605877764,1468,28,496.1198318523041,71.66625880922359,99185.76095681837,696.0493444382215,311.6490201543092,997.2197612977258,15896.852937740592,712.3088859285132,BENIGN
7412,6,162102,85,44,34927,2402,886,75,90.3583342501492,145.74213701795574,138,20,428.07179903500975,65.75243182849538,57638.53786803005,325.2356342805337,2492.6176802545915,2099.431597201109,41451.327269184185,450.7337241660504,Bot
5524,17,261791,66,74,26038,49648,911,36,408.7760886510261,113.37984700636355,730,53,152.19717627599832,18.32635041940984,35113.979817100044,219.81599815081952,3350.8608037358777,1112.8119725432296,161.7705960814473,523.146374628919,BENIGN
5516,17,606223,6,13,29555,13275,289,3,204.61390850513115,39.286381814548065,195,55,150.5229328489452,117.12824252768337,62752.612775246904,81.06321197821067,2714.730195219977,24.882599691885552,32235.146357039797,813.7414828718989,BENIGN
1326,6,122332,18,65,14043,28182,1052,1,468.0950420583242,130.96226000607155,1097,93,241.78864557402957,117.17644247055834,18010.43046333981,708.9457503346459,9199.450734725266,1233.9788679457297,33216.8685555506,478.5046817657094,Infiltration
4049,6,947694,94,39,31683,14915,749,98,475.19999699633655,136.97089583578318,1248,20,202.29933308389226,98.76116545802856,19933.244803725254,503.94724330803365,2326.096940905461,1047.6066295412518,33034.72249869925,544.9263208053992,BENIGN
6796,17,742949,22,2,30984,909,380,43,61.8403707020779,186.48919113700293,1125,99,185.57652314008732,62.20402944317676,92493.22222425455,572.715406250313,4675.880692958235,21.684543434507543,26034.52807892334,842.320266408022,BENIGN
2695,6,445458,33,98,23107,48574,1145,66,478.49421382976135,29.35937947540981,263,54,313.48595440305166,73.71617801308426,23927.612116521377,472.9197817518121,9574.318510846626,3919.626840501089,30559.09261475905,431.3358093075128,BENIGN
5088,17,243151,30,96,36985,372,879,67,187.29381109533486,138.46723298194468,944,57,5.74623481676878,64.1006787347476,31085.830027782256,483.46348713986947,8792.115714210851,384.92469085426086,40526.61063373914,83.12670791359899,BENIGN
5884,17,157647,81,23,27618,22620,1028,75,324.8949962403093,182.28544377062948,919,63,381.66981801663843,85.22928165610037,54382.286424555685,571.7023455857602,3093.2754868530806,2245.2953696944105,39211.996966632185,521.7052095929826,BENIGN
1302,17,412204,32,18,23535,34112,230,82,22.201290458352787,100.31283066412684,160,85,370.02649833789246,68.3576210962452,89970.26510155786,914.3477441698617,3265.57645927973,2089.4158784853244,1740.9226051487365,579.3616842328476,BENIGN
7546,17,568120,42,17,15053,8515,929,73,444.99771567149713,72.35993597261128,1256,45,415.1628402973506,135.10346397305,78147.07448300425,30.336933168579648,5933.700695691989,907.0405865277176,1531.5224215080702,511.796804312993,BENIGN
729,6,737083,78,63,41856,2431,313,61,322.59067802570814,34.14989884423165,490,83,420.7253366534067,59.157294469453944,4387.954227780792,801.8351427935892,9178.710644691544,4834.342532686905,41948.85119039686,258.04951721811744,Infiltration
5595,6,308549,10,87,11735,21054,1358,0,323.5594611434275,173.35737729795153,769,21,283.19984738023425,70.16764629889083,69306.03659314795,391.12574429770746,100.98795476257737,3018.6680246342917,28740.737079652838,223.69006825212801,BENIGN
5550,6,701497,36,34,36714,32624,1470,16,451.5771991888545,78.84927496811889,310,59,390.0369678116453,87.09197695782962,50411.10765357245,745.1793430157168,3931.804802059627,4067.5652286241793,47871.79249010692,369.7563719318415,BENIGN
4764,6,533734,34,61,42085,10585,447,15,256.63185157913483,184.97648865353847,226,10,246.1975627402596,0.7923668541800488,47560.528671818036,948.5778029151121,8497.905088135876,2480.702786174751,21585.263929854624,166.2287385036798,BENIGN
4433,17,787119,73,0,37393,48230,1203,8,208.2057369794625,169.55165962615524,272,46,475.7649182091502,98.4165148441784,69158.92109888606,306.9807065328088,4105.289313889372,3614.0595868645655,8845.323651573231,666.0236792738349,BENIGN
3768,17,12863,28,99,29493,31958,384,52,433.7337323846965,75.32797035943915,937,30,95.34926489371736,51.16396063858693,19631.24230144222,90.46508210705514,7200.828697324172,4848.89604155879,23667.01327026658,614.6749012796444,BENIGN
7412,6,190337,11,24,7275,1695,390,72,372.49815337634215,114.7828617892525,316,76,457.8085460369496,11.23009080490358,98149.05147953537,233.0661378786107,6919.557099219611,1742.0270690155075,21832.849954996538,632.3956156787837,BENIGN
8006,17,762941,78,44,22773,34675,995,58,474.742954157626,5.434807258784291,1109,17,129.26518063386155,182.20425975295896,64534.19996194218,222.87073828145006,2055.3816375940423,2521.319263549727,25863.69729811143,224.79749313994125,DDoS attacks-LOIC-HTTP
5373,17,856147,39,48,10126,49932,23,8,470.36033718871363,52.64428057342694,290,21,51.361686843426014,64.4837467773864,36571.9608994395,742.1075680427938,4496.495449165465,2572.684493460033,40399.28222150872,246.52901420388406,BENIGN
4799,17,429432,47,97,15743,33787,752,11,194.25145145731892,142.05456971384993,1492,55,219.55222370348372,85.21705273454086,60024.21878493542,62.79632354339225,5662.300941413907,4959.974081620693,32782.64355695944,787.3902591187501,BENIGN
683,6,645375,19,88,46670,44225,678,40,226.25821362000184,135.58218916925335,728,16,307.4586212080297,165.46863166764837,21654.921620329133,51.88264627587803,7154.913889505654,1165.4957319610653,9271.913616694746,690.1117725585153,BENIGN
2018,6,216923,15,15,25512,1403,509,14,131.71255212643536,70.6738919083502,1427,37,115.49493659997611,33.357794150743956,63387.84806684707,693.9149858893521,8224.073926119278,3376.537542935394,36726.518045189514,875.1798491675412,BENIGN
8014,6,91453,28,97,37430,17810,1424,65,332.020705123591,161.7216063818913,1450,24,277.8981205721489,170.0617619162682,2831.4319023723574,557.1629651911477,7599.572178483763,691.1483922784616,29598.891701788794,403.50571777679534,BENIGN
3465,17,221473,24,92,43251,8855,574,74,185.44827519399885,47.16721037997422,374,31,403.94667846725235,48.32758961547554,34124.77932172253,418.34977729836027,284.08636238491636,4635.36766027124,28919.75341957869,547.3278320977527,BENIGN
3763,6,357892,72,18,9257,38636,539,10,394.1198200707972,92.25410663045433,566,14,128.54248290186138,117.80757832306344,74754.21450578317,575.7930385700681,6706.707778175052,2951.909595008492,33916.0615529574,738.7777059304135,DDoS attacks-LOIC-HTTP
5747,6,549944,9,22,23850,10839,501,7,65.16762656180072,94.50612706218016,867,12,290.1611229571015,137.13567603323565,80799.70513292286,735.5126580626703,4973.657323092876,4297.0576351973505,28202.63327824002,974.1549690325566,Infiltration
1515,6,845574,47,82,21068,10,1418,54,62.61941132704422,68.16335377400343,754,57,169.65629809654016,181.00278917355507,25299.412137263665,104.36790133407253,5739.0434968000145,4476.207721697538,22881.111679541285,989.6318128456957,Infiltration
3324,6,542487,33,24,49703,39098,1229,95,106.20541380260147,190.93322022503344,251,89,264.88423376524014,121.5275989368264,53945.552033385844,553.7331295649616,3730.2891612460235,2785.549560520738,32022.610337876664,999.1754124782805,DDoS attacks-LOIC-HTTP
3783,6,371333,62,15,34939,47829,764,5,46.724633276519675,139.33680670302027,306,49,333.4595097874847,90.64636025000006,52854.00404001491,824.5924160813911,7140.548119654467,3410.0363561909917,36189.11620683325,890.5264830648064,BENIGN
5252,6,176268,97,53,18645,9230,309,52,311.91564580072617,107.83986706546031,1453,10,175.2112859080462,114.45387046835549,42151.39007721428,363.06674140773407,6739.211232679213,3493.6032001445524,11296.089472131218,639.650819137078,BENIGN
1873,17,727446,19,72,25638,40232,824,19,77.93961917828562,102.10301867772971,674,12,497.241441226067,40.416492548040786,22851.013945470324,763.2549696350164,5795.285328082198,2302.4041175437937,24857.524212963246,6.970950789452757,BENIGN
5636,17,668690,67,0,31372,47514,556,38,84.18164414648885,31.85921849421931,867,96,281.88759921482045,137.81486682997013,70325.791040545,845.5754183073626,8616.193720360558,2174.1912365133244,22914.041438623528,699.5437632777562,BENIGN
6605,6,422325,74,41,20963,35771,736,98,12.042970745937165,74.43737941361965,263,49,412.23077954646936,37.37614241011104,25243.64455773451,821.1082626283138,1019.8983488915025,930.9410948907143,2004.7644978583016,238.5995161369412,Infiltration
4679,6,202141,40,18,19138,29256,740,71,392.13455723868685,134.5546629458215,67,37,362.5676114553956,111.44952241565139,91103.46345829,650.7060455838754,3010.931735926916,1919.572802506046,41723.588434636054,57.16714731024375,BENIGN
1311,17,33966,47,96,47366,25651,837,33,407.0865474346231,184.91404393734675,1130,0,426.4026568514738,129.5207322720978,52854.84409893908,717.6271738780622,4951.809021613076,4953.784702727774,18875.327376681835,697.1844289451361,DDoS attacks-LOIC-HTTP
3601,17,105500,65,33,12071,32383,611,56,85.20109610039765,163.2928118783677,1423,38,86.90047726928395,179.71663608155092,87049.12894768908,787.8875055340661,9586.089508184055,1349.3078855924296,3643.7347677284274,756.0109271761934,Infiltration
7994,6,870778,29,79,6051,39963,1341,18,371.0645949622761,60.077960791994236,1222,26,111.27685486383548,90.0379651955229,29081.364653208355,733.9756001881344,720.5618994319102,3812.204543380519,22900.375862853303,659.4331201677496,Bot
3477,6,339219,50,54,12683,13662,1285,70,219.604835962893,86.79132513798666,1215,35,243.7055889451451,155.0666453178425,80709.84483431061,452.2284821242921,3371.4378223583863,296.7373502831938,8082.42549651895,365.1697838162563,DDoS attacks-LOIC-HTTP
7574,6,435171,98,17,21069,13739,1041,30,123.59946706786872,16.583504142558915,513,31,426.16433824272116,33.5060976608553,11375.221854150252,159.96182192908358,9258.979646705773,2337.3439870382913,35223.676587586895,511.0041240791233,BENIGN
7300,6,343801,13,33,34338,48356,777,81,312.5853809965453,20.434464607116155,768,40,98.80329069542937,31.239295746765006,76685.36589731927,310.4208692856417,8979.577726924183,292.05065958572806,28592.8610426309,934.9476269957474,BENIGN
1656,17,137588,1,88,44732,1789,884,39,93.34961680180697,94.04607739974303,441,14,485.53291605364916,104.95960274398604,38700.71553403097,208.03931567981613,8652.590461505315,2378.9996690394914,13512.98921082698,729.6109659769422,BENIGN
3716,6,596904,34,44,17558,19420,1241,13,379.65738578825255,106.04388136342003,0,30,63.80115415757071,119.26815302202061,47004.3089809705,362.0827101706772,3084.596169557838,137.7623040468845,47524.18821895719,504.6842334993359,DDoS attacks-LOIC-HTTP
3019,6,187087,93,5,15088,23761,946,99,28.56953764742309,52.80541913938279,357,5,87.538972590254,126.46820814658165,16689.063952754685,489.8417491022458,8468.510961730304,3066.4738574195244,14594.349959296482,593.4491519510722,BENIGN
3172,6,411374,48,20,5429,40366,140,80,479.7698117993176,128.55653783718824,1138,88,83.61689168303771,149.13480840475566,1872.58257555399,959.0876250625117,5053.888779547291,2932.5454998944024,27754.295379776268,927.6835983463563,BENIGN
718,6,994241,77,69,35500,37606,617,36,40.57825058576911,140.67613711602755,902,51,293.0029765173098,58.986297552241986,66623.08733789687,959.5033321942734,6198.168661579582,3989.2161131517773,40080.37553630955,393.7825222696775,BENIGN
2180,17,434034,48,95,10560,38640,35,43,291.8269675281014,59.82322632239154,1220,81,458.770540798318,124.5215443704911,58775.95115720782,769.8189323959398,2389.01022970323,2916.4310110067354,25699.475974744855,101.84371548609028,BENIGN
4117,17,294846,49,47,49632,44135,1487,8,451.58617361057736,151.68494514150836,273,21,127.55569358321917,37.627824161264535,62246.590925445045,980.1601480749771,7067.032215302092,4629.995811755366,48043.1752320065,325.8262417030714,BENIGN
4757,17,467974,64,38,30347,37067,644,57,10.892712079685921,41.120983807826676,855,30,276.51842672928075,43.79954181091246,25507.62578511171,998.0178000086346,3277.643345452137,3915.5230703717807,42194.289803305925,415.20021473628645,Infiltration
6383,6,471428,61,30,1478,17357,1219,19,251.76465818958323,108.85027545511477,1017,99,87.88625502373037,13.461777674776254,23935.353513681774,885.3714910508447,3439.460380780394,663.2826016114468,46051.74050990479,272.9638698604883,BENIGN
5705,6,189239,29,9,24319,39851,493,91,178.25344733378654,160.85621871243464,1183,72,315.5684481038993,149.40011722774608,83031.32816381207,80.4240796229319,6368.5349437596615,1327.3659415304546,18641.402161884405,528.9724052500503,BENIGN
874,17,158688,39,29,818,38262,689,49,292.264434177665,107.40181713651107,172,45,61.62316808975588,101.3985940771168,76127.66273179738,426.61805936079764,2399.0793898185348,131.15298884396776,27422.287316388818,304.85787514607733,BENIGN
5875,6,653683,88,17,24757,11317,1084,19,116.60140643514106,181.59254370421013,1481,66,245.65538375634893,47.6371411199124,33685.64368297765,534.5858610443167,2245.1627937349203,1930.6700078640365,42009.9131117151,103.17958538238258,BENIGN
7412,6,612357,26,59,6729,21534,14,35,37.125112529703756,11.700246574927164,584,96,327.59090683843374,111.24754514005808,63784.19354040828,124.95850303003179,3692.260263018179,2547.6812688472514,45175.96671479427,188.06851360605071,BENIGN
6548,17,656549,17,87,16373,25734,598,26,314.8368532401099,117.66276909829436,1456,90,289.5639583777551,70.8480397267575,82816.7189168397,808.821996615882,7780.858186967276,4729.7312439103325,47218.73526264638,918.1560834231392,BENIGN
3494,17,954950,71,72,28728,35897,1193,71,211.34037354923422,112.35109050887802,928,42,70.00024135037125,167.44198205785366,88884.0559273727,149.53473153383212,2247.5958085824295,2611.337161409092,43958.808144054994,629.5956291008603,BENIGN
5777,17,205835,13,94,28811,32872,217,31,313.1303416595837,132.07066570853695,480,0,80.68668575741466,105.6295761590728,590.5680283151709,383.94544661759096,7873.396587145977,3905.1402097147347,36540.43765472096,314.3087127630504,BENIGN
5269,17,665947,69,14,43369,40201,266,0,109.21687768473224,166.68136773606153,454,43,335.69550241249414,5.9621445707652265,81348.10468954108,69.84326774795346,6956.357166370335,1340.1200629645061,1220.498128541181,366.9179125004399,Bot
5192,6,262399,26,3,37851,7689,1238,16,172.67692516197351,145.170616867679,195,56,404.4546480448881,197.0190572679478,35045.72950135011,525.0684948706843,6791.119724821025,765.7921862941586,15754.5229392784,493.3831714090251,Infiltration
1727,6,124050,49,62,8022,3567,20,8,283.0322877354821,158.05654707456836,795,8,454.03720126479544,14.859707647186848,71840.6446947699,597.4444053878493,4748.081981460392,4054.181269131264,6455.524881822588,673.1300335627051,BENIGN
2797,17,329738,67,39,18039,20732,958,83,298.59082527074,57.763345143524305,598,4,406.80575767305845,139.19163778001396,37146.422446353965,735.4416733105189,7459.132445760152,1237.1257268729569,7746.382480994013,582.17988984377,BENIGN
5811,6,600617,7,8,46670,20774,17,44,189.29582984826126,77.49947571379292,1332,78,486.9619394435973,87.45116784052207,60628.84618853355,340.12202719427006,136.18168151868636,4356.6755883555315,14552.450297270772,932.6981245629414,BENIGN
1753,17,104748,58,8,41027,23195,1442,95,143.62633678019543,125.35539480924606,555,8,204.1259020825677,49.86356130401926,64681.7761762018,590.9409681035778,3056.7669743960537,849.2493784598154,3746.2754548557446,625.7488265723094,BENIGN
5555,17,38647,49,25,47925,37412,945,65,140.48181159685495,110.69229438498705,847,44,165.58287711101715,135.2916468925806,40505.22716391345,734.4131923208114,6791.695500774321,4257.932705075535,12159.160298087536,910.7919796049415,BENIGN
6410,6,553183,53,3,777,47734,41,31,91.47617895334473,192.2207749941073,438,91,14.092026172558448,25.179470740997402,51283.40526046311,762.273113761114,9872.966947228562,3864.2379003722504,47849.37203859165,5.430159164565351,BENIGN
4951,17,186468,65,80,3905,44098,549,44,166.07545635314565,37.36689998688387,649,76,224.94792799404672,171.64933969129834,72634.07405819764,302.3402046035871,26.14089650167523,3056.103365703019,15604.059493623907,890.5594719219464,Infiltration
3530,6,545835,62,15,42978,22257,1014,8,103.72296682154388,70.25567449022833,358,23,325.68577620661625,50.12239718262643,47635.76381679926,68.63622624794691,5100.212678072045,4251.103389113081,7994.056365501938,721.4585879660443,BENIGN
222,6,692058,17,14,40107,4394,396,29,318.7386260838227,114.55104665697095,1059,73,407.7043206612378,72.29073167679346,1407.9087036658066,38.5818580740027,9238.440453941206,1653.5505894123075,35917.826019186185,172.193454112086,Infiltration
3275,6,959418,43,98,15342,36302,1261,83,286.6881641298344,173.5927539872304,1057,41,133.72769138718516,126.52872726083926,1300.290657781602,768.2922244078911,8635.530308781921,830.1707283269388,41426.972451111964,263.0380192450511,BENIGN
4238,6,746211,25,51,14631,22228,649,37,194.38146771710544,185.86970493819834,1111,21,256.7956381846452,0.2058631130733346,66134.47189643886,386.05347826406455,232.33881134945972,785.2033755222782,15708.752101328211,542.8099991638815,BENIGN
4516,17,256290,3,68,11344,12388,216,59,166.28585986901027,67.20726616551971,657,59,331.0047823070233,94.5497228777734,84725.28137018524,134.8087201405482,5296.051715379501,1351.7945690785205,13932.080555812761,124.93815535054287,BENIGN
786,6,206502,79,4,18184,11319,1351,0,122.61902909634804,13.421692305270327,15,85,275.80143299204695,178.84978430033428,78529.5010160245,185.30444658575095,43.86672706791865,2231.135660900264,12095.559799772625,785.3682691120457,Bot
4409,17,252519,29,19,33663,6475,566,4,270.0518629348739,84.32393958443703,744,36,137.01035870120387,136.08312825472726,31046.926190297017,766.3843243283203,7895.959907375523,4380.1143254061335,19669.129340928004,791.1738662224267,BENIGN
2347,17,754205,32,78,40512,31555,357,62,459.8568683511157,78.86882864670142,420,38,398.14121914753116,77.58007298772691,47118.07722084548,599.3030986900742,3089.439546051369,447.67826078868256,4370.7155743662015,300.9489886550817,DDoS attacks-LOIC-HTTP
8024,17,874492,26,17,36684,18158,802,98,344.4230104375239,197.2974135859379,552,83,86.68050623596685,132.0848856288704,23423.732402765683,501.9017629974073,7656.141028490971,4576.210222173747,33459.77003554475,69.81700497279597,BENIGN
2951,17,849810,16,1,37270,14728,243,35,373.48528344760587,86.21224885815788,766,73,452.489916893182,187.31388498066792,98915.0995675606,623.3845780389081,9447.988623694015,4627.473551700431,41113.09399957038,988.8474592335746,BENIGN
7797,6,579465,25,92,42508,44774,1077,64,418.01704250992185,61.14459986064589,792,73,476.29837452740566,37.56106336719667,26058.03986153059,138.36205460326667,9760.874456497328,3636.1819533464673,33187.47716416351,250.72887924432484,BENIGN
217,6,112882,54,12,2083,29545,1015,77,179.05931180223513,73.0754749069868,1149,89,182.78663103763105,106.36160176773346,41631.996669008164,319.7232006672469,8941.217697600516,4501.418068129733,21065.772497753493,67.55865131734507,BENIGN
7145,17,627320,28,3,49474,31100,746,72,36.123512146671374,79.38525612476278,1031,88,188.0908952429759,46.94751624261906,68116.08384291707,374.68945386768706,2042.2303882964868,3849.933150889811,14455.22274473852,329.96495938355577,BENIGN
1950,17,989510,73,41,6279,16150,951,93,313.1666076442139,164.3080764393232,1495,52,371.63912945859704,170.8449278341409,87603.00678838108,315.183271610409,1946.807099110041,2641.504825778768,20478.213763933567,969.0032621742931,BENIGN
3602,6,927132,56,73,17204,33214,1175,23,98.39278415787615,16.202978566252835,1491,27,228.14429927600034,144.21005032031263,5157.0536498729825,864.5518958228013,6258.178548429391,3003.7511311297217,21197.635869513568,792.927612751995,BENIGN
6915,17,443416,65,60,26821,32876,185,3,286.6766067478548,63.30140977500533,879,76,14.305071799617597,160.21518404989877,30108.95740595187,581.8397235079647,5440.99276879751,3141.1223823879136,33304.38121534063,480.3330798101434,BENIGN
6307,6,372113,93,94,6851,3239,458,77,371.05756541274707,193.2636983814199,851,14,459.9383638376205,188.6023704986332,56902.8949379664,729.5920860764097,96.33654340568714,634.4664049155546,46403.737178971736,305.33042172568025,DDoS attacks-LOIC-HTTP
628,17,925783,86,7,43733,38699,601,88,392.90095956317913,30.620500959759987,509,59,215.3751709828814,46.46175527643632,61835.125006804585,237.46938378582084,3917.8817841621403,965.2706875875522,3538.618607502465,423.3060985474687,BENIGN
3292,6,311025,80,66,34810,36821,91,67,154.41036452252015,148.520264306518,1425,59,101.74755027015564,9.74383430314958,7012.043575601083,264.8099632584547,9067.003364166236,2616.843619350804,47668.146108252266,17.36560823064215,BENIGN
1167,17,186439,41,62,9709,30615,144,24,258.654450121811,71.27870023965808,1199,5,277.83203657439304,58.18074403378528,66411.23299682891,226.11064709506815,8983.6918301797,576.141563854709,45510.9621652661,718.3704814413359,DDoS attacks-LOIC-HTTP
4302,17,475695,51,8,45515,13746,865,73,312.3777226572102,116.35710523890508,965,51,109.45308129565828,79.82786172565403,52811.155917201344,688.291598067912,2039.8649340762524,4824.896480230555,5895.437694141013,99.64427155184319,BENIGN
3417,6,417268,71,93,10772,20921,1210,98,410.64295724180784,19.90960770177641,913,11,103.01099984080392,125.03196133457328,82764.46166242084,349.69195469482787,3820.2487285034504,2535.636392572108,9187.41570395584,519.0375768743072,BENIGN
2531,17,840330,78,10,39907,22745,1416,6,381.887389226949,61.28233347078931,1390,18,272.86566369531636,159.5409124951421,22226.695729067986,405.6790482717589,5604.099743949831,1900.430724065298,15586.664116331674,565.8450528625697,Bot
7536,17,98796,29,98,41566,1245,1276,12,494.0477838837983,100.17298833217765,17,95,195.52114609473452,69.96065760937657,19510.74823233739,709.4124862310222,8527.989866657152,787.7001879577961,27987.705387849943,1.6897743022938894,BENIGN
1814,6,503750,83,41,2157,46607,1174,67,9.001914882355386,46.34013163517168,55,74,286.49663912661117,94.69939734738581,79335.7888205763,971.8269031813223,5320.412397974242,2082.6694873759316,6732.465041969877,979.8786259774314,Bot
679,17,51039,19,12,33393,24853,1490,42,221.55727322725085,108.37398861063043,918,96,498.4127184056202,157.0934531972384,70389.87420267223,162.71343841958466,9682.029924817885,1512.1309349627443,10024.74431406163,302.1390376888866,BENIGN
2831,6,816048,66,35,33725,27632,449,56,131.7420207561833,43.95186281254326,1058,1,429.50907718538417,45.06574526575506,79169.41932416169,63.61359196656863,7990.722327740892,439.6358560101732,45134.73794404456,77.22425099211583,BENIGN
7118,6,711986,41,12,38455,12856,1089,35,64.34722663671234,130.02011053011077,901,54,3.8353996448943772,43.42638558768637,78195.59476139766,195.65108603549345,9530.965637913241,4835.026476190107,5473.93853223858,854.3885582594902,BENIGN
6071,17,141621,45,11,40644,5105,706,13,456.2000874427564,180.87086805006285,629,14,25.277854768694873,117.84659796600674,10409.027576287765,735.2257242783149,7315.190691545056,1324.8904802447337,19949.92447431558,151.95260405134525,BENIGN
6566,17,574678,15,36,2023,35690,428,81,498.9912227173647,17.097727470314283,793,63,305.0397200656223,87.21136610357341,27865.518899442093,195.4326637579673,8776.363769485937,3452.351210667621,38152.45886515885,24.955136224488527,BENIGN
1389,17,913220,3,73,20091,2513,97,71,94.3951229128382,43.32320715521727,346,99,313.128040566149,189.77936060708703,26015.91276228327,584.7680502222614,8310.206919986116,456.6125091121137,44430.270013368,494.69067959289725,BENIGN
2006,17,873193,11,72,16884,2801,665,95,24.02452943667498,168.88460545206598,1055,68,439.0954220379967,71.4061085969156,93459.3822688698,590.7262199624831,2539.1309789295387,4565.845046633863,16808.767704208425,129.91698579757337,BENIGN
5650,17,335198,53,51,37765,32345,1041,26,141.15195160184768,126.3106970883915,907,14,314.5285872609129,151.9111207013666,48751.78273929405,295.128677196784,2296.134698119233,2953.757257802885,8230.230892824733,982.4230663538808,BENIGN
166,17,809278,46,70,8743,13895,224,36,418.25664944286586,15.741783428513045,1023,42,113.85726925787115,116.61854869280714,11114.602698674738,69.65755359675208,8643.969871141859,3284.3600018830602,36853.21283818712,10.410986612515828,BENIGN
3239,17,592378,30,1,9489,39749,561,86,150.4755911836618,97.27002302189906,1156,73,234.25811385182544,10.915218389935255,28964.894813942574,399.8013169341531,847.692697465709,3908.921803344342,38630.1623560721,51.19734418863197,BENIGN
2931,6,583198,57,55,9835,8221,512,70,33.16623284632267,41.951703002267,575,16,404.49270033559424,16.877109601889686,87191.44583516198,187.59863683427906,4086.227483392619,3029.576643325418,49001.87186858661,833.2839663989689,BENIGN
1754,17,642750,18,59,21314,6038,708,75,30.9836310567498,39.81927881401395,198,97,461.41248229918574,40.631297637998046,84708.16715274968,185.28873705625756,8206.757045085305,354.53729206627816,6985.6971536557785,239.75169603802593,BENIGN
1863,6,476613,51,22,35704,32031,254,24,216.57428717287104,188.12906867210475,1279,23,118.45755948335457,28.630524569805193,90034.94494921934,523.0662821577122,8132.580079079895,2147.912118160763,35473.94992464086,911.5967533839442,BENIGN
508,17,146395,48,39,40060,15082,318,66,466.25373291550176,152.3083096152218,1365,73,269.8023675066629,65.87429792888852,38858.99198597463,673.4480169596558,1388.689323992015,1310.1504666557234,20870.453961355415,311.13705347495977,BENIGN
2996,17,465553,66,63,15645,14648,240,89,146.5306186116178,139.24611870482875,1254,29,79.46377508520136,115.79778319973803,64137.682739384756,76.33963721426147,4877.610298771237,2433.585103405919,45732.32558399704,69.78265136040574,BENIGN
1979,6,658057,96,84,48625,364,1416,3,216.44305194701667,47.78576341557172,300,66,248.4998494637846,120.47250860147724,27824.610248333614,578.7430772438584,4798.844194848583,2021.6258084086903,20397.465907825954,10.591799041535621,BENIGN
5779,17,721137,8,22,20770,34568,164,99,55.45723366439123,23.714686608190092,1016,50,45.05706037475055,117.55355703254797,18090.724861925864,246.95544180501227,3237.8908029397453,4132.665586494238,22303.55917437768,282.5672770571759,BENIGN
6714,17,264903,22,28,9500,14110,1208,78,249.31853266814562,174.16652425707002,25,59,470.8640349752371,23.521726926630816,2199.8885818775284,673.624762958663,9171.894269498302,1235.2377610488547,6348.561943354841,473.73057549589925,BENIGN
2405,6,86616,6,77,21262,5958,857,95,349.7907968214235,1.175913868490186,1497,2,319.02822914130775,120.04508217209921,22351.860559438053,810.4056203661644,6531.523002445312,1006.5052963897419,16053.629886693085,1.016110926069902,BENIGN
2939,17,74667,76,89,39764,9096,124,92,139.2194287827237,77.61928474020392,1410,4,427.1083708568386,81.949377371477,60441.36994785837,807.2066220302179,9801.89471095386,4790.431477252874,20048.01511491029,581.1072025438942,BENIGN
4756,17,801569,57,50,6872,7436,1423,73,151.87209772169896,55.52250059226671,1308,27,499.14758709095315,180.6105330505454,90421.9892575432,370.49149688249355,668.5953420567614,4747.583069445897,885.2626313487681,333.6615586747318,BENIGN
1822,17,126598,36,68,44937,21177,320,84,421.77763757610427,114.07524006976473,449,77,91.33299735268913,182.3968392215389,13350.721116012022,567.7024042036668,3944.107378936407,4967.324824588005,21884.347677457023,390.1535293624114,DDoS attacks-LOIC-HTTP
6636,6,702198,79,94,4433,26754,1002,15,10.130042561852656,50.101687177166944,319,10,347.0717074798243,153.63476533676788,91801.97598093454,793.9014886535429,8351.540483426008,2841.9028977316857,16822.56437785264,261.4109481981066,BENIGN
6085,17,464994,92,88,10460,24544,309,18,320.053000732298,62.24107186566159,155,71,443.4931467534291,140.62143021984483,34545.06963482342,61.74945121899671,4227.43400645238,565.7198029449928,40193.94839266659,529.0452054410628,BENIGN
6314,17,536497,57,30,40937,12638,1051,28,199.9728942961004,170.0079709986387,470,71,287.969083705895,22.990543463494607,42688.57247735593,606.0187118361897,2619.5183924061985,4400.838703685986,5364.559546155188,230.12262196814382,BENIGN
5554,17,284254,49,49,34851,179,793,50,152.69835421292714,120.63776468090374,419,75,319.8481891832805,16.938842317339443,36504.20426146999,836.6854618406212,9978.077635626754,725.5749212882029,38012.95423487533,134.8220861564705,Infiltration
4081,17,795319,45,19,22564,3873,21,17,330.5089469607192,29.136505465873675,1136,14,203.8355447585687,168.16673818281717,40866.72791057119,372.9846409036249,8731.375772133437,777.9716301457806,35703.43704840394,890.6470820480449,DDoS attacks-LOIC-HTTP
3389,6,763860,82,54,49863,17570,1437,57,418.1609182859041,145.29430869916632,650,82,337.380416858257,85.40316329149103,25926.722987274647,455.9527058673055,5465.1901393331855,966.9878374304398,12096.698565877465,390.5549830305525,BENIGN
5750,6,139644,66,80,31836,48223,241,43,281.40409758269345,41.49184029597568,1445,47,197.7889573480619,90.27245504018921,69863.48178436075,699.0293404907906,5617.530653229828,3267.094176965464,4172.750700406437,76.93035022099181,BENIGN
282,17,246283,77,1,42889,17157,964,15,20.391837861812725,86.60098602249602,885,45,238.3098190757242,169.55861800260607,75820.729195914,68.81682715383307,69.62274291594467,535.9952661366124,42093.25395332725,230.32275456633144,BENIGN
5903,17,678843,45,24,6835,45565,739,64,233.39358945866016,129.32144736785867,929,27,51.45587131141244,124.28619181215765,82313.05795631796,386.2503244602049,9809.964814250236,3891.40814505883,12479.007836818222,309.94294820081683,DDoS attacks-LOIC-HTTP
6307,6,323953,79,12,43430,4460,1311,1,234.06617074251668,54.385907491497456,834,6,3.9042000901908236,35.88144818042114,34135.54544016311,296.4150594536251,8063.145323913009,291.2579797902709,7286.550384157842,769.6463093485407,BENIGN
6509,6,463101,20,91,12464,48084,1386,55,274.1802549282809,76.82136293515845,875,70,27.575562069473424,42.2026457974721,76465.0428338692,17.977255337543674,368.25686608674397,552.2328033591007,17958.239729640474,22.255494529349164,BENIGN
643,17,768713,64,69,24261,352,1027,78,337.1246560165584,146.82991946083018,941,93,96.26082046880086,1.2754338069669524,63771.15899410674,196.7766885720268,1764.1255913994055,2172.4357083326427,20050.13235471601,478.2494884781143,Infiltration
1036,6,34618,93,66,20658,21586,1008,27,14.56260974949852,187.58219068486866,993,81,228.3019097975327,142.13401878831294,95792.02952317087,396.48768202326045,8210.49127174395,1895.8575097495034,16311.138109206602,407.6924853567179,BENIGN
3663,17,54009,93,57,40746,5344,312,64,253.49624907787648,105.84901139189459,1308,87,10.497035425726942,97.12233169889701,42484.268818187775,198.23127969217035,869.568617171335,4948.54134198717,48824.29081422249,968.4004016349244,BENIGN
4996,6,804883,67,98,24540,4507,550,4,296.2123458433924,1.9941943113245486,571,5,77.96831957711625,189.99278256740635,99231.04969105663,602.795919876362,9417.915489368163,4834.319783593516,44042.22525812455,180.0750122966115,Bot
2069,6,725084,83,81,12526,37598,479,21,174.95992627594572,67.6927502483661,53,57,390.7223019422193,142.8025602496536,74041.99906048707,449.20395472897263,9998.9107304441,948.4090367781279,43650.04506798984,627.8707461637189,Bot
7060,6,970934,3,74,47068,43988,822,99,335.84078716226435,79.7268669691069,604,67,381.0832791310235,20.63053215331334,77630.01271835015,40.441813478611415,8864.441662993342,4733.3277253923125,19944.39185013329,202.1968850927296,BENIGN
5443,6,515793,54,83,40554,32885,86,12,117.94796997893971,67.83472400044882,324,54,394.86514583774994,32.3082919878539,2580.228962365003,275.7652240482044,7389.30098958581,3461.3095200598304,48143.85329052728,548.422054171841,Bot
6417,17,539670,78,63,8568,16865,1029,64,162.09930486838854,87.25377222311255,969,66,460.77047159838696,100.34492935666519,49744.86115009629,20.45729360883481,4873.336229336563,2044.2158276661698,34203.92466162197,555.0632325137892,Infiltration
3743,6,478182,64,68,8729,37055,33,15,481.56389697504136,126.53325076367994,1481,48,59.53550036725957,184.9748337325465,52838.3878640794,358.7770447145815,825.2133338973885,3698.1546608047065,41601.41348856679,75.34672985845225,Infiltration
4568,6,239117,40,82,4896,27213,1048,85,177.29483357626435,24.22560539955063,884,50,81.56993811394148,49.450217976756306,4069.6041910407534,259.8509077280877,7304.7318721901775,4500.704828532734,25048.74750146756,456.45129419723173,BENIGN
3128,17,415094,59,85,28195,4477,685,63,176.5179392460438,54.526101773501104,264,58,166.7768073006572,165.11604038248782,31220.001036820595,688.4985953862931,3969.254675124837,900.707768994875,8039.258487035625,461.1561079599631,BENIGN
5299,6,941868,55,58,37397,6533,534,31,299.8619147324421,101.52961720352491,381,5,457.5705994904548,62.454484027135024,95564.86162097334,308.0995186709357,5702.716082835597,979.9213068883056,44345.40639418398,319.13667414214655,BENIGN
4110,6,452991,62,59,21585,49395,356,79,485.6327882807298,63.11466163599502,1236,89,387.7388715029725,53.97943791115563,42616.88252164996,375.7835059197796,2934.61137094014,2043.603811138302,24326.472701215,277.15855368765443,Bot
7178,17,791607,4,82,46734,23396,181,50,491.62482074673517,198.21706762707188,332,50,162.06063616615984,180.27854986609915,18678.33143598516,725.6085979313453,2422.3179391379,846.0588566753535,48428.05990516899,224.2979741162049,BENIGN
2076,6,469264,60,61,43123,12755,1360,78,291.9306920197765,86.28629340749765,1033,37,43.81790889136744,9.448318414530554,51338.73731557055,481.43675823274424,3243.645289505403,1801.9874285290787,12750.5019600122,5.9410718746697455,BENIGN
7420,17,703914,75,15,39653,865,721,57,5.538074803441603,173.95983071844324,1381,10,308.1900130744171,132.14820774676878,3386.2200662743203,556.897924217244,8138.4664061137155,3228.4576353125703,49619.02578164691,1.8162844889733076,BENIGN
3190,17,28465,95,87,10110,11173,498,45,450.8249926303578,179.30196712277288,202,51,128.40958290282617,8.633502856244624,51603.710110086016,841.5053170837011,4265.48891005544,4064.090626669274,11129.00985178773,589.7872107905943,BENIGN
1702,17,466082,96,67,7866,38097,1495,51,287.2677924656388,167.20139994446998,57,92,265.57628298427653,160.15275731431166,59430.88791994849,207.68141715191098,3117.76741171352,1509.6746884269974,18414.656233593236,291.46391114068746,BENIGN
6979,17,441516,91,14,38179,33371,387,62,186.16822210351825,9.379648189033563,1246,19,470.90167980048847,165.88087099110132,35775.85931167509,989.1963429990627,4330.271002351933,1408.65341902419,29704.88598101705,167.88865578320045,BENIGN
2275,6,273246,30,88,28814,38524,1197,75,415.4515948028895,189.5493463226703,1392,9,286.30862265716723,178.67131493193017,76259.99404737502,900.2049867485536,323.8413720987366,3898.7148219458877,34669.21972863291,684.7352055122997,DDoS attacks-LOIC-HTTP
1174,17,276191,2,54,35800,11254,381,59,202.9170673783515,25.748512426635383,1441,25,461.9172182116821,37.21801231881208,13580.050559330524,287.26627577245995,8906.152223871017,1905.1311300125456,36016.905628630295,528.9045694794455,BENIGN
4519,6,210394,62,34,30998,4018,1009,64,21.85203056913101,6.880725542858901,546,47,196.5193929974377,24.899631185280093,87819.55915397085,893.0454792029394,5518.063830109616,4092.3768393442074,23817.85792229935,914.9582768812512,BENIGN
6315,6,881372,49,54,44453,5192,986,80,411.4307504132243,82.8739215813115,870,90,316.6756686443853,100.70700931162673,95544.93658993812,754.2022021385167,1049.1574449795307,4966.901601646066,3850.579573636454,831.0169370720031,Infiltration
6217,6,116319,9,13,10922,2015,1457,54,275.20040350478234,38.92680655157121,102,13,446.9449869734821,54.326524312011195,133.44011504282426,930.8257154901896,2884.7809125594035,4898.343379918585,24807.4471042879,726.729191099967,BENIGN
3211,6,340854,92,48,38516,42618,766,56,172.38105142097712,36.839305932647235,1184,99,293.9936558045692,121.25949444941304,84273.7387877155,691.4440529376201,9835.543936028867,3313.4347742364453,16741.05074729445,126.58195718501442,BENIGN
1716,6,838674,31,82,47904,3380,486,91,129.19172629515634,57.56392267523012,1223,58,307.4493385135521,102.74945811415148,50615.45383924428,674.8029056011744,5930.981206612827,1876.066056887253,32886.203894845974,666.0887389587625,Infiltration
4011,6,580695,98,99,22378,28343,391,70,298.9297424106357,49.68112104937097,1183,11,358.15399104061225,28.970422045085353,46145.94932751329,4.460944688433787,2914.757464111555,327.44929738381336,9121.956452443921,693.9264429376296,BENIGN
4743,6,135665,61,6,1780,3770,164,72,107.98452637142456,136.9590804300306,864,22,441.05387859412656,147.85409877035423,23875.523896369366,475.13691714638134,4264.030267998575,3690.203163585304,19701.67711432013,763.3325899747107,BENIGN
4702,6,779483,79,29,12315,5829,266,85,165.3061888457166,37.355461327214016,1159,84,44.09003062042649,160.75687570518608,44738.030860752544,201.0683375722446,2585.4893195739137,4889.83620526622,48306.29650848665,263.1327237574093,DDoS attacks-LOIC-HTTP
1668,6,312329,48,82,9979,34381,683,25,320.0825031599219,108.62366103945172,397,71,168.42969108804346,192.6086044788429,95043.21069151744,324.7573777098383,319.0107669382765,339.9223160781406,4452.481287522817,640.2975036637513,BENIGN
5559,6,558616,25,48,12414,45915,77,11,441.36450295093636,197.28530922870596,391,38,198.8423630403019,79.10777527222788,21086.65551909883,978.8368183623452,8420.458291488389,30.838553103200717,30120.684555478605,618.2784582825398,BENIGN
1465,17,735136,36,88,8999,15545,353,70,268.7807125538414,86.47648419125777,105,8,454.8548326945889,67.54698709631086,17912.33343269173,86.41645586835047,2925.493938438252,4158.880982908588,4541.504970136302,385.31004981149255,BENIGN
4219,17,969479,8,15,35993,18263,1310,45,380.7576671580508,128.3746217590873,1077,87,478.0039622581007,38.45253120398768,24197.2114429042,722.7639839833388,8384.268977811264,511.2948101911857,7858.212840438589,663.5069803688078,BENIGN
3943,17,424971,73,50,44758,38140,682,46,382.7149988627057,193.87433554597473,1300,94,60.190232332562374,36.17301104183972,55187.90109178327,173.77189702900236,4786.09211007252,408.11490222789735,30250.670086766728,86.69556131636492,BENIGN
273,6,567860,58,71,39472,43306,400,78,333.8552065663965,27.52779960827285,110,24,59.55383989439039,64.21065707599706,93030.67854517566,8.393938156652148,1829.7634748393243,4551.680341115893,22205.33617366354,643.5050211219884,BENIGN
7414,17,835969,45,81,19370,25675,1482,37,126.68997715185624,83.72140185860988,223,16,467.4308971261812,196.36334047085361,57392.420260618106,501.9172901390525,8018.885063353381,397.80405835940667,27429.46485753902,606.0155842126665,BENIGN
3203,17,967020,62,91,20131,25362,268,20,434.06035608436974,170.03848003905082,74,41,147.88595069129633,18.451734944831255,24355.812835816032,162.0540834609334,3771.7376990768894,570.0882738771306,43994.80980804868,210.62440725408783,BENIGN
2577,17,846243,39,79,26297,148,316,13,220.9564495415854,186.46113654897596,505,28,120.90720951857637,51.8732404154967,44050.82700897299,965.5007897255955,7077.584148878397,2847.8683763484664,40863.839723123514,818.213619519869,DDoS attacks-LOIC-HTTP
5612,6,137988,96,82,49914,1754,1128,1,26.88431824817178,120.24721159178102,1037,59,17.811432877049338,17.19567937500832,39046.109177256716,204.49304037218684,8372.459460618295,3784.0708651664563,44400.19265693135,874.4140002627032,BENIGN
118,6,77275,58,41,43439,26745,959,71,126.08327168441494,28.684120508044675,769,66,137.7979673853245,54.72627854714751,4666.481291545102,192.843238760833,9629.893577782193,1997.861293571136,30816.583492702233,210.4839472536595,BENIGN
2220,6,588695,81,16,34170,7378,1497,69,383.9464352791613,180.294316789531,481,84,346.7632136129941,18.480286506141,51069.07843442057,33.134757736177306,859.0595113298332,2102.945803451952,24487.26205400357,75.9610842372035,BENIGN
6000,6,308977,99,62,6799,46359,979,32,39.22100122965724,34.889313238188514,1212,56,213.01808136978084,101.66177335120562,12609.378599501044,330.48981904023236,84.85643192253288,3163.129935755693,22965.287113183294,603.5754635415494,Infiltration
2981,17,914734,83,44,27191,20140,255,5,77.94537906668104,70.5755696664237,363,71,258.4351758258801,87.67113070406327,84225.98176796666,25.08756325407013,5484.701390242952,2527.126474153906,36993.02972555998,479.9175269832978,Bot
6035,17,95128,64,76,14395,9371,742,89,348.6422739406437,75.10159555245235,238,13,458.64779830744266,34.81006607731263,54900.801300496714,499.3877486078839,2643.145377788126,93.14146388858747,26069.780917464897,427.5942292620577,Infiltration
4993,17,509766,44,6,17071,26999,196,36,446.8373909151326,89.45830797452561,1424,38,57.34489133565823,34.96157875503722,84462.20219691141,506.1050321845813,4691.548795646019,567.9159313609994,5297.382125148318,761.0083300436971,BENIGN
4453,17,142412,29,26,115,12779,934,13,318.69734250353025,158.0331631861899,845,15,35.620357621299505,125.22181474387857,95604.90829093034,54.19004377692197,727.5142128739185,2908.0000776270135,7105.531812672483,969.662639508915,BENIGN
3797,6,491550,59,9,44257,31075,794,36,115.03407164562952,160.4288756204969,984,17,425.9653745619471,77.42426779810864,94319.39719212014,240.8222147104288,5016.3888776869235,3968.3125484893308,17860.56755801799,477.6637193761967,BENIGN
2889,6,92593,71,33,21147,30697,1406,7,31.43981280852656,143.93101465562285,1327,94,387.42789871535325,11.238987346651385,10051.929137412299,832.2743786592074,1249.431676128226,3815.5157271497797,3400.4903648397235,6.155078774774947,BENIGN
3254,6,125249,92,35,34724,9795,1439,76,309.4876583624043,4.425734884316324,1114,74,131.86709347251625,184.0385199534136,94482.2589842852,463.0822281524411,8386.038994232313,3700.282796468225,11969.16866080191,596.2671345383781,DDoS attacks-LOIC-HTTP
3811,17,753804,9,24,5554,38460,417,12,28.46229607592617,112.96902044343031,391,19,162.11706318704145,80.99049716196008,79576.76330687312,435.17543154418587,7595.108539561931,3856.3630810406703,32823.47865214519,653.9658721298393,BENIGN
976,6,202535,92,5,13285,4218,1158,39,308.2974157111697,149.49859117628,1207,45,155.13891788783013,118.20951097133762,77768.0339450265,699.0781704144364,741.6617085942041,222.21738162261528,631.3913117393555,828.0183059953264,BENIGN
5820,6,163934,6,23,39763,37571,1370,91,116.66207235974206,88.92504801230857,1040,44,323.9043990109556,177.08238998367472,9021.95274141486,715.167061545783,8363.667196924614,4475.507824812943,30208.602350419085,199.40698109611742,DDoS attacks-LOIC-HTTP
4087,17,270503,29,17,34560,11672,350,57,452.8047508923707,188.9872090730793,964,3,30.605753494489683,80.43179945472956,17959.675081337075,762.2006381948908,3250.259965753801,4446.415526058373,38620.122590859486,524.327633518931,BENIGN
180,17,181311,58,86,19651,31042,572,17,240.17087090124411,164.7621043760702,11,83,244.70079263186346,164.13200788224984,97516.58635767769,830.6518427611081,3529.2445690304316,2659.61994548807,8515.986039039557,447.13150038936544,Infiltration
5719,6,915307,17,5,6223,35950,1211,56,115.84952448829935,127.63101309736615,1189,94,66.93648455637258,182.95044492058997,21344.882013957886,233.0183957559671,1798.8559388413742,1242.9716613438268,9056.618474488407,664.4404611626308,BENIGN
6964,6,277093,16,28,14495,11009,660,82,427.30693169650283,12.485036736502675,145,19,409.86927046312377,34.81347673267403,16913.64248343839,67.31422667207167,8353.205910803288,2960.8923639071672,1452.5297620088986,63.94306370316472,DDoS attacks-LOIC-HTTP
4513,6,344012,87,24,15615,47096,961,37,130.74752223151663,130.46924951662763,1305,10,190.33150215498262,178.4984920006618,36241.538354759694,380.8846137347076,4047.6529327204,2789.4296318764327,25627.37744128474,884.0129316995248,DDoS attacks-LOIC-HTTP
1320,6,368352,95,54,37647,19544,1203,31,156.7665428798134,182.31592025044378,168,64,263.7860966097296,23.966489341275633,91336.48619151369,855.2428127125291,489.30987093245665,1114.7860384510516,32732.831968067134,511.1574042382784,BENIGN
4931,6,876241,3,80,20400,29381,1072,85,417.9675600324506,75.88907737619029,846,17,14.658804389392987,55.0254818758666,47624.584421019994,78.95063562128242,9662.530028633804,3015.650894643346,22850.910008410097,877.0454449699901,BENIGN
4007,6,317113,21,45,9877,25287,78,65,157.852054751295,167.6265051210722,169,38,29.132156770526162,161.64228953004732,92059.16607171776,576.3778450041472,2559.6162523946614,3986.4705805030485,19478.545993214324,340.23713186313796,BENIGN
1547,17,913420,64,23,3991,2586,1269,76,208.03106576916548,62.6322285724358,764,43,337.527415366733,180.13690965752232,33440.53465371941,701.381866192252,9361.836601786814,4030.534323726281,22726.096736510426,653.5222146406275,BENIGN
6035,17,63195,90,74,9503,2648,390,86,177.09450702563896,114.02065830946056,1369,96,383.385272570666,136.8277576746114,22660.599236247665,481.92580606901487,3013.082388104958,298.4891113995719,39078.595654045515,956.7251493094109,Infiltration
5531,17,117986,36,25,5692,40081,66,24,62.61815732603605,129.68488367415648,498,99,355.0177923011007,20.96516990449855,49525.34885501504,255.92026816300142,8314.434520386443,985.8165590623219,1685.3802241944957,943.3791907097796,BENIGN
5274,6,857442,86,97,5792,18101,1310,91,24.253427062178943,135.59900751177898,1483,17,368.5093182289301,104.59845538095051,61551.534257286236,326.98317234153956,6642.530705099449,3341.116802965977,39193.089856022096,944.1027547712171,BENIGN
1238,17,480026,62,27,29809,45312,859,57,363.64763366018576,176.50986289286962,1320,46,52.309925274664494,114.52682180995428,39155.984871369474,72.58044588560249,8612.973036463658,4299.159727071511,33320.4423621829,42.94684051693165,Infiltration
4516,6,285811,42,2,41915,21692,1132,74,324.34287634818173,46.924453401256415,1165,30,346.72542054877056,56.371946000131516,34609.59065435723,293.2909637913414,9761.20374904227,2606.0854122460773,12078.91344232942,403.01600097452274,BENIGN
4755,6,35392,76,74,16994,7407,925,32,144.77120343826832,52.473917057794935,896,98,90.87379134454682,198.25916138007955,21813.747884476932,45.333629553713024,8714.96535088267,3537.628341674902,26241.738914746707,60.781257447765526,BENIGN
3124,17,74913,42,37,45790,17254,334,87,151.32156686751486,140.80819866214736,1076,38,49.00771593839271,67.12559137187945,27507.92655451493,726.5986731358346,4037.247949838705,105.36005328450283,2474.0406259157016,309.47701327508236,Bot
2755,6,621524,61,60,22770,15234,470,65,472.77786258929723,35.43876249680762,117,37,378.58041522742053,42.05095385885185,67315.06513559856,898.0972832331747,8145.220311470132,3042.1040594269966,18985.637630261666,174.57809509382892,BENIGN
4575,6,576019,13,77,26003,22211,188,29,493.8972079805786,92.85408099279206,364,78,444.7030585507824,22.027205730409772,36993.655125981655,633.8796153251394,7116.7964522606235,4809.545722183008,8710.383529065974,620.1374241118956,BENIGN
974,17,9985,11,50,1534,29480,853,80,239.35027710067828,4.006876815443028,135,46,358.35495370257934,75.7002521746276,7984.906601685639,657.0465197102535,616.9751046457025,3305.07303516369,1124.7962971724926,780.7461512653963,BENIGN
8070,17,977263,54,89,49412,47780,583,33,402.2136140133394,28.195867398022823,1437,69,402.78672640737665,138.5237383292107,13824.157441353937,472.67019480324586,9297.671217278505,4611.378583001599,17860.903993320633,513.3469652634014,Bot
4585,17,185478,16,47,26130,24846,128,85,369.6595085553359,135.7692770057723,1100,7,495.5440775608079,46.28341865849666,37244.195047227164,156.88041275590297,4660.1449551766855,2830.0472906553687,36308.35974554784,795.4730732978825,BENIGN
3466,6,852846,8,20,88,42503,558,68,152.17226620846324,149.4923206963508,556,85,67.37795570334227,153.90884349271886,92450.99796048772,8.717416112116279,1345.3712063968628,4216.893688879638,46051.88314924663,12.813296606231205,BENIGN
1065,17,327331,59,53,35901,46193,655,47,33.988541707636784,23.06380664757537,17,64,482.57627621651926,27.080253544345425,37909.23586198157,344.6320216129605,4254.355593884262,620.8120412857377,33116.55301940158,820.4763646591956,BENIGN
6913,17,422481,57,55,25483,48466,1488,39,75.56534728179531,45.5419100822394,402,12,300.59890274505125,88.09358619571415,6073.60132439301,751.7370688135851,6031.809309969653,617.5663144340826,20104.486705238218,178.3602246888065,BENIGN
1713,6,976533,40,93,39842,15321,35,50,419.95558791537786,19.78088930741022,204,54,406.6265786725102,140.47474802120817,41805.24584542279,960.471147736266,5729.8883047140125,600.8966459789727,49974.810658969865,460.9359014047739,BENIGN
6201,17,460344,59,58,45846,12646,1041,79,366.95084089815913,86.68256878502336,498,87,325.084590793835,27.06188053752754,66885.07122007698,431.6538408161571,5748.361674216243,2444.2477601835453,14154.345969929513,442.5856159031684,Infiltration
6393,17,882530,2,71,8427,22117,978,12,333.84574800882757,25.223214148926655,323,84,285.0188943926746,119.56844199899548,59363.67753347261,366.0256213211995,2559.1369922341846,1651.3178041855754,9364.700321081946,873.1555291648468,BENIGN
3456,17,574200,94,50,13372,4893,542,89,69.67117168984092,87.45920343337801,594,42,351.8094970108439,159.79050248338112,27887.508208979147,446.51254782504986,6327.391791762469,3595.9292687051798,23189.476638603643,965.9791472839676,BENIGN
582,6,705960,94,19,1219,9476,158,30,321.76569028800975,146.41965116022632,561,3,160.1293322564914,119.10977925784132,68812.01141563892,428.34712090838894,9074.24092294285,4513.109571501986,25250.52165793597,255.12096653753213,BENIGN
2505,6,472467,76,95,37931,17270,1058,38,387.21540408909215,136.6777266286835,1304,70,462.13576174595636,102.2927848655035,63066.13114279459,626.2539531656464,3887.280798569456,3096.87414286741,17747.62076836588,67.41317259320101,BENIGN
5915,6,320887,10,85,4908,21702,664,62,430.99786618084386,56.092097370369046,1189,59,57.646286027889346,167.65991064056814,17225.57515320857,734.4132497009952,6306.1722459184775,1066.0527804928965,34777.99896147555,650.5217824548465,BENIGN
3374,6,45000,44,58,18572,4382,954,47,11.549483200841017,134.75250984938648,1266,11,159.01559204323107,197.08407000024332,16222.87890678882,785.1730652313256,2440.6260830654546,4654.384337645569,9201.381952291575,502.8405867532084,BENIGN
6190,17,436262,11,70,10881,1785,564,86,343.8151754298465,185.5424261799154,478,58,15.581176600251656,36.26259047103495,54722.8363759734,649.9552046253131,483.7619208668297,2639.286690689913,25521.884589942794,565.7051419106945,BENIGN
245,6,401167,79,8,7620,45798,434,47,14.45333952358619,69.5048774169831,163,76,135.66152382304585,138.26926826550743,65947.26172599921,438.28623482857057,5857.727907830133,3599.7277656787764,25011.346655454407,46.27021276999987,DDoS attacks-LOIC-HTTP
7464,6,802820,80,0,43855,11735,302,60,354.9020585440021,65.82383073952131,323,53,109.10653857070218,16.131510867907338,96191.43938017747,950.1536517959869,476.4504720500734,4452.529252175886,41191.083269855146,775.3098216179458,BENIGN
4913,17,72792,81,28,27392,30177,1218,11,319.6325755423424,114.2877302964035,550,43,24.815430339315604,8.568204794789436,42198.843766870654,711.308676674895,7236.122364609813,4949.159660494513,46349.14025605263,232.35341508729766,BENIGN
7796,17,460896,90,62,15801,30712,563,77,78.43219214489139,49.10036220549436,830,15,245.88703192431106,56.16379404620202,76496.27457479462,427.23138280533135,6703.85662531984,2530.319745508369,33166.661026795875,334.9367809112771,BENIGN
6447,17,400684,2,71,35322,16679,440,55,384.2302669158395,130.3157855960504,639,5,234.3180209278049,194.18395770537595,11660.909521664727,447.1351953184089,3693.8808639942526,4040.3135934183692,15275.52580082871,228.35371254937385,BENIGN
7042,6,871968,50,55,38300,43013,613,17,38.83207100389712,166.4523541344962,633,13,38.87272194933444,110.43913027378753,88962.00664129156,818.1628690790864,4113.48980637017,2834.33532659121,34483.654883215866,945.9445605920517,BENIGN
979,6,751596,12,67,2380,35365,326,26,414.06739300359357,91.8637010197264,758,57,130.9252657042071,53.65426879108224,63314.42306446999,441.10034683471525,9177.691603836522,2432.2697299790298,12576.042750732644,168.72181654058517,BENIGN
5620,6,46503,90,34,19675,17064,407,27,134.65497619987335,135.90146498567648,207,30,476.66108023317804,26.517219280991753,62906.74283181122,516.7573491563121,132.32312160510435,2688.562596381449,48327.554080072085,732.3190040181695,DDoS attacks-LOIC-HTTP
4568,17,615558,23,2,4720,30563,1357,81,345.9816718388292,130.37708477659905,314,99,55.368312255210164,184.03668060266722,14252.838956905225,292.2607396277044,5633.470504849097,2421.3762191085207,41119.88233294481,245.74729393853667,BENIGN
3087,17,795700,18,6,338,33092,605,79,462.2262238058258,7.733112369517903,303,40,152.50932442973408,72.47331637428813,3967.977115294536,839.0759190514133,9233.6878962189,2105.140593973403,21565.200870747238,424.91961910830935,BENIGN
8016,6,312123,62,26,46461,47928,555,51,173.21437721335724,36.68325903515528,900,34,17.931199227329277,61.339454077399644,70147.89930708212,522.7631948230166,9139.958490448198,3618.603452569939,39219.332421908395,996.0618771721226,BENIGN
835,17,59971,96,0,38357,26867,85,15,253.9325685805075,178.70600036362598,238,9,74.44360131188338,171.59268639980104,11714.475331869015,552.9834024510384,5846.9729824831,1248.379079738296,20438.695711641787,100.57674424215712,DDoS attacks-LOIC-HTTP
4774,17,482704,62,90,20622,45382,874,76,234.24342680547292,187.77842947300388,803,80,349.69855373289477,120.88056634217412,12705.74524689843,880.7947273106854,3812.91875909707,3081.907329030003,3739.7618373995956,881.359231086574,BENIGN
7703,17,491962,38,79,45900,33754,925,57,83.01761778611971,156.08792798223547,1247,29,183.3582503314694,33.72722232832543,18758.139633235027,920.5967505793624,989.9363597974075,3564.800888822148,35341.37596130026,946.0498962688789,BENIGN
4662,6,32274,67,70,6804,19502,718,92,297.20444519292704,184.24962966553892,1111,43,226.03828533956028,84.30210630383435,9783.670849128848,824.3696028698536,1738.6682539196925,4460.454166953526,20236.645513091742,698.2272949292792,BENIGN
5331,17,755211,38,43,32898,760,495,8,372.78594966786926,61.229730183714956,1452,54,78.48919756532807,185.64621362114158,62542.99811782638,66.30504256433107,6797.053878681411,1659.3857446879285,46516.68764102525,9.962189735323479,Infiltration
3140,17,223663,67,86,6759,24142,1121,25,458.8530403172905,49.5421943558094,1243,70,341.0700864456509,180.2407149128709,42206.26053680031,444.0655926783344,167.32420401386852,4302.995517580322,15334.995104321039,820.7985840317805,BENIGN
7699,6,137753,94,40,46541,44653,756,27,426.1472878165088,76.860037512104,274,17,375.7607990456268,14.021958544862168,26616.948280030727,343.987608213273,8834.972278503417,4726.455856629319,42168.20774451512,882.2719276107808,BENIGN
36,6,110255,61,74,20618,41996,1265,76,257.4595929653757,11.06839971009057,953,82,90.55602475836989,53.72263855052444,44080.532543153946,214.3012665477896,5879.756766988689,3243.3969137085937,34025.087881886146,980.9341568879338,BENIGN
7359,17,334097,1,41,15460,17290,1040,35,360.9134914834077,161.97432380826555,1089,78,22.49673180997108,30.90787960582988,84415.55880649932,909.0449219699401,452.42147598537684,3857.1650396150653,42667.69756023328,839.3157477500957,DDoS attacks-LOIC-HTTP
1263,17,850578,94,32,3685,5499,559,8,401.38778962007694,196.83509702301544,1446,85,40.470567154509254,106.76234285166896,92708.66971031317,890.1788893561893,2398.4344344961337,2028.534799094367,14601.17503590684,445.58696730652116,BENIGN
2225,6,311922,45,49,18470,364,985,46,249.27691330048265,164.80585848732196,254,38,328.52287860150886,149.99666340606367,48752.73970389763,465.83258539996734,5942.414904765979,4760.677098923464,23072.65671189902,688.6496766939297,DDoS attacks-LOIC-HTTP
2544,6,501708,96,62,38421,19797,1085,77,62.13664254861253,110.99506697050963,124,41,67.75530124741947,59.10864223119352,56679.62398212912,135.42628982219063,356.9770533326914,3354.3072754321206,41158.21927165915,485.12851195733975,Infiltration
1089,17,813181,28,99,11570,40795,951,50,221.77572810444858,59.05639409658996,1169,53,246.95941708441777,151.59921547706435,25727.421034683888,14.352254711455666,7800.094032175665,1550.7840430888375,32194.502771034826,353.01834952271304,BENIGN
3464,17,127895,21,36,32473,32535,928,75,422.0266289097746,39.53957770871612,614,29,76.32076546308502,133.74311461383363,51364.90185992556,439.0286134842539,9199.300746239202,2021.3067361701142,18002.495755771775,626.4264931507213,BENIGN
2585,17,88768,13,58,31673,46300,1429,56,300.33749566989883,72.81257435933199,384,19,85.07402410261989,145.64444188150335,74814.47949745387,40.91519342496955,9612.242712626072,3088.777570657881,25604.66132920791,769.8324396417759,BENIGN
6262,17,737785,27,80,48161,47176,1254,31,363.60689661962283,133.39390590964126,446,95,2.1802516707593034,189.64874266053062,49218.80499298039,609.9463859778404,7336.8588097583515,1170.6758225614756,49804.94373722015,635.9007866781932,BENIGN
8079,6,670027,7,98,3180,16105,1461,66,96.70767096553082,89.41231110816472,386,41,160.41212792919396,84.92237215734055,30214.26934990908,608.8004620091889,8568.397882924331,3769.5720217014605,37094.981290739954,826.5783676462115,BENIGN
5884,17,473720,22,47,33133,7939,1176,56,482.3471952644478,186.8119640168972,382,88,44.898633036430155,68.51360492229584,58207.61437902365,899.0405084695309,6107.463915835034,1123.4575813482156,30729.987412473653,176.37497460007333,BENIGN
1080,17,876438,74,4,28820,13936,372,53,205.01986209918817,170.8440685931465,1300,86,196.98063767021262,136.76944162633754,94666.1365282756,190.85907916106726,4585.978101751203,2958.945978854696,41397.289907871454,373.6945516031594,BENIGN
2347,6,763529,53,47,9728,42029,391,15,328.5495837452758,20.48012319257979,1405,4,298.89215480879193,161.51142829555803,88799.50555977135,372.0228481711305,7131.6343989687,3485.0325649741367,22107.096635220783,312.58581273422993,BENIGN
3440,17,620407,79,95,38,15863,1310,61,14.341766022349606,26.305044777141994,123,49,183.76597396405847,38.28905834185434,76926.54549375387,859.6858433954945,2242.5824619626874,4298.739478307693,47503.699592287805,194.12713966779847,Infiltration
6660,6,979548,79,2,47609,12561,280,83,68.0230348163692,135.24783706002216,1290,40,352.5408154176676,169.35992016295228,27628.20117019425,474.8222059876249,1098.7334776293067,3669.5020789446658,27605.54122249765,443.1743274853509,BENIGN
321,17,864534,4,46,17407,10447,1047,95,392.1069635930349,46.15367799607086,1134,93,370.72588401967903,11.57049819981828,24163.535126567975,60.66356568297229,7618.747910312857,3994.125457761425,16350.338759818163,947.8728728646668,BENIGN
4296,17,553191,96,61,43672,30624,307,55,484.14487553252604,158.20597540235025,1404,38,348.3031936804059,1.2787504152039109,83855.3336078618,111.67312768393306,9581.909743065704,4564.659007489241,4310.138678805897,538.0082917071624,BENIGN
626,6,673690,23,98,41797,46940,1013,22,163.42740075246172,118.27162846527062,1181,56,468.35677981574906,31.685429881235883,18139.934433449416,813.6411170068727,5775.215843947907,2988.8578061103617,18791.0040101687,286.40487670364524,BENIGN
3190,6,673322,70,13,45416,44646,1497,16,23.404463795926095,45.96610554667,727,90,118.64713849757553,195.7334373946465,60565.074635589495,743.9537325984844,4825.941167607606,4231.400053310083,28436.232468058155,354.0606183030375,BENIGN
719,17,436671,88,62,47667,12411,243,79,183.62896798016808,95.73735949611823,895,56,94.7282265574883,104.71307552355529,43898.605058860594,876.0056356496251,5344.507908490573,1159.3611551258603,35165.374455274876,613.0757117171277,BENIGN
5108,17,948863,84,60,2034,19465,584,37,13.6467244881063,81.21525847340666,1141,36,304.8557446209336,9.313482302821875,46803.9668645669,119.74230474323461,4785.163379663941,4073.6658539598648,43757.083478624554,352.7467418130803,Infiltration
1159,17,230247,84,30,38617,38216,36,71,100.22468066992222,174.63187183788094,327,6,297.4385047170917,199.43513680994258,45459.7948187288,760.656327052731,4422.560611491204,1108.4337065324012,47198.6021578375,538.346722920669,BENIGN
210,6,555183,76,94,13513,19642,102,82,377.4736474516005,6.432494995410054,693,4,255.04916683740353,148.9822509654045,89996.01517089878,655.449260593231,9470.409905767981,4673.146093713899,5131.667770594576,274.1598934528273,BENIGN
2320,17,507920,33,16,10313,31262,626,29,468.8587570627156,179.168778093358,1091,78,2.1765957471322483,167.60101519024326,8718.554147036542,233.06094789990172,4798.152148091355,1649.8666872883432,30049.240250030765,345.93127090018584,Bot
1000,6,271014,28,23,17148,30363,318,57,48.28729676259889,130.41653657594867,1457,50,277.6191149529992,42.588105296016685,78292.3159311153,973.9304811700555,811.9433076987717,859.1899908780642,33332.81656165967,705.7278588363598,BENIGN
2995,6,535481,8,22,25355,2107,61,97,281.1608855112021,147.50763750967576,358,7,466.3990284364895,21.089886847271533,83502.91703081259,570.7844643320799,7655.401274023295,740.8438006460094,8611.470211498008,584.6183516438875,BENIGN
6122,17,964175,1,81,29515,7928,328,77,130.67101883139583,0.5214926785267471,1002,55,167.28884455643146,103.01698854352688,94288.28594387748,906.9710974217381,3916.224472475739,936.3610846891618,27284.578006368116,93.48686331337952,BENIGN
1204,6,393509,37,49,1916,48002,190,21,73.83426726799512,125.64788680744647,796,72,483.79959666012525,154.4351368564485,45265.469494221754,859.2340410727794,7107.224763943088,2237.7015428158297,16748.333442657953,973.1825185060396,BENIGN
3347,17,362555,63,77,40177,19317,1153,16,113.39521379632097,117.6972327422052,442,10,178.37833959884713,127.55613046369952,50011.5185367728,333.79233506208897,5796.114026384493,2610.746955400295,3880.09242597581,49.33692295888514,Infiltration
3414,17,279813,22,78,7971,49078,884,14,290.99271841136516,107.44111127725998,163,21,69.92725125890892,126.21186630363421,96129.83916888025,536.4209051248264,7132.08747149335,4568.929162619593,3302.640898445439,82.93957228166381,BENIGN
147,17,797722,70,78,26150,25017,1076,47,37.241578214760715,157.173371341177,972,97,199.20170746356925,151.41921673766396,45850.52158430681,431.93693110526704,620.87757639976,1905.0740146384776,37963.05689235807,701.3860487411338,BENIGN
2085,17,849356,21,69,12041,13528,656,31,219.93820510336667,111.17421927930104,360,98,247.30565646177206,45.4041651107024,50359.81181289602,709.3684926898156,339.6993533555628,1087.4115439352704,30776.618039082357,708.0181394308231,BENIGN
1836,17,698212,96,26,15138,13313,1293,76,71.93778622280612,171.41943791197153,584,76,314.7322050882956,132.30385636219788,33232.109275756506,588.4539625388843,3786.0377068865605,3719.105559196908,35758.932694736126,18.935533226771884,BENIGN
5874,6,687787,35,14,15673,1559,206,84,139.97514093526834,46.526297281927675,1142,10,252.43908101116702,78.42213382707146,3172.4287939581427,785.068679504204,6931.968212081586,673.2720396430298,34267.0549452743,642.7538994635979,DDoS attacks-LOIC-HTTP
6729,6,304314,79,49,34238,15167,654,39,99.42339322291562,161.19651779433997,852,59,268.3593137031091,13.95069706406784,43311.12463063165,12.740507338386553,2237.601586533035,4461.416860075939,6724.271865961542,33.26001477645646,BENIGN
589,17,564585,5,35,15692,15343,980,96,442.0728724162941,35.862554564961144,1010,95,12.033519178802688,40.428521248677065,65512.58017163012,688.1054681531439,4334.573778907758,2046.9981760440198,7586.74717362114,960.7699938900271,BENIGN
5462,17,526649,60,7,15203,38598,264,56,355.4656087812883,162.62355839379597,1218,14,126.81008456699466,158.80074784097852,68997.69160224959,319.7460900644353,9808.121829465772,3069.2074182748984,12631.661373113755,696.1425938329354,Infiltration
1915,6,157684,46,78,28571,7523,741,57,434.88897657899787,188.09270376571354,1023,37,155.348328969586,179.1861396160914,660.7996019921043,224.99791774952854,2149.5306706189376,930.9217130826131,19961.03834236484,186.57810132095142,BENIGN
2753,6,924320,50,2,43823,49777,345,90,194.81410310110778,67.13882846207682,240,0,493.5442689407245,56.56436230567539,80107.26694953514,801.4401249923136,8479.586674251865,727.6457453991836,46959.41948463222,158.10478816041908,BENIGN
3883,6,349039,48,61,7776,28439,999,98,160.1396156025667,105.97726279603776,665,45,147.78386924351682,38.07218760113642,49246.63725671341,90.13198997699719,8254.783387227155,3994.1968737742777,33697.87914553339,569.662302720409,Bot
4741,6,291177,6,46,29854,15524,909,15,193.39066147439468,131.66580458462954,564,87,448.28942441214264,5.344900849034961,52079.32868500543,229.23158505404206,8913.630500704596,2148.5114595727996,12766.04500315723,633.518725636599,BENIGN
7475,17,659838,89,76,29442,13285,1288,27,14.181356883581696,15.894333170898921,1165,42,152.36810027053937,189.53947771736236,96174.75138015504,204.5306067586784,9151.502294544243,4933.714063631051,2808.645250348723,831.2376298717387,BENIGN
4034,17,564971,56,97,29514,10973,523,97,363.7286161985363,98.81614364082405,831,21,48.05516552119554,136.77098500704156,28453.27125399523,420.40561961464215,5073.694603788924,2621.489722262258,34214.35430101059,903.3211492135616,BENIGN
2921,6,374326,59,87,37156,22694,251,0,178.13736616306375,72.11699531764934,975,2,123.80869953047218,191.40602100863205,76167.58237692705,323.01444777270376,6819.655898172562,4228.264553788448,31269.670356094444,392.53344405820656,BENIGN
1706,17,871903,29,95,40307,35774,158,40,160.0952827705119,174.49112625026163,30,13,136.41419245714897,172.76983659411098,57481.876804770356,720.7478487925605,6189.290229244928,4899.818393607176,33791.413283923226,844.0848423714895,BENIGN
3029,6,684493,71,60,20868,4302,1332,47,301.0798273584138,175.33590374166522,222,1,489.12429694449213,68.09331853808153,70082.83817118825,699.6705107208751,3090.176455115204,1405.750807542508,13066.370906388403,542.3800353167338,Infiltration
7826,17,417316,77,31,3081,22391,766,30,220.94370629635912,140.15590790944736,265,60,337.1457527836186,22.53660915110136,41787.56700359462,326.145420214933,2798.5960739609186,4004.40856077683,25852.99122909591,470.58214060201965,BENIGN
174,6,111132,18,93,16949,4611,629,35,490.51746727082974,131.14489491849966,1305,31,465.840497810483,99.81135897202755,27927.9618210372,437.54379536964944,3416.3581250414118,110.03081662323,18091.523041560537,698.9706460577879,BENIGN
2557,17,207040,2,12,24941,9372,462,32,181.34525623490666,146.73769185517136,787,37,417.4975111024109,5.362759563534203,54617.133977369755,208.7002759955932,2185.3588623449136,3398.770590305144,40886.7699578978,103.19496134465378,BENIGN
1429,6,304848,8,0,44470,24312,1426,32,308.8784418929171,73.19738020056141,380,96,289.29924533904875,29.983325628689926,37500.36522380117,671.1640655957743,7574.078121377462,3726.005455589247,3479.1391393122085,265.38650573251255,Bot
4077,6,461652,75,33,1050,14080,221,81,159.2672948017776,80.90384935012509,555,45,337.6939621227816,46.68652580301671,22298.888771178095,396.82651739244295,9645.764111396731,2386.818562177512,13779.335054187379,816.7626854113882,BENIGN
804,17,881606,97,61,2696,15082,677,22,495.34451520427507,110.74094457774106,61,41,312.41859684801574,133.12931922889504,83925.22244989511,133.6932783377731,8677.849646638944,810.52605058751,30151.65767107675,504.07883833740897,DDoS attacks-LOIC-HTTP
3195,6,226827,54,78,12676,47409,603,59,225.32996218646343,187.60562547289348,712,5,333.13151309589335,101.97549479081923,47588.401184179114,128.13822641959973,2180.186100479717,3083.602740392249,10269.136615930334,908.043436482094,BENIGN
7580,17,73969,38,77,35331,42861,140,86,318.8937613790675,144.79997482391252,846,40,132.38683231363814,60.48391122255956,84733.10096167802,322.9983577427543,520.1027916510861,4487.643297177788,33638.94466428399,88.70373388291087,BENIGN
7998,17,791942,48,92,1789,30677,1362,78,67.72722712157514,110.19784889924466,520,24,204.06256710396852,112.95367983826799,47408.41792106834,747.5777036075596,7571.181976814679,4656.595997891344,6847.257434975648,313.41281098004515,DDoS attacks-LOIC-HTTP
4361,6,869907,27,97,13196,20874,621,89,367.84698635751073,154.0826029793429,1094,97,296.3079057990732,25.04052977767346,55684.20179426368,26.478831795368883,3902.7478452802534,3730.511952098014,1150.3864708164094,355.5498928040366,BENIGN
7363,17,711504,20,81,16469,8378,265,29,138.2589786484329,74.17806244768501,601,10,17.96423252792856,151.1416253637225,99528.07132898235,258.51691848969926,8246.301549050982,1318.56629212801,43176.091696927564,422.7203227231541,BENIGN
7226,17,718775,12,70,20720,1597,570,88,227.06356015068758,146.09334022887413,139,40,241.4174507008467,142.40702775065685,95150.90616139563,163.32367272986852,7792.578730067935,4351.6346302996,16678.88562634994,986.8200515642484,BENIGN
5616,17,882587,43,92,22229,11600,72,44,442.15086585209167,82.13524965654007,1339,70,429.86346669892663,43.30053513610588,27176.270167982395,956.5213434843092,6254.477109738078,4444.115333508475,7850.880663221007,310.6627140682017,BENIGN
5821,17,202516,61,30,5067,3747,1344,79,485.4234948681252,55.93228140299722,1363,56,246.18386379266494,121.27831115526135,86866.85209105769,705.5763223670554,2554.1380044595744,1836.211028726103,8643.724197032534,518.6824529654335,Infiltration
2826,17,924400,31,63,18743,13879,416,38,215.1631904109767,121.94480950445849,589,45,276.1616843277497,100.66052085944759,39046.444334882355,233.99945143482722,1041.25364253364,914.9086827184033,44295.9107477879,536.0713238710017,BENIGN
557,6,611104,91,24,19167,13017,811,44,418.2273206374774,137.3755119300369,527,85,100.95256025759541,12.163262369959948,7134.161303660173,208.2531248507584,2527.2306122352957,4373.297170666841,32725.02599327914,770.7979386073665,DDoS attacks-LOIC-HTTP
6006,17,578633,96,37,35040,24815,1138,77,31.407752302181073,91.85871223591285,540,47,397.171671992719,55.63078336722689,57582.34367239178,858.1725148418893,5098.0871937593265,4425.486576264072,47817.7498668386,517.8689940858079,Bot
1861,17,567444,61,13,19623,18964,24,80,424.54914474617993,113.1001462711003,1439,62,179.43914401876444,199.8965408047705,97705.41542682899,191.0364697199967,9794.650293448178,504.5304227560704,40004.015765661534,605.7374006205106,BENIGN
5036,17,411025,74,7,43086,28812,268,11,316.6076094655616,138.81321497119137,1490,38,478.29377673977217,19.907132222163206,97431.62556365847,997.0621409970297,637.8087147633862,4834.921461112442,38379.45882455818,753.3280507609115,BENIGN
2475,17,775124,67,90,49554,40200,732,92,246.90955335384297,153.54201031150188,374,9,496.85740412978964,101.28226140443215,12655.27316246518,283.0208168913883,2001.519936158502,2665.402765393989,24996.034772158364,101.13200467994533,BENIGN
544,17,320801,91,53,17502,24714,1445,31,445.53203404293765,179.11429581661525,290,84,458.0002712979215,169.86675092291543,77125.9542951188,85.24838215466544,6273.16729746656,4968.650974714681,41042.03688632021,963.4721235249693,Infiltration
6991,6,279787,35,1,20756,18890,1292,55,423.44192514067487,70.90884125286563,42,69,42.43837240807197,60.130374601032784,80285.27609457824,691.2509521228412,3044.3395822756097,2225.041251083407,20638.500396708165,846.3041760794481,DDoS attacks-LOIC-HTTP
5645,17,430734,95,80,5198,4725,623,23,151.98782249701813,190.2954505705187,1076,64,166.5915777480134,52.141727798750104,36880.79098382284,610.0331497915896,8585.184490099402,2666.4166967977403,41351.754846647396,388.772613623107,BENIGN
2970,6,750071,15,77,41580,43205,1293,12,396.786749260655,127.4559620246175,1255,97,472.5688175512587,178.15861033806476,65862.93216703524,999.8223431960953,1395.0304536688845,1330.414159856228,37889.487171439265,728.4175890737433,BENIGN
8012,6,496607,16,88,29690,20684,1078,19,54.24801216287444,157.54037653978955,1235,58,402.2666474222188,60.96598939631461,48821.0662329394,802.2836586276031,9631.61207831583,4494.7372275768475,33925.14689354659,762.3251044087467,BENIGN
4151,6,882570,13,55,37835,26325,822,78,412.2681480563482,139.95380869628767,7,77,455.59179465371477,130.2986622505584,22797.030840015574,429.40769660010585,9123.836540273753,2218.5605853628863,16492.5121363132,850.2464494156569,BENIGN
4800,6,410040,35,93,36776,32542,340,55,339.350530921509,41.11434506968132,482,35,286.2765968205494,148.06259686619651,76128.81547968651,676.9348367149205,8875.4030310512,4073.070268136919,31539.274749054923,188.31682513405212,Infiltration
4135,17,266072,75,92,8874,46037,174,52,48.49383381131165,14.287676601765664,41,26,240.1987940937651,157.72354986142102,26282.643254163188,818.0316041497487,1731.5173485923974,398.6713754754134,25344.31336250621,703.7027526438026,BENIGN
2388,6,116756,59,83,36455,13092,1226,67,343.12468586969703,145.25729280362404,332,72,53.24815850222553,198.9519274613993,34051.3708266355,514.2127989178518,3295.6317464021904,3941.2331424740632,23082.527917626227,33.34053052628361,DDoS attacks-LOIC-HTTP
3867,6,17187,21,84,5806,30382,1434,53,292.3570419548032,102.2105335589153,1256,54,419.7357711615495,160.63841394198008,19009.940307496952,273.5985792844764,8041.16432549304,2451.2157112573746,49512.414205839945,115.57912405388137,BENIGN
6675,17,930209,54,60,47228,39770,1407,33,299.30230006679716,140.44267368166493,1093,69,372.5707742102393,131.40243137750687,71929.93766583255,210.89553664408325,8078.272847533901,27.039398665529845,25224.8475132252,776.0669604655037,DDoS attacks-LOIC-HTTP
4515,17,293581,75,21,39141,25457,1098,27,148.97764788920077,95.36856078309195,1039,94,29.4383015077061,179.0927115517947,45877.81814251963,295.9861551770008,7052.048976656116,1131.3146949939746,1608.990408129315,813.0030038817595,BENIGN
2721,17,136654,30,34,8133,6131,396,49,136.9161140063584,62.4469040833008,68,80,104.70729479764267,181.1489271277895,44342.89175134493,848.2207128881354,4481.060764455983,968.6510572155848,31327.128775403886,592.4364521245647,DDoS attacks-LOIC-HTTP
991,6,851865,48,15,8232,46029,1448,1,382.4548804667399,57.00358185191365,52,52,278.6387816575052,194.63329153192302,60460.24106033236,381.05194011624656,3116.581117463698,3758.822906547199,36403.26214293162,581.6859741838972,Infiltration
6022,17,485857,35,49,24084,25215,1063,93,132.12267310353337,146.10642617399884,684,59,342.2012010323193,155.29305289529722,15734.772090261258,287.3774944077511,9629.61640388109,2386.010948966093,44260.34162714403,749.5114283679296,BENIGN
6634,17,182124,86,42,46432,12612,1299,25,225.89981464589982,55.356016293154944,993,60,68.83513213050324,38.98546611962619,89816.40742367967,806.0813405672859,1393.4834366135717,798.5919834354871,31637.90948887412,906.0848220887016,Infiltration
1186,6,136635,38,16,29835,37305,337,50,348.92055430639846,142.93537418508419,1402,35,122.41240923116192,141.96121778079802,46516.24453403074,32.888421432768965,438.4968555585991,1284.0148852262628,982.6612887534571,421.11517086762973,BENIGN
5231,17,767624,31,79,36849,13091,1250,46,44.4100444070817,76.79202526347571,1486,84,96.55510585450699,15.025688328763698,36659.02059961616,594.3643126594118,92.29606937862155,2520.3840265294243,5996.01934720149,114.82111860734823,Infiltration
7541,17,594836,78,57,41586,35103,329,25,299.30144939277034,154.1796808637605,526,26,109.99857633527111,63.5925855830787,12677.793984430195,873.7581713830854,7750.494069427251,98.19098659836934,8070.390057409106,838.9993844272881,Bot
4949,17,529036,24,1,2796,37089,408,83,296.74130446081807,28.561985156533922,62,40,460.3565617843834,23.16150206311669,16803.740894697752,410.6736653065518,567.994754521428,2120.6279404968686,10570.955037811915,341.644145970753,BENIGN
5939,17,392820,49,3,33648,29759,114,91,343.69321188957264,40.99598864086911,260,27,357.90978651937706,189.98852137750802,92036.82778824687,270.0488431979251,5386.897401114648,3390.3070182687006,39990.8470887786,133.78577321059038,BENIGN
2794,6,295867,96,84,36974,46022,705,83,188.11440717630103,137.1823211440327,1144,15,368.5534902016517,67.7508224448724,45667.13716963823,492.21736036652044,3673.557118231957,2588.772926429394,15494.904899958483,614.6164001428314,Infiltration
2002,17,452472,32,38,44574,559,1026,74,227.24498816160065,112.04622403965251,857,34,396.9976554346413,142.64312928864996,72221.17009673249,717.7596905243873,1469.9319928319974,2990.4977053774937,15624.992515315322,578.0839252116896,BENIGN
873,17,35734,55,97,25998,713,339,73,168.33481040262336,40.77566852431984,1263,35,178.28652132202998,114.26368715722546,8060.830102326733,517.0889574721642,7406.214273385144,1633.090585058249,37781.81617447663,474.2462065023887,BENIGN
4166,6,962206,79,93,35517,37361,669,60,405.043282358444,180.56540234536433,1488,55,383.59230719957026,21.50228261142737,64350.019767207115,8.631355631147336,551.0133036083016,915.378620098779,20627.70436032259,859.7972442471589,DDoS attacks-LOIC-HTTP
3756,17,376842,58,5,33718,15184,1080,22,69.65232621788557,55.18882948252926,1130,98,489.2066971614685,112.2688895761755,92152.70404181874,79.2462315519079,3184.619992015938,4048.7064517759054,3241.3302023706124,272.22583540336785,BENIGN
3789,6,311578,99,80,33118,15261,608,36,481.6622070197883,84.21427963872677,179,18,349.197122970471,132.20470868497458,30003.345453640297,721.6070946666116,5622.35006297549,4528.174357181802,29260.471023574144,13.235265284380127,DDoS attacks-LOIC-HTTP
594,17,855180,3,88,29725,20372,830,40,319.2438972097126,40.457588374507594,1039,56,208.37655614626954,176.30345146272592,57918.25866633679,400.55138354062314,4024.7548178391658,2553.7028518744683,6512.083648367457,323.4687189422,BENIGN
3281,6,546442,80,68,23816,32140,650,51,444.01882857412704,77.60552366830285,354,84,358.17989285548737,14.017128483828634,94022.5082405419,784.9910554389648,2592.222838393342,1525.2060629069542,28587.497355659263,9.705960402128788,BENIGN
1168,6,594416,69,68,36911,33024,323,82,215.9845718410583,98.32935002229483,933,32,450.3973501314347,59.12679701936811,71935.06215493397,649.8404241918031,9260.084046055761,2556.0241475899275,38984.1090000188,543.5912108968392,BENIGN
6313,6,546595,85,19,17053,47342,1180,81,169.47813984403834,59.04941090258382,1332,22,64.3807718379868,138.4681887825225,6241.92698338389,581.9343184875569,9309.772914598143,4394.927603186978,46475.186969990384,378.24829285984794,BENIGN
6477,6,473966,10,63,10235,32544,471,48,450.85927601137183,153.81873463929668,726,62,132.6473377923607,6.866327174362374,37879.92735457128,901.4737932100328,4161.529301552655,3457.0317368755873,3361.95982139244,813.9427408570859,Bot
6733,17,755281,83,15,9762,37,495,26,53.94214929376988,78.78659572924943,588,69,459.64810766445265,40.71069123549418,8586.417881167967,22.300751407231978,3938.050423197438,4293.080431450587,15205.289522286907,797.5853524908175,BENIGN
7529,6,605942,25,50,3467,43032,419,5,62.96807959511251,145.90199999175343,604,95,473.11645022226355,43.73407928093363,86133.14644395543,155.87932703640388,3074.5430898195227,1641.8971153902517,32626.674510568257,434.63849329866366,BENIGN
6468,17,676846,68,36,42626,12697,36,73,153.1766543599153,41.41443507804867,180,21,242.06956355897253,133.86528255471478,62170.05349334951,624.7515795364837,8557.706172930693,3559.8956416874794,15779.49561221101,216.48527358582302,BENIGN
1735,6,607664,61,72,9251,41420,1062,65,480.08861597432764,75.40709935863575,173,66,187.27548170164877,57.19213589508949,95638.61066594023,66.76221850354534,5679.584944663049,3265.244857558083,22556.77030354,422.42986594229706,DDoS attacks-LOIC-HTTP
4797,6,977122,29,68,463,48698,280,23,318.368961883228,1.6116577791070341,353,98,141.3909028015146,119.91913245203148,1985.4353552888583,645.3255145756307,896.1326068116497,2858.082303252086,1014.342218589359,641.3177325436292,Infiltration
4953,6,315025,19,41,9906,31707,695,37,279.3258798246221,151.72751678274236,353,79,249.37577054548422,193.06968933526144,42314.50611169189,984.1369559482425,8533.353710480556,2641.124326152544,34677.96532803039,190.20598157290735,DDoS attacks-LOIC-HTTP
3874,17,708240,43,56,21836,26016,510,27,354.1513864959332,125.17732886609683,1242,58,467.2655757955259,158.6485964002468,10445.36631344403,878.9292908955393,5349.32781330005,2754.8894156979845,44165.17377428552,773.0466155703028,BENIGN
5193,6,192612,66,65,10986,34600,1286,27,211.64990525869226,163.56466498409122,1338,24,74.90481371222774,66.5805609289012,35055.277383765075,591.3260071014031,4156.502449254978,4248.355448633495,48843.21379416961,330.56021043527386,BENIGN
7166,17,961803,74,8,48650,48285,394,65,380.24638320329564,91.12215762054265,433,16,209.91531927361012,94.47999376787286,16197.063467425134,894.0826976316562,3379.3115714919354,4579.972505020725,41528.362114298594,932.1769949174093,Bot
2511,17,847567,61,99,33596,23984,69,60,199.6491954965744,159.94812874256783,904,38,455.80392847874447,40.13478042020058,32886.088061742084,117.15188311499895,995.1664765391358,564.3023219261911,1598.4953585696717,511.8705302746079,DDoS attacks-LOIC-HTTP
2680,17,532598,43,85,4878,5167,1140,45,414.04977650394994,129.51650885419568,281,76,174.55963507212596,3.1440020606899655,81928.00785215569,455.2394707606386,9567.064861852294,2843.8578879516717,32596.179869158706,847.1265341297221,BENIGN
7156,17,568751,25,63,16406,432,229,68,137.31106562786974,0.7225865068477333,258,91,384.04070352176853,57.94307962497165,16078.32565500553,429.2474396962637,7412.693931205545,4592.042112366173,24788.00572323035,615.8925802966025,BENIGN
6427,17,766635,20,85,31644,4151,1474,74,142.38559635252201,50.73885901770239,867,74,194.629893120551,73.88172224098764,47371.7390476493,337.1111394059981,1318.6438534267081,673.6999257954707,46895.39570576363,554.6018437787377,BENIGN
3144,17,602667,48,21,12181,47680,780,73,263.5797361862339,98.7782704412496,558,73,402.4633391615208,112.87343458369507,92159.09757471204,1.201196736176105,5113.176922529208,2064.296866484531,45107.92184605232,682.1301334851123,BENIGN
5711,17,191520,83,33,24121,6411,573,42,218.22677338905888,123.73746994239426,4,38,490.5011749786043,188.81332985274594,99877.94099255209,891.1379895926409,5556.196402665083,445.4008567545198,49402.42825736654,811.4911237077607,BENIGN
3071,17,710744,87,54,33698,30788,555,58,325.8173429209242,13.118172932927429,595,23,193.91100528763917,189.5704146143667,25071.605406326576,777.9289035426422,1679.7196815505272,567.382010048687,43098.09187084151,644.5075044097363,BENIGN
7807,17,500944,24,28,21314,26623,105,1,185.3239235634216,141.01598563675836,393,37,422.54932728710025,14.01965977185775,93557.46139490236,653.204658084189,4272.788067094177,4520.554062797666,27349.13777151896,797.2406871917024,DDoS attacks-LOIC-HTTP
24,6,203296,11,37,42284,22104,998,14,119.12257128983157,108.70721952945198,335,87,494.2084124201504,122.92913590623407,26146.254193294542,129.8378770077824,6457.815408424625,2230.8979241524667,35747.87676535118,190.465164459513,BENIGN
5242,6,200019,98,96,39253,256,1122,36,237.55523862703603,105.15586136365714,62,96,491.9150715056271,8.470530177571224,41358.7146133695,378.8269285578126,2840.821707575786,3443.698270022993,48234.215045963334,277.51654037480114,BENIGN
5335,6,415748,55,17,28263,33439,837,70,282.6734672510874,58.40911161958302,43,80,216.885540766654,129.61621496314072,87793.5819872104,924.4026703704634,3316.7579399445935,694.5721162176666,28910.05522105196,229.72282158730673,BENIGN
4889,6,257424,28,70,30990,33257,240,19,75.58702664569677,118.96461989811537,152,56,242.880560274575,23.54061245502932,78619.74873137557,617.3126754644771,1221.1627421730159,109.73741196377895,42000.55955874304,798.3031878145757,BENIGN
896,6,719549,69,64,2027,39657,977,97,280.5757197379168,5.498577926354931,853,43,151.700780821501,189.28056500442008,85750.18084680129,603.807125989499,4132.993202613236,4452.41978674432,47111.07170734177,86.12855885707582,BENIGN
1011,17,973002,63,96,7967,44674,284,34,163.03206909770893,12.940066100797697,1179,35,157.0093818611825,172.8677365077939,80027.66536365202,913.2134481822776,5838.988989798238,2872.72819774511,28531.17918552721,795.8631974417281,Bot
7047,17,754751,59,0,49008,18066,255,33,199.2636830099114,146.7740174425683,274,98,246.23531131611765,4.465766110676661,23513.749890954034,560.2738911747381,1166.1388814524705,99.93877785503425,7966.120761548044,389.04229981452164,BENIGN
7537,17,658781,5,87,42198,45371,120,85,143.26247388632422,64.37826850679278,1381,69,100.25929503215436,156.42634489157126,55883.92359190591,598.0256253084223,6148.228803991521,4961.6974046399355,7786.614023079317,79.5071620173955,Bot
4162,17,867880,51,3,4802,32746,243,30,466.04811225756464,69.39341512489676,425,79,355.56164807746376,127.17942343412221,38531.21932900857,346.3699787817411,3978.534354313371,2460.96191506879,5774.705536656312,424.4262615264623,BENIGN
7030,17,430699,21,3,13247,2460,1311,86,343.2514592337059,41.67704065129036,482,44,268.1542673771262,99.07383812687583,45976.499735152385,372.0694883031392,6782.144361653691,2379.382540826379,23821.395781944262,300.50230053385127,Infiltration
6986,17,376060,12,81,16261,37297,426,18,134.91785414333827,89.12413841998644,213,91,449.03392858664114,120.52689735049769,15404.09064934184,685.9212555517385,3149.054918192743,3104.5709216131063,24012.277497854986,591.9521827826496,BENIGN
7099,17,734142,50,26,19262,34743,687,67,324.29051060321535,10.398686282260062,78,95,405.29121690527046,135.6500120926275,31583.5982469248,321.1147814146807,5685.4238836777495,39.52267097731055,30872.385706676476,472.5266330938129,BENIGN
8007,6,647441,4,42,10717,3216,1161,23,425.0433427431129,60.07264471422273,138,25,161.2355564230673,176.89149511210263,85766.13567100446,559.5488126672623,6128.4156797497535,2845.6918685322003,24148.81197789612,296.7773910883501,BENIGN
6819,6,472506,42,58,34216,14267,1270,83,203.80695312472048,105.4247843555395,949,10,252.9023115088337,153.47153220854906,89756.86540451754,279.91749446542303,6905.3834840623,3147.4195199482842,48653.020224046406,862.2659444055155,DDoS attacks-LOIC-HTTP
4384,6,184065,84,31,28750,9581,812,38,415.82896703231023,93.12638431182741,97,51,375.25746381938706,115.0755638659981,61019.20685907487,166.9591127164909,7569.632896389456,1484.767840515363,14572.62792174166,406.8214248455689,BENIGN
4485,6,166992,38,32,3553,4515,628,91,81.43539744829621,199.93392862460675,663,24,96.60006373919583,164.9231321490017,49831.743027505276,454.9480564797628,1364.3807472891797,3634.2620488414923,43692.09311097725,470.6899918017787,BENIGN
655,17,852794,25,27,44145,22076,1161,53,412.27677560875316,77.75293042338201,197,30,15.798864908791677,197.38459130072005,71286.84041804854,218.22856640169312,9652.462179260574,1887.1590810898388,5025.518076583562,846.6285247524577,BENIGN
5245,17,134932,14,54,48298,44816,716,38,272.44565012282135,77.39981185086178,784,84,426.1522631541419,60.03640417865894,60889.236489718,898.5958107764593,8436.610511121964,3588.865672290701,30099.864725056163,89.0566083440213,BENIGN
1713,17,153362,75,99,39121,9776,860,16,115.37237156494113,100.71635548289206,155,44,68.77512874647412,23.68413880365363,98367.66388471788,304.30935286120587,5623.625507203574,719.1258922625715,32419.77761580308,389.8931417777447,BENIGN
1702,6,67511,32,59,35041,21947,1427,18,206.53498535517616,38.06062205424596,1073,66,444.70571547685324,146.28965214173994,19016.978328498684,597.8046934437818,8903.698348912802,4568.4890802050895,38613.78402755679,402.8566865283898,BENIGN
4772,17,285621,11,69,42939,2963,484,47,494.0565312610753,175.26088459183157,478,75,456.8040119405723,195.71926678259663,44909.9821773857,264.1783987046587,3824.9472468395124,4397.286868281301,25156.08042513058,495.8256551566834,DDoS attacks-LOIC-HTTP
139,17,440053,61,61,221,6786,664,34,392.86022823800096,114.4535577728897,227,39,230.3502190685786,23.34118424049352,91824.8678235325,258.7612434620417,343.83122950972864,753.1323804388529,9869.342088394875,106.1205923594053,Infiltration
850,17,987173,18,79,46587,13866,404,31,289.6677488856321,38.42152783988448,1480,45,403.3908561762891,86.34145160164843,91474.55862025334,351.28544539692945,7270.586777298563,4692.269685427605,18456.190652046364,102.66012124955137,BENIGN
5926,6,38311,27,33,39805,38968,120,46,62.00613639274016,158.68831827442648,521,53,181.59562317706917,12.453528437144445,49539.73118765174,915.9586927536282,9433.498149404246,2788.9013638363695,13615.354209616506,416.41595576591584,BENIGN
3695,17,214081,55,86,341,32305,99,46,211.81673353624262,6.86643422857065,148,40,429.1322742558734,155.30638855415793,13489.552110118133,392.1062405469813,1619.3847810894479,3508.2483918248417,20961.08472660376,33.02900834672784,BENIGN
5197,6,265988,54,87,23254,17360,772,63,135.21049943590896,196.51284011708546,1081,88,412.3409420833584,189.7417431434224,81497.64716961532,821.4452029547202,6439.095596216339,4201.468961882643,26503.115702557883,254.98435905963512,BENIGN
6090,6,781026,82,55,8179,40113,1313,45,40.145534355168174,173.02986695427427,161,80,39.2591948506012,99.79883089039998,58520.66699846972,198.10077646389453,8134.442180962516,417.84973540001823,31257.263865948695,201.17675377156363,BENIGN
1389,6,287239,87,12,22114,32813,1366,34,273.3911724160609,115.92789110680397,862,37,291.3008703761836,81.90422945203784,77318.86992556711,49.12137359329464,9050.765449329192,846.4217873308328,42257.64602638895,489.3862613235748,DDoS attacks-LOIC-HTTP
760,6,672437,75,55,41911,1193,1257,93,445.1469214212337,22.259132551413295,1130,99,319.9994517983741,181.5438046501042,46257.73790474492,781.89624338014,2766.001063392745,1451.954607429809,45501.415949807175,11.159557218210603,Infiltration
7661,17,753398,21,17,14601,4512,1134,16,339.42193474619194,43.05455465793428,1450,35,0.42864534410802513,26.67767786342332,20396.353354463292,542.3330225596443,1288.2093600379308,2386.0224069350684,23134.43843221938,675.7334502639704,DDoS attacks-LOIC-HTTP
136,6,558930,44,53,31721,22666,141,41,128.59179205035304,55.88703406271263,394,82,489.9591593646477,178.3168622950051,2408.700853877288,504.2220872138945,2479.2532886454724,1730.272531493703,4442.685153439134,855.587307130736,BENIGN
5969,6,10751,5,76,48903,16630,1046,28,288.9243804421256,48.206347580722195,800,43,203.28378745035542,78.4252005602735,55918.23550128682,272.9336434001642,5777.638688550337,2529.231884710265,39855.28882819001,706.7415182393044,BENIGN
2858,17,99339,87,42,737,8983,466,69,471.9009702567496,99.50400209068914,185,56,258.67160292960654,111.88128247157947,16113.00742637014,73.24469784449248,9187.36383669882,929.5851367186814,23863.114679768096,818.078169362,DDoS attacks-LOIC-HTTP
1170,17,865463,41,38,21369,636,1474,16,362.842951196853,188.91207405342956,557,65,97.40203989651047,105.65842102566181,18721.849487696167,483.3771762965132,5825.775576173864,3410.770699665823,27326.865602549344,643.3164037981866,BENIGN
7580,6,750804,59,60,43832,3775,107,80,346.28958020634815,88.8345169535621,445,80,305.4592887586306,123.195834882089,43636.20003940686,867.3591324405724,9196.29338705913,278.6744059186558,29793.74905724719,507.3670343891417,BENIGN
1951,17,888644,89,41,36021,2421,1153,13,484.23829228262053,132.31291363468108,829,29,405.30993313967946,188.42466275150082,44213.28657315539,120.90199168978238,7700.600199888499,1807.2475310398079,33396.70925951209,219.0215973096674,BENIGN
1032,6,803247,54,80,49810,13025,302,23,400.4422890360923,137.71664119576462,1471,9,292.9461728598641,190.22540645347556,27445.96514966847,929.2417084678251,5984.296252213925,895.1662233556129,44506.14199302506,279.6263476828641,Infiltration
1684,6,437725,74,78,37873,9280,1034,56,72.62865383388231,174.31614505089655,86,98,394.01752290104855,166.2296534327371,13200.901620262612,275.4543511613731,218.9632941240327,3649.6663593534017,47607.788298557454,317.7080037195177,DDoS attacks-LOIC-HTTP
1101,6,155478,22,17,46587,36951,581,49,177.0793680532197,6.764257514303851,1272,60,365.5539803590834,38.308815407559884,94495.82565471553,532.6541065358336,3331.424602993536,4418.266694149557,47009.06425972376,38.017669466483774,BENIGN
4749,6,150258,83,22,23008,11351,259,56,482.7446468651546,80.86601186950844,1463,62,118.82890576356903,66.70326487769186,13172.74518166721,67.44188707111525,575.5381126918377,393.9310460173745,40475.08797762889,913.0887714119002,Infiltration
532,17,407692,65,53,10939,49864,661,60,247.40417012800893,156.94702281721987,1280,35,217.90642055457704,97.56497005090894,35083.750734266934,425.6215472088431,3223.1012603900094,3925.189279332,44463.220256654306,900.302702633374,DDoS attacks-LOIC-HTTP
7938,6,323594,64,29,14852,38091,158,38,60.26053543398675,162.97340299308925,1300,53,74.3134422182043,181.09218787370347,30493.75058081855,126.77198852075632,624.2726480862495,4478.611468610511,2492.2418997284144,107.77784952995518,BENIGN
2869,17,333669,71,97,23529,45656,1428,54,232.00941543780922,185.46652303480224,437,96,20.967937537550995,104.17296476924238,86635.12631688561,48.92581229113027,1678.9907986391743,4869.851083070275,42457.14219606833,556.6935655500531,BENIGN
5235,17,496674,4,57,17403,30171,53,95,350.01165086504636,140.55887196360047,515,64,31.53447763206546,195.4871329337596,41012.14422337227,966.5911357342221,4107.448476507847,2896.931254725445,3622.5391903326863,467.6412942038358,BENIGN
7825,17,429952,65,67,34328,3644,1077,35,498.7863697322144,49.0307892209487,946,81,471.2499649364453,196.76823433384317,12413.109488444086,730.3644409286685,5149.332569584374,1636.9594300370338,37312.23344023947,683.4139970419953,BENIGN
5257,17,872652,15,66,9005,16142,1111,36,165.33313169878494,101.13314861687563,1225,3,492.26872956718927,119.71685189259654,1036.0002301654938,719.3386632926471,2172.1997412402557,1609.867999336651,8476.487443467304,603.0176605383346,Bot
579,6,901421,76,70,28666,7773,1259,13,259.4730030652405,6.469057583779514,755,54,47.48875402491998,175.49906790956226,72197.74085141774,91.45913979426832,7326.041215200631,1894.850396472263,18011.921186139094,124.32180117933078,Bot
3692,17,444965,22,17,47944,28466,171,26,440.441948801648,129.38566821964938,796,53,167.59671758602434,199.8445424047798,71452.96424585934,929.4211739632542,5904.055854048331,3063.3370366381346,9217.342120921514,660.0776449617956,BENIGN
4603,6,427926,86,6,40270,10778,262,82,180.8572729383801,110.85904230175134,1203,90,57.21034007801135,169.94330360424394,41784.189294609634,469.99904649487576,6917.9135471020145,2451.1500606956247,22178.647215497498,608.8723039560376,DDoS attacks-LOIC-HTTP
7424,17,665518,47,39,45279,12501,141,30,59.08447051247433,133.36725615225862,685,88,417.11441168448454,131.3822026372509,12639.536951229236,852.4317839893737,7327.9240452530385,3268.175132034175,20593.25471639284,531.2236379738056,BENIGN
8072,17,256048,81,69,15577,47177,1481,72,474.7232581257445,186.0281106775191,324,63,248.14854582014084,169.026705104099,37169.66491914906,13.588500012657004,7269.476465471655,196.5693676478808,2412.661570197465,402.40626657322673,BENIGN
5012,6,521581,93,85,28850,2108,483,80,246.77819932318255,137.4553223440863,622,91,310.63087796277466,16.531012357964215,58992.34626719391,298.90827485616944,9362.402778067331,529.4077519055685,41526.59227568647,954.9209940531643,DDoS attacks-LOIC-HTTP
3363,6,861169,46,64,23841,29369,1142,82,253.87793683212598,64.08998607495224,686,21,269.95543286750313,126.96426350596785,70397.25475126604,996.0510750043392,2372.9661188127557,4882.697497133806,42710.78292476331,849.4395613111159,BENIGN
5328,6,471349,14,67,13275,36382,715,43,312.4940715790702,39.74733277403135,1498,24,355.126791920358,43.30440644700102,7833.206844503277,428.4102046527038,2702.2862366734503,4976.927510931193,39377.48712780973,585.0849749199203,BENIGN
4090,17,856726,50,48,5434,25818,1068,67,6.75062873309618,170.92724136373096,399,80,159.56612165853028,23.21273013013481,55635.18398676175,888.6050453254903,942.9164789535046,3733.2940856969494,42381.85409553113,6.377825267616433,BENIGN
4819,17,863449,20,51,20635,10251,284,47,465.9099319065803,38.86642865475211,867,58,68.74667726501616,178.57425046562037,27619.646604029276,328.67035002266863,5926.2709879536,1281.9857509051492,37546.44297521152,432.12324216977316,BENIGN
1490,6,64300,50,28,14096,23341,196,56,183.91828696339815,32.32191611907278,216,56,8.81000136485699,127.92898875161076,61730.456050492925,525.8038031359381,3952.4598908710163,4766.90867200275,46874.84742420346,700.3397285500989,BENIGN
600,6,105948,33,20,29197,11678,958,74,201.48127188025256,41.32241613619516,808,53,222.84644431296908,48.70930918438474,64817.53088524744,854.3648468600346,4962.49260779696,1068.5139689585176,28823.848587488257,117.2942347694923,BENIGN
6953,6,106122,59,89,35939,14367,252,21,91.18407752895132,101.76816962610135,960,43,453.91721439571864,77.35645954802972,91061.2641404541,606.2147396437315,1699.044755683684,3657.156612138029,29136.300903843447,406.54961657174226,BENIGN
7024,6,702079,43,77,20549,29672,273,3,192.18504857976822,24.837488631891368,1476,51,152.63326900613333,194.65530907067836,41043.7337551421,725.4671503020669,6490.953445463259,576.2915584601941,42996.89632217532,191.72522395263815,BENIGN
2314,17,934758,79,8,25113,4332,531,80,402.95204773414576,187.62366611934044,1000,75,97.97841056781154,172.43641057592575,53763.6901069304,229.60437101534453,6190.574587033872,3244.522492799171,17477.28318046265,338.1429871488177,BENIGN
3167,6,412855,12,46,27884,12002,972,71,400.99587791498976,193.25074144801792,1427,15,463.0213731235536,3.1163591001031943,26828.830124823326,156.7345470176843,2648.5794848932633,3797.57501678068,2513.6168865865247,26.66920401982309,BENIGN
4269,6,780841,40,75,9225,20284,792,45,468.2194362432491,194.76037065659978,931,15,52.72431937564709,195.96019902646887,28662.83684427129,231.07613696624634,4654.701487570314,4298.200722940413,37495.271215954155,126.73238226489936,BENIGN
1699,6,846590,20,41,39395,15700,1120,58,204.5985889769939,7.824960963943961,239,80,25.90051670790505,73.70589466929147,4612.917818320637,493.55559764076975,8943.11508013469,3671.5306984400527,12736.913078724028,454.7568501392605,Bot
3526,6,62168,94,50,22054,13769,544,33,355.81714435554926,189.23950529600634,1209,54,439.706587477719,139.08363319718495,28614.03354042765,801.1638000030505,7735.21684422366,4617.42677677726,23717.04824337771,898.1899210357803,BENIGN
5112,17,470629,38,55,11936,29318,219,10,256.0825898277408,199.48298652348504,47,60,350.45469097734457,142.5353129218387,6392.230672169884,354.63985662579006,2270.2118237565537,2604.616289503625,12029.587385368217,490.5816216008606,DDoS attacks-LOIC-HTTP
7273,6,886464,3,50,47870,24323,55,30,402.99128081196983,188.4858218690974,1409,94,211.0343190687064,182.33688714140547,96391.93990067711,565.2509662099792,8788.669670143534,3387.1430344666387,41356.27169288965,453.0774687078841,BENIGN
2764,17,161545,28,69,31511,27610,35,10,357.7082945208335,134.18778115254122,1231,78,376.17198650442054,177.0121752407229,62430.08090525669,805.0076485172597,674.062421242007,1847.7504254417597,47915.065324323055,787.569392971489,BENIGN
3376,6,688614,56,19,29784,6963,1299,55,187.11194801670646,140.24603048170016,1180,76,370.7199760221346,56.345918289932186,17323.124633017545,239.53768962654928,4139.871731988067,51.947246446562566,2760.6049489933853,267.83007693595573,DDoS attacks-LOIC-HTTP
4065,6,137203,90,87,25018,7838,184,37,171.65354795557778,24.45058797468953,1248,39,20.03028163029147,128.70709565714617,11685.468318435309,883.0927591848896,802.1021571464232,3783.464777336702,11676.24785686878,95.06874922485609,BENIGN
1263,17,224705,94,26,48938,45167,1344,20,129.95901919884395,174.8594154149925,1167,90,338.12340603092,78.74108458580089,37018.56082154957,953.1292299101609,9242.217727670697,4349.303239356028,9486.210569527353,209.5726203366791,BENIGN
5208,6,203147,13,37,17570,12243,331,93,290.3753162918757,11.9279169257543,1442,20,320.4361887263563,105.10874729194396,30771.655988637947,39.93116566352231,407.9837157586134,869.6223850486351,33663.44360194591,791.3008369492825,BENIGN
3138,17,809317,77,71,24350,27939,1168,9,482.1022115389605,63.54610932352796,1134,65,481.8895682081518,110.93570508698782,27932.685543636155,60.051998974702414,1513.2517207830122,143.2037583264556,21439.633204769354,677.0479250936182,BENIGN
5124,17,996532,66,64,24986,1845,64,25,104.03303512069516,198.2303290296374,874,7,483.3113050798818,79.26868916620735,46824.92253265281,91.86875902747067,9150.484398421675,822.5092275073181,22818.52055907623,91.53318225403584,BENIGN
2161,6,249868,37,53,48416,46710,1189,90,52.14996517764098,84.46557582059906,1488,70,188.89966310102196,92.77880408808534,91288.25555921659,776.9916401011351,5821.994291361392,4476.446466196446,7862.383428173347,667.0931602834497,BENIGN
5889,17,684129,49,23,27636,16766,677,7,64.10331782777524,26.231244793051744,131,9,294.92095594410915,41.66845358420224,56809.34493775894,190.14760823379874,7952.084562987563,1477.551946856649,20742.58473007448,931.5514848843751,BENIGN
5073,17,94575,66,46,32730,36880,156,7,392.6338447438242,193.85893240981602,624,56,70.67868744418936,121.52927665229436,52127.93814361605,725.9702904794411,165.05119585768927,1168.5205742683586,15168.38174836289,44.95495600135613,BENIGN
3079,17,510470,36,70,35011,12780,608,59,178.30187812085904,196.82792940834722,600,3,33.22826297856702,151.79196308855214,80656.77803175419,441.83479380201453,4191.531610482617,72.9491242160818,30563.43382438722,616.4180959178356,BENIGN
4568,17,526670,54,82,4710,48458,29,71,116.06157970772796,37.408537047742875,672,42,216.38993612945123,85.9482408246549,412.42091357294714,836.4187543620312,9844.671837112533,1485.275736050331,10869.7390545507,379.164569782912,BENIGN
5343,17,690084,26,85,43805,42856,1302,33,179.65783859488252,172.96076174803417,333,99,344.9410054175052,195.53601764081375,19746.593058831797,808.746857391457,5798.610841235529,3578.1953851111816,30744.41894289111,501.0314590135054,Bot
2979,17,703898,75,62,7870,1509,342,15,324.4387523506133,78.08466523877836,1098,98,283.8805611488635,11.445281482293712,49623.63157953972,959.7028988210645,8496.978203210587,4795.4464418810985,18893.48214102766,528.1788159786877,Infiltration
2285,17,221072,72,56,7536,23957,916,12,275.65962679000046,76.2736928973429,1435,62,214.82846109300095,117.83213634944289,70533.85296160144,251.78681262593463,9635.63120949189,1563.7061621881664,17321.265155799534,771.0460974673539,BENIGN
6637,17,854066,40,54,38337,45172,953,86,373.07675622800684,52.539526379380334,35,42,409.0562733872955,116.72015468875242,48507.96921201444,230.0099236092601,6850.720049715044,1203.4266010534661,15284.776141709071,557.0125197729388,DDoS attacks-LOIC-HTTP
2499,6,162877,43,59,39510,34346,920,75,172.84170349847926,8.942054910979301,777,66,397.2137360918735,7.25925568214989,16379.960970274708,32.47646731331068,3276.9769864701148,4440.345102313171,33694.93636635124,593.0856281251098,BENIGN
6504,6,955848,22,98,2523,17263,410,90,228.75414386501927,53.60179673704471,222,81,365.97102753888066,44.9140344795476,92998.98193798102,411.0056793311024,3086.760735777067,4262.524254161143,28125.296087594463,332.9118437718095,BENIGN
4666,17,861496,20,61,7840,46874,959,21,55.47434263664713,10.755381066610404,529,50,38.516124076880544,181.10851672991308,32873.22645923347,459.60410558666166,713.7028013568032,1640.802100718432,42587.567783107064,125.94529778427544,BENIGN
1655,6,692897,8,29,14791,26148,1339,95,41.16402978622682,184.87440927199268,240,55,398.2348139478218,108.90280892184276,78823.68598263645,964.5493195960087,4278.293247958989,344.0257687852699,12088.092776993743,682.7323334218322,Bot
5428,17,209044,29,92,7920,31533,37,26,233.81634520782973,132.3441344785457,133,42,459.71065799735,87.2771749935761,89142.4193264153,830.9545088778011,9153.978766803182,4959.947202333713,2015.5777747681652,0.48214047845163144,BENIGN
7441,17,992482,40,21,15857,42608,476,63,154.29032068573215,177.3245300032783,390,23,29.72104414545823,83.09928910736777,34651.47327508976,167.6249263318736,4781.146203513214,3403.521437308924,9109.353857077123,328.7171694903692,Bot
1777,6,643394,90,74,5659,12931,1293,1,308.3362832073848,143.45813629411413,101,95,200.8356944042675,177.63216640402183,84532.72501519717,798.6908732455926,9110.038106357682,4632.902485420671,17174.38465280053,218.04395442465994,DDoS attacks-LOIC-HTTP
4472,17,236540,30,83,9130,1359,991,96,26.2860718950631,26.25737421652785,680,33,494.17774485829386,73.40623512431716,71080.26057984808,179.1209815549201,8171.602190349161,1709.3723715973074,8990.952965522845,388.5334407561275,BENIGN
2090,17,728442,81,28,1961,24532,110,25,65.27435691178489,188.11630734705957,497,58,299.6194292341418,171.83337246525156,90429.04085783398,78.68730478791932,9841.886945786177,3238.4270954149706,4184.698768542941,311.2680270638256,BENIGN
5901,17,312827,84,40,10175,20344,560,91,433.2694514976656,179.9786107265534,510,1,256.7887010637314,61.83851986189004,25138.557065280536,837.2456687052797,9477.005123638739,3372.486151033064,22272.470273746738,704.2170797522591,DDoS attacks-LOIC-HTTP
6685,17,824924,55,41,14362,4242,811,82,285.3242526519567,69.61521558020713,702,1,88.72307373437177,106.30079690056868,93128.44783776619,975.9836222750712,7065.126207260843,4364.527337694595,33849.913850984434,260.20605058643645,BENIGN
5897,6,7561,16,97,9756,20601,362,68,357.46699417715746,22.3066680703353,993,9,282.74314166708496,28.76395390718176,6539.994602226328,89.03042598327629,8712.301651472873,4965.29018558002,37581.02264002933,560.7503455874626,Infiltration
8024,17,624511,46,64,43748,49232,1333,96,421.77619876011136,140.83095015777477,948,22,219.52163023472647,165.0060624486889,79369.19181771184,814.1109513422635,7481.028938622124,543.3308926199331,19942.37896268299,455.7704300579364,Infiltration
7287,17,797048,62,30,29007,19116,305,83,234.59799976027585,145.6722605473445,1366,14,63.72152778506152,147.19497420096556,43572.14541995626,859.3534359945244,7034.241751907536,3155.5842271521574,23907.449281406945,801.0575053355227,BENIGN
2869,17,472601,7,29,41964,35477,362,29,381.72489006390066,179.36580896814144,840,75,232.16632630901714,106.01861269495329,17797.217785627538,119.63682868217573,7155.880219400125,1682.1997418129308,37775.96996380628,428.0924878621658,BENIGN
3271,6,148686,80,17,24193,30782,917,7,264.66986164139456,10.531151890215984,5,16,82.19965258763024,5.180261495794558,7949.501480716932,283.9702183001741,7210.7157099042615,4058.2921353006095,17641.86443711417,863.876077931563,BENIGN
7410,17,383495,45,16,8814,45559,1163,37,115.26064128548342,28.34076760547437,957,81,365.3318108630283,96.2514663715108,38960.855914754815,733.9269783740518,3794.810699603623,3770.7399237322115,39240.46290128595,0.1457676072530445,Bot
6925,6,494278,59,37,27179,49819,1028,60,172.13980355646507,119.64975857583646,193,13,486.8241830718115,45.03930564504937,38938.49893343483,807.9225493029459,4236.200598109789,4462.592621119569,48369.12951929251,604.8363552056499,BENIGN
3750,6,953872,56,13,605,18880,1189,80,247.72346832255212,123.82631017401651,741,80,234.78852421284807,82.67485917500387,23003.43885685547,354.6201479276155,2941.4175205712695,1718.5143864024155,44025.22636083561,9.806993534163922,BENIGN
2509,17,231596,48,86,29602,3499,1107,64,161.85834832527402,6.721932463001257,1160,78,316.1841659573064,171.2852977717289,21559.384681300755,160.76947027984139,1483.4574961376231,922.6517207888252,22685.230880984487,713.9343233434745,BENIGN
1651,17,692248,27,88,40653,31587,1375,66,171.0862072181997,79.38641021233168,911,75,215.48776238342114,153.9206610701466,39957.43466170113,648.6961315332287,4584.975559941589,109.0083857558205,28980.129559497353,234.92240182820834,Infiltration
2836,6,731209,53,78,20833,44458,1498,45,172.00945146813936,116.83234625520981,472,15,69.22692682850268,48.39058190151944,41017.28718168368,702.2666346402347,8999.592943433554,1277.5334185910558,35824.155068936765,379.9812517731294,BENIGN
1035,17,716509,87,55,5982,26020,1123,89,65.80578953426658,147.58226663034677,215,31,485.2776432377494,196.9906865851101,44242.05626832759,504.1042460411329,6512.995801471671,1835.8576987761548,17471.529117384674,380.4375142735038,Bot
1368,6,849025,88,21,15892,8080,464,94,46.898090570064426,63.23013835566571,1372,22,64.78933204203985,180.64210125809356,86877.25107890952,145.79612657237556,562.7474168213938,4730.33492973996,39963.91261781453,846.4224183598916,BENIGN
4631,6,560415,73,66,868,23207,721,71,28.015539647195645,96.78069860436828,875,33,55.81340425677034,105.73468862675328,61129.33809721152,844.6422575782894,8112.188245701956,2456.8631692362637,21851.480594073742,102.09276089295427,BENIGN
3107,17,880079,35,55,5529,33957,989,42,59.923349211996694,162.81097446240184,1206,97,229.58647083565026,106.03006405758266,2053.112275491786,645.6206931074502,9354.079870647785,2782.1975205439476,42343.6094894407,666.8969533502626,DDoS attacks-LOIC-HTTP
2859,17,174021,51,18,23779,13908,1365,58,175.1350106071309,190.77901277954808,1191,15,329.4436328834661,180.25319300066047,51914.733183800745,869.2950845820044,8294.394977427719,4400.643810240574,12744.147407354012,981.2568291942039,BENIGN
355,6,886659,84,56,25030,30652,748,45,298.96654386261326,46.0629350779691,37,33,177.4616354864456,127.2289616878464,76247.5050856156,933.0361054155925,7275.686600143314,4425.347568820704,578.789036078286,22.384429137610297,BENIGN
5898,6,673318,37,43,42758,30344,986,71,98.13272896865743,50.60844116397924,470,70,96.25851109845152,107.33768237255458,5650.866521385274,805.8921575826307,1502.0538377374014,2639.5791328160103,31638.092914659028,965.8941987618161,DDoS attacks-LOIC-HTTP
6421,6,739622,81,97,37095,25034,1381,34,444.56437877130577,187.9636374867751,451,32,409.4816840137381,149.82970473618587,42266.561848617916,958.6987571018185,3490.649922633628,568.5174936666588,22599.93698348135,18.404728943539617,BENIGN
4612,6,603391,95,34,19848,25788,242,38,405.1493034635275,79.18223015253672,1165,67,181.5516603047756,47.01942305415046,45126.502224324126,954.3034880001179,5653.303596591955,1352.580823406148,3000.5576197078376,841.1494584590625,BENIGN
915,17,707855,57,0,44922,12751,1033,91,262.660920840536,143.66966490414853,1012,42,97.1604866919536,175.67548393911989,95402.50502905421,619.7252108349458,769.5309330045169,2284.441000030611,24385.74153012305,961.2444196591092,BENIGN
6323,17,564146,8,51,12889,47482,111,50,363.48386625261315,122.45304574597525,102,63,182.54243875343508,106.28304808161087,47573.638538758205,728.44592779361,1063.5958711437129,3755.8474758894326,8436.806572621528,993.0273822719166,BENIGN
3566,17,316556,79,84,33808,33793,962,3,186.33261972588542,57.11753595881126,41,70,107.27710382139549,120.69985899434018,74992.5272635936,699.7091267715616,9342.604966189487,3558.4087416455613,31491.160642426355,459.1213409705521,DDoS attacks-LOIC-HTTP
871,17,330914,95,92,42265,32839,490,79,23.2050074028795,130.71244439160498,946,17,259.72386890617025,17.988774250966898,30297.175500453195,621.5150588271346,7027.20924156656,3213.5411764988266,22257.82842646978,866.9575062502106,BENIGN
1707,17,82379,94,69,24300,38314,1247,76,452.6447595286072,131.11318019139466,1170,67,334.14469306884956,61.90179175244632,77932.87205233127,20.33582065502137,2751.595373466704,4401.227799011722,8564.526347728546,122.33954302960504,BENIGN
1951,6,15534,20,36,46083,35453,117,83,68.25777668762188,118.48863708181526,65,60,399.77868859959295,85.34706733441891,32273.010026069085,356.5507754035505,3274.2757373037166,4013.232041535627,20602.82797113203,425.38433861426137,BENIGN
6853,17,719507,53,64,10265,9385,1198,50,474.2289864579275,19.932164969902576,942,74,113.78101515993293,82.7819046872039,43008.05849862753,100.97823539776887,3844.908613497414,4910.571204038151,11643.113320791663,307.9749761830265,BENIGN
3766,17,441091,12,50,1457,18232,982,4,288.08188119172445,199.03436447480755,192,19,83.47700285222275,155.65687323569156,47953.43295839167,300.95885102204545,751.6378544945904,4445.7926046657785,32658.308055841007,395.1770506070785,BENIGN
2447,17,338013,49,0,43015,43344,713,54,156.25371520560782,80.08329223416548,1321,10,9.801710447610079,56.464479498001594,92637.03331210696,69.49624211917136,7392.030810145567,978.2821392171426,14764.21726854606,701.9808522643922,BENIGN
1588,17,770142,17,90,29205,34790,344,19,250.28468853936312,127.65019707939777,1061,78,114.04388417362132,36.4218524686132,5354.8202450087065,920.1114651546804,1769.1632868999652,288.0828276019781,41102.64732906464,87.48020004275526,DDoS attacks-LOIC-HTTP
4020,17,328921,64,20,2860,15831,95,23,253.30675541693162,177.15233882252386,501,45,11.95267624889812,116.52345029245063,19694.746429570612,451.87858574029667,8051.39512818228,2072.5547202216167,718.0186425206992,998.1639603286299,Infiltration
5072,6,83655,42,52,28410,20125,743,35,16.527104324078042,84.65769768396727,1451,63,172.73710184452966,123.0029716734165,70577.21719228842,190.17508322771002,8458.878425339559,3087.5222545063953,20176.864647349317,635.0671590369196,Bot
2758,6,652767,94,15,11963,45708,884,33,180.95262668264863,154.78501136110972,663,80,72.84654441501831,24.316661417248177,57761.99021159805,585.1944518328879,6384.703340097214,3215.517498475196,30857.851974842673,873.517586572262,BENIGN
3518,6,741380,29,60,40884,17682,1457,53,371.23357077374413,194.3648849358812,351,97,289.94779911389213,0.4937005971991981,25160.623727593436,197.25448243924748,7698.779579045732,1337.5638075917934,1140.1881396136566,829.6955652387791,BENIGN
5752,17,763899,19,53,23545,36870,373,33,257.48424853060044,71.78695205060966,325,75,191.86337974563656,183.52981600437178,28927.196740225572,804.6358814686358,1719.1798316937477,4299.404822243352,10799.936707177492,765.9975440388064,Bot
5407,6,176906,11,39,10010,17288,69,82,125.89390791974418,81.05391404654733,1061,27,46.79267053537978,15.92739942266681,36737.27546601191,306.6131906305108,5759.813887723698,1646.2323182271348,16377.723776877701,39.223531124082726,BENIGN
8022,6,888197,98,25,9513,35794,1283,16,170.87938071828728,181.11521179931373,1120,47,199.93323151829705,179.57338638840002,45040.191463539544,315.5857322320658,6768.316345146866,4595.573031915717,1102.0092835713888,516.4670765835401,Bot
7764,17,481819,50,79,15503,39477,569,4,432.21192459239484,31.9285735630366,107,34,104.67405798392582,79.84297487728223,81804.55205204527,870.0809929725027,6615.944247961924,2358.0070065161076,27339.06833548502,328.14837621450675,Bot
5556,17,433919,71,91,4065,24405,126,88,265.14708672436365,5.718967671888464,630,7,340.08867567005274,130.6111815990134,1391.4094924315377,559.6436817655846,1173.7814865541645,51.95333020918014,31547.110770333304,112.93911582184025,BENIGN
5307,17,470024,58,64,38180,38737,883,17,266.5343006628618,181.77780096982238,150,90,182.21812238536995,37.12293814127925,89802.9939239357,887.4148036497544,3444.480242337901,810.2065559737309,11383.837368133512,342.9902064199032,BENIGN
3933,6,999530,34,99,32418,2620,924,54,480.92639223025,164.31831482351606,1097,21,73.51500460757305,164.78340556549782,41308.5808920365,413.47514183549276,3251.050177301883,511.5962832749882,27178.701539145637,644.8030373081823,BENIGN
1086,6,68903,20,73,42059,35414,977,52,163.83629252313847,194.5166065102664,1080,23,174.8008662021433,36.03867737997486,23057.44678146565,344.5837688555258,5725.696199096486,220.12897900153817,49956.35318898329,230.62642862214423,BENIGN
7743,17,432648,50,63,34450,37633,1008,49,242.37285692758306,11.64755654213565,877,65,112.18916696509274,77.30182966298133,50846.18582573925,506.6967942688421,7652.606051548664,3570.08655405338,44347.09519448851,444.5954292225463,Bot
4400,17,878235,88,42,28261,35057,53,71,406.7982308718128,31.235466088197448,334,94,397.8895008191931,47.60515589616527,65970.40756953083,62.430179531706635,5706.333071335967,961.5793653020111,2942.4549717084874,404.4942436286503,Infiltration
2464,6,807844,10,16,4542,40138,518,90,380.6615631990797,21.06251181796177,1275,85,491.6837801824726,167.50119153738737,4484.774397168414,155.04657043811187,7548.519559077891,4193.0989720324305,6402.844396172098,52.46296280641116,Infiltration
4127,6,748836,32,58,4934,13854,1198,78,136.5707138546929,136.68322645874184,803,63,12.74569451488372,171.6671627297759,71580.5773930916,220.302114090591,990.5769993933822,1322.3441440721501,24725.222034252867,628.0825293828008,BENIGN
5746,17,477842,52,22,48047,9677,1401,44,79.79006856466599,121.20201474942864,766,64,345.01006865764094,74.40577787404625,76078.51114651041,816.8606054037755,8781.508769981907,161.63553245420735,12267.603732087102,618.846902292534,Infiltration
3393,17,699639,15,6,12556,44111,1325,12,351.8487652127473,71.86703987745193,1277,13,131.9789168117433,61.475694200854726,16626.566609498695,734.0649581538501,5366.634076573233,4103.376719876145,4057.652166469777,966.4145052470047,Bot
3989,6,726902,84,43,26589,24074,858,15,132.5398075195614,11.484695880449003,1408,24,33.20432193464723,154.71307503903304,16796.46402340652,194.11397150515967,375.94910601126156,2330.7292526549354,12735.179092358485,298.0052166314771,Bot
7440,17,245504,3,52,6095,17824,926,85,461.72453511949936,127.93239680930819,1479,99,7.175654792646757,175.70239436225023,20386.417608542277,277.4708168091523,6432.486817221241,2997.5272013449694,3068.29310271339,418.95102864202096,Infiltration
2566,6,642349,37,70,12400,765,907,83,68.97760852466692,114.02409702301132,258,99,440.5048346062136,124.80399882281277,79664.9049196097,944.3176016036605,5173.954526443392,1681.1364432078158,26500.32298136129,403.63762234941316,BENIGN
773,6,302623,40,78,13290,45439,808,12,162.5660240667144,22.58064221212315,781,2,176.80325103889976,185.48073514582066,27207.5855625596,86.71715926379811,2204.475318916801,230.20198077820908,24517.602682495068,919.7439009857786,BENIGN
2102,6,17397,72,33,24128,31615,885,19,32.119687227832316,181.78194089474283,1488,4,497.27194604530206,76.60876257001672,79595.62444705491,547.907643049912,7644.490160654936,1850.885445820623,326.2444162719476,408.6493153892714,BENIGN
2794,6,788543,40,45,4874,48926,295,65,353.13612689737215,39.78994193439811,33,64,221.18858381510614,30.37728040347245,54056.98065529551,522.4849850224845,9335.748943828592,2591.4318514678607,24130.994618240024,442.76414420595864,BENIGN
2916,17,509446,56,67,42094,36860,1237,98,446.17501121312216,148.70183042877127,325,53,93.7988758856872,35.92859646340827,76719.46130387916,725.9821093405315,3227.5118549812146,58.43301768309273,25995.059311576937,252.34453419174673,BENIGN
4205,17,120334,23,77,33999,12975,693,46,319.75789102884846,177.01517250858964,836,18,388.5717842612729,133.966390459444,55371.76743754429,262.1739409771491,4939.662912480873,2871.450161019094,30289.130013169826,1.1681464240477224,BENIGN
795,6,568402,11,77,35638,9341,828,18,469.1877426781844,115.89499813874168,1261,96,463.2461081836493,81.50528461572331,33583.53223218696,934.8378781471071,1282.6218119855923,4465.210772795865,48505.28522308116,110.45067137536746,BENIGN
6768,6,767554,64,15,26859,28141,130,44,68.60946935809878,49.369781059650265,690,53,407.8105153877455,31.262919668363544,91072.30712437924,411.17229874706624,9298.067437324456,1089.2026121001313,49134.7944283295,703.8891514273089,BENIGN
7133,6,929342,8,70,27576,12334,954,36,48.42829399503596,61.849703525028275,738,93,372.59961701376386,58.44537098072158,71532.41322912784,286.43388762697066,3188.6418001327106,4633.845805741994,26351.1962404344,682.4955933756427,Infiltration
1645,6,880865,93,95,10712,48845,1027,53,420.0143019278485,177.14950674376647,1489,75,167.34984725958424,106.1210144065497,48410.639703542,337.53254742901896,1948.652052311559,488.04259411793004,42260.88301351303,322.5305728448711,BENIGN
3089,6,178670,94,18,41206,15835,1221,5,428.4780318163213,59.65143127529693,743,9,32.24518194752135,24.289053392427284,63746.47335276319,349.3736264514852,4784.808339017785,4127.181751114108,4267.436841815558,473.00622774697564,BENIGN
437,17,783252,56,1,15395,26548,916,13,416.3645659180284,149.23809666346085,1327,97,100.6496742800449,0.6884997888819466,61588.177153340606,199.72948525161462,433.78161252230626,4201.621791510786,26562.41957527947,297.37839338031625,BENIGN
134,17,797652,60,9,9346,35434,22,3,400.4876267542041,198.03304245108106,846,15,223.40512712370054,183.45960949912254,35818.04048826196,928.1258658879528,2529.115475432822,1288.7993144906945,33948.21396060585,730.916388557895,BENIGN
636,17,509833,10,49,31235,25039,612,85,184.30304014963681,199.96334387253555,116,45,478.099935007202,60.97223815561714,42382.93696048438,175.70030942472482,677.5097071776169,4789.217039542336,28240.79369028172,842.499350106405,BENIGN
3994,17,926371,39,80,36031,32530,209,54,112.64373137773693,106.69594965386628,1230,28,361.4270898376771,44.299629068597255,31832.495195535736,882.9498017050298,1274.5841737875037,2082.9936285588883,11543.74251276471,899.1052926554752,BENIGN
3287,6,285096,28,11,3792,38736,595,99,464.7579898989061,165.31115935721957,649,14,414.14152258412366,139.69616194563775,99951.81796023114,405.524290720487,1122.463351107815,706.280437327969,3142.2727353675014,173.87132142112083,BENIGN
845,6,341483,49,69,23351,40409,1489,33,156.96509050992532,198.0499735842399,402,47,138.646948453238,170.68054443617567,58010.64475389909,270.0072070272409,8724.327130224554,2958.572254135833,19339.597535913726,695.0167418345532,Bot
7688,6,394245,36,21,49928,18565,457,26,202.21180267119595,74.93457796839644,996,10,341.9115137267516,126.45575346870484,9214.611556535254,199.31044388582265,9304.418045498245,4983.073520226331,32385.64846436007,963.0046771305895,BENIGN
5765,6,732947,13,31,24104,9834,850,6,351.28168492855843,50.481917014061175,232,33,431.2190716889982,50.89655081970632,51915.52729832654,504.83798757836183,4745.74713563568,4496.457744796472,49585.73655204154,650.6117041312974,Bot
1536,6,511703,96,83,49121,36656,1104,2,150.21125959702385,22.84667116843664,928,35,239.70575744829225,172.32732467086174,5005.6968475372705,669.5892844465768,6304.540461445599,1393.0141305755124,11834.30723468347,350.9741436011091,Bot
3166,17,615963,36,0,23876,840,599,46,410.4694596726956,28.17992761462522,1307,29,214.94593011537933,102.08543922544386,28872.318310813458,898.3228094300208,6959.323070732721,2884.932996891878,45890.317586472076,635.9463658006981,Bot
432,6,507465,26,53,19059,13873,1163,96,39.66713869773172,170.71127272413267,479,98,359.70225671588935,76.23816059204938,44601.65198645856,652.7941371264243,3913.74193539573,576.838298384083,3422.3873622679475,688.426052320934,BENIGN
7563,17,619428,86,57,42729,31568,898,1,396.6354203575226,117.74461806141481,975,72,279.95584312237315,120.94522392659479,53431.70595532517,484.1788277824973,3702.7344599618355,2309.224021685447,46550.153803459674,397.04729986039456,BENIGN
7607,17,148610,4,69,31002,10846,52,79,302.91640469581307,174.74183507849716,8,81,496.585541597022,140.1224447276633,97618.3781588282,34.442588513647934,6756.014623217473,2615.350338455907,41620.014725822795,103.990950547861,BENIGN
748,17,179687,95,82,49047,5899,529,24,288.63185383622846,157.8910178064337,714,18,212.55140036428082,118.76597482302844,98222.35016317717,915.511478769944,3767.7684379371394,1576.3914916556425,1057.0581830650788,606.6598675202233,BENIGN
3368,17,530132,82,17,14577,20502,1046,59,231.89663437363703,134.74892600960357,378,67,87.9716386624933,184.04908914456118,9815.956296936376,902.4668737394572,5810.514185982221,2420.9354146850283,14916.286850692344,802.1408005167268,BENIGN
7184,6,739280,64,5,44461,565,734,78,142.13757016029408,121.86243838137214,380,69,235.96752639315645,125.60356119981073,53817.88594956129,379.3382503535041,5152.412915303766,4599.692290905868,2557.3231173898907,997.5764837560588,BENIGN
2828,17,435733,38,44,3523,38773,632,23,234.71479128846212,9.66778083561859,843,32,117.60249654886567,175.7161425251153,81712.76842525948,30.005628012936885,5245.0815484089135,2500.6881858986535,49775.33851776268,223.05830696294205,BENIGN
695,17,924673,88,96,49657,41924,997,14,227.76411344925023,174.45503920063845,359,95,280.6269103972505,117.39168703077469,23778.90489707295,733.6361819560962,8293.759269901633,4154.951552837987,21397.921789142976,700.388974181735,BENIGN
3485,17,828891,87,22,13345,43242,812,94,293.95832344761965,83.56841233594285,175,79,62.89849621897292,65.93591474602498,75058.80422786127,791.8891959802751,7040.867031878067,1586.9521458171694,33112.05424533576,28.043200166073646,Infiltration
6008,6,675259,22,22,44150,9187,544,13,144.37927149848747,111.9573714142784,484,74,474.988136774593,106.45936349663907,87863.11937994088,542.9233637257917,9606.86585772689,4857.021111862408,11717.186835371116,969.825279747811,BENIGN
2524,6,360990,2,25,38600,7226,311,53,43.409813078193764,4.390700375404144,1428,21,429.9114407700805,17.267337930320515,66252.1147295855,403.47211027755793,7909.975295888544,467.3161672259274,46687.47457099091,12.56446152438051,BENIGN
2987,6,749222,31,76,14847,42147,536,77,76.81927608637343,187.21470037255742,32,35,77.7826985544352,46.03492677915886,32777.05785102343,851.281704965196,1458.7793534843574,2927.933234209946,13715.962686088189,358.79496163871147,Bot
6355,17,645294,11,6,12132,38658,1148,5,351.0928285734786,180.54809221840028,1488,22,86.19646137350485,153.24633244074334,92314.00061086385,193.32390027007003,7385.094546695428,3949.438975834013,13018.128219041902,76.40277297623221,Infiltration
2806,17,201360,92,78,34850,45881,469,77,16.133703169592543,108.65560598362111,695,62,256.2193372440083,132.29512213688523,88353.17416648014,440.118631026605,6656.809892117387,4070.2049315512277,15736.858796108228,620.9679616080689,BENIGN
7876,6,745319,46,43,31017,4311,841,80,428.93930709948785,115.46232663367148,156,25,386.44069352086257,33.30374210677227,71585.37362621582,25.461624607971977,6460.793751133974,991.4055539352096,23129.833340888814,339.4997956080236,BENIGN
1142,17,777981,96,26,41307,44214,514,17,348.7266771025571,141.00344248069774,564,59,109.53966783376472,87.60303525161623,36373.17466258294,164.84651744950867,4807.965517293845,2008.2294434249309,936.4509842232543,732.9439313304604,BENIGN
4099,6,763134,62,25,27694,41616,1341,19,385.20283794731955,52.93897928723001,201,94,30.485859779765924,28.39844118604995,79191.71727585599,940.8904034433327,625.5767342400483,3120.9808623205154,29895.896631402942,486.37806666805204,Bot
1591,6,531985,69,96,26403,25689,941,61,418.81230230127005,44.38312454266051,1198,92,272.76713829130756,171.1635712747948,31617.737060399097,578.5051671143927,9514.896190333187,1579.413548862083,1592.9731990654996,419.403416351965,BENIGN
5093,17,833625,64,78,22764,6083,334,80,65.74166974543968,134.80458932032656,1267,4,345.798557051005,21.833940350857773,25302.755604843736,805.7867371982907,8519.395022549395,3291.4800760674,26964.73236210226,348.5163491147919,DDoS attacks-LOIC-HTTP
5124,17,430542,10,35,20809,12598,588,79,412.11329003018284,20.884489231781632,1292,53,122.1827456463585,130.84699935206692,51506.188557258996,487.0139136886108,4868.593566081167,1893.9033565635127,22899.666260083777,86.12916701465245,DDoS attacks-LOIC-HTTP
2163,17,203299,40,54,38737,16940,770,39,254.7980066412329,90.81240094467616,922,37,369.8838938753191,121.40000019563384,99713.55114787506,834.9922709105316,1586.6510953404534,1754.3316129261116,12134.927436239146,204.82485267921479,BENIGN
1707,17,376894,24,63,9117,26880,1208,38,443.3343001828325,98.552084799818,1469,61,475.32189247230434,94.55532912936997,80434.15092399776,539.4115603304775,8244.902105899731,540.340857452048,16495.103178369627,639.1025049884855,BENIGN
6826,6,484685,99,90,6003,2580,860,51,443.86036752487,76.2673953830336,73,24,68.53722134273643,55.64692453282836,72981.9752845112,5.533175697574648,4307.285382486449,196.26439426522867,35285.93396412104,496.7516685387622,BENIGN
7377,6,732822,44,56,30815,46612,1205,31,16.968131658314253,37.053635139546934,95,97,255.51453265434765,80.79129999860588,45206.754541930786,899.7993080237974,3901.749121140088,4176.36895006091,489.78001837110315,70.08945160555957,BENIGN
7923,6,681877,60,68,28124,42321,969,72,194.51828166435178,71.06325286507094,172,11,28.420975340791298,161.2782600922094,31201.88141848975,149.4175537160767,6654.156937095081,2447.722460780371,15839.190429907729,543.9517176398548,BENIGN
4152,6,936297,62,60,37799,9386,511,26,265.5674039533103,67.51145071209,1429,21,103.33050361535778,152.3101631092205,85591.51730742009,451.10420654646305,7586.995309927983,2814.3656660450333,34018.05973570172,54.142661449082865,BENIGN
3871,6,472990,87,1,46324,19522,343,51,340.7882444425365,99.85313492975007,154,8,44.90967673053664,147.76182303222728,56777.60067030211,477.1976545198759,629.3445254679604,1861.1051126424027,7622.170531473477,511.72694751998824,Bot
3460,17,383200,17,54,42952,26224,293,96,146.6621921086463,134.93616831570387,1206,83,202.00331154010127,149.96471687221157,81327.36256267868,48.18903741602412,7675.7966084186455,683.7102273688522,28023.678852763303,964.9614468988891,Bot
3786,6,115698,65,96,16148,14635,484,62,129.8104190290029,193.64702470523412,1346,28,410.4158951873788,28.777274871067824,48780.49342000215,54.017315053805675,7339.67107301493,2247.8599884560326,8454.957094850806,307.344553730402,BENIGN
5664,6,250200,95,79,44537,671,1087,73,193.7265309490784,28.832652034865646,288,43,288.56522526089066,19.81929007248633,75398.20982626991,762.7892576352621,5892.506895609914,1144.7853901558435,7746.54622408141,723.5031386421754,BENIGN
2346,6,782977,95,86,9200,33545,1491,62,252.96465241619777,174.60342198821635,257,92,111.29241858271538,172.29972457080441,86775.42845658277,301.15033926064416,3384.850724666985,4188.415233886052,38616.281985230606,745.5520405919752,Bot
6380,17,708621,57,37,26733,26855,1453,16,475.8173845456796,56.83560007805249,173,26,20.055323547861548,167.4349140688888,39145.08874673525,410.2185380736442,1648.8566704110228,4933.942690372449,13333.602411523872,404.8595334111397,Infiltration
2934,17,776776,55,79,12896,35790,641,48,382.24369101523155,118.27455400028113,329,54,276.6990976433765,136.2636608092727,1366.821294702552,564.5484029497745,1027.4270388694486,4445.480677379029,18794.698256436845,593.2921507799099,BENIGN
4988,17,133341,53,77,16789,46585,712,99,217.51397763416412,109.34738959677361,1254,80,66.3983574952855,121.18114906310764,25500.107336430694,374.01271844279444,12.835753491961118,2641.371329628152,36503.60310059224,472.0460906975376,DDoS attacks-LOIC-HTTP
5937,17,739552,56,28,28184,14260,418,80,31.911258327890963,111.38968372565259,758,4,171.36701368187863,73.37434129647768,91492.35495803005,775.2623891166508,2065.3952967452365,3140.6587259102225,8984.184831143386,283.3630197108063,BENIGN
5412,6,153224,98,25,29096,1074,991,81,88.41769311116089,144.67172234376258,1019,51,255.096129456803,44.81651831560065,68757.35063262357,884.5801889655484,4113.958363529679,4740.612713696191,26591.533696429553,754.7420952005399,BENIGN
3972,6,465165,9,34,17332,42676,1337,22,230.68259003811144,76.33766114979919,160,12,451.86626784309624,133.53128754596727,73724.49945652967,60.65816623573838,2437.199669669443,2693.409667943626,45891.804991595505,702.8266156484058,BENIGN
6225,17,205023,22,78,42606,9475,568,97,407.8438205488586,63.81999264737112,185,41,40.91166354435849,182.60692761649537,32535.60854039949,635.7679805207041,3090.481556996494,3192.945616457753,27695.80270073065,900.5488645732307,Bot
615,17,8136,13,66,35288,12878,231,71,193.44429016028525,170.56691463709546,142,14,334.3037961334153,87.39931514762999,70130.28573765275,318.34234744969126,3905.1337011945407,3146.147518711641,2451.7998735052374,618.1261796596027,BENIGN
6019,6,556166,89,86,18043,15120,167,12,271.55584211880455,44.019008054854055,1305,78,7.040642752439263,60.64249404458071,64631.75171948843,583.6920031383756,3083.3148223458456,3540.605759062326,29488.96676110876,388.7201411961959,DDoS attacks-LOIC-HTTP
748,6,945338,48,28,20084,23147,357,22,446.4434186121255,36.049207462228615,906,17,314.95427618014793,54.14836269789822,17845.58261106813,484.4234108141662,7246.4857655486485,3201.425497891594,4516.768441724747,714.0075581026751,BENIGN
1385,17,154345,18,33,3445,1986,1192,56,457.3291484161813,3.121487331052175,639,49,275.7662446652968,4.741048579949725,96869.39083529015,334.34484249126996,4917.776164860535,3353.5269902778637,14113.40577625982,619.0362295586422,BENIGN
4512,17,685863,76,96,35979,43593,898,61,111.80862323913125,42.11555640583735,26,1,405.93331004503386,104.06334443881309,35409.01907884052,95.72083068431179,194.2521503726549,3629.472361163991,42485.258516122136,616.6141928006347,BENIGN
718,17,983925,40,40,28952,32430,931,53,26.579486287334223,103.70628666334167,1269,86,265.8312364322397,197.6472059709663,32935.40451426582,559.8804715913948,2267.4556453916716,4045.4961483397437,563.3457121502103,849.8377570282212,BENIGN
7206,17,202847,17,40,29069,41961,1268,19,156.1782128308999,107.70177460282271,201,12,176.30829986306873,163.04754322786448,36922.462807577496,113.67977386035359,7096.8727881006735,2015.2748463150206,3859.8953001444356,910.4685387469528,BENIGN
6340,6,923948,15,22,47931,17430,671,85,349.4221458387612,50.88409823910687,1044,67,121.3754356641133,179.49494363305166,9181.044335923725,156.96396808851839,3010.0043023445714,3729.169921302891,18174.572792731742,180.24166442168732,BENIGN
5751,6,543188,15,70,32836,2176,414,51,475.8005394832519,14.45483400823997,669,46,42.6248708910365,124.23281925510122,62500.10207415065,982.1930796759791,9201.49757521879,501.01879576981145,49969.800036168475,314.0502242172555,BENIGN
415,6,287616,79,2,30307,18722,1290,22,43.13083999213639,148.92815926904123,1117,88,267.3063371482156,96.28928209655017,23870.038132202215,317.3884851567317,7126.927810426759,4380.940661207643,14600.276664531442,650.3057009675414,BENIGN
6608,17,323760,63,57,43900,42815,686,34,19.0994862218894,151.59506971245995,1031,74,444.16096332428424,198.09140148075028,80333.24251085425,584.8517534318495,2899.9798318205335,1450.2215395459589,7872.1581906142,557.2212337096225,BENIGN
7420,17,807070,39,31,21332,49652,598,66,442.6528704279323,199.5672792583123,471,49,257.3722469778447,89.43242212776939,39421.676451593245,272.9597100770449,5164.582051888267,2017.3015704364184,27475.612421083963,652.3261694994593,DDoS attacks-LOIC-HTTP
4191,6,850450,13,30,35749,18617,567,33,375.3319082060549,180.00591410694352,1362,11,369.55142873294614,183.36611514268935,45861.26264424229,865.6439291675407,6672.723062771517,4018.0520632875423,25967.558528304464,433.01459932718853,BENIGN
4380,6,932577,81,81,9729,27115,914,32,496.1630466820098,185.2124129035285,258,12,149.2174691087878,152.36896175674698,64645.74119101474,284.05685068247715,1934.465287505616,3184.935190455029,22486.48322555759,412.43901371604954,BENIGN
2522,6,333399,32,42,14027,37376,1080,45,201.41247632549832,159.64076514878838,54,8,224.06542993738387,66.19568504761052,76189.49468403438,367.5182664858514,2462.628491400736,1543.1399492558407,47333.22106462701,117.65390525973429,DDoS attacks-LOIC-HTTP
1839,6,755700,9,6,8324,11906,1246,80,210.94519804270084,123.10057067649981,910,58,162.3016017229657,100.612436650597,23119.21933176269,608.7791902322231,5071.730334876703,1126.9955556232014,14014.66705381643,623.6482401045308,BENIGN
737,17,59600,40,0,28305,40002,488,44,90.29435946223755,25.709191520902095,1029,44,54.633055677448695,76.86584435274027,96629.77002851744,870.116720936942,9249.02233018043,4788.57224355295,14673.27822080569,175.78565256496083,BENIGN
2802,6,167747,20,60,9638,6610,496,18,62.34434053568254,124.46265949117554,1400,69,208.4943016417525,27.244654833192982,62235.93138120845,816.3979403764823,3440.7596582092947,438.8818051579341,7021.445999640337,671.021595637972,BENIGN
7571,6,236627,90,13,42132,43292,575,93,291.4654152421678,11.191172082925327,553,42,382.1436159186082,71.3533163124386,573.8059638037536,264.5960256714063,4021.9011506789643,21.67554304670638,34867.42801562961,967.072243229981,BENIGN
7751,6,435577,91,51,11502,49752,1375,86,185.3210756409421,177.05982225423847,1073,73,197.4874997722586,177.7945768560189,41568.06477025588,829.7254025380387,1907.0114866044544,3364.674511431752,16075.259859316107,256.41282747629543,BENIGN
4966,6,635047,85,95,36123,13411,533,14,44.756641732896306,96.36426708283949,111,22,325.08961110913367,150.5271370698136,43687.413884869115,701.4941200755721,5932.493744035822,3072.3721354125923,40138.98724935217,142.15230534960477,BENIGN
3597,6,552104,82,5,15367,9180,713,77,444.05859941404333,139.49456639516004,145,78,379.3077420254301,55.516214860332404,80918.40594767996,989.8386619206051,7401.7673217627325,3688.069814758919,48588.17628987228,24.175245280933623,BENIGN
5506,6,396552,77,9,33339,47993,1039,65,103.18645178341987,10.4487327391928,229,44,161.36811360816134,73.58266261950767,30520.92601430918,935.5122203182651,4406.982020829895,3658.1691580452343,2193.825247109693,378.8271863453391,BENIGN
163,6,409164,80,70,20375,10073,830,38,375.54925176674874,106.84968458456507,496,22,398.7572798027384,123.28678460130436,33129.3393643334,533.6035853233319,7502.743547218524,4316.2956363301155,49656.163284005655,214.61105885689324,BENIGN
5000,17,2452,73,89,39039,37251,1177,17,144.70315507846502,60.252679570672505,1329,33,169.46285848485482,83.22796300169747,7058.7043443282655,750.1786905733487,3026.7446289562063,4610.542952042284,12712.67027559065,491.85942314393606,BENIGN
3160,17,133104,63,97,1747,30960,867,69,407.3878912226355,56.99365314744913,460,15,128.05353023022803,100.60882327291259,28361.76699233622,570.6095222852412,7070.137195866986,3875.12294128943,21011.31675915383,524.3060279927505,BENIGN
7286,17,862981,76,29,9106,5901,1294,58,63.60643650668876,77.9311829406365,806,62,111.22308387993252,139.6336822191965,71699.00053157014,595.4004466728574,2584.186987171371,1161.4640081104837,38889.39029108968,349.3277443771017,DDoS attacks-LOIC-HTTP
4511,17,532944,44,99,19948,38897,594,31,379.25544705977194,0.12789217210698034,225,50,99.95207286241964,93.45016962880415,63479.34438678636,102.39932914780098,7806.714768173931,2317.480891494871,33269.90379554483,749.9062222781426,BENIGN
7212,6,786361,38,20,12692,43183,695,20,53.56884258075365,93.3321763440347,58,31,368.5620364066984,38.19395793343916,8148.594859909326,3.243462769177606,8306.585141413796,3208.576203279445,38924.06167253532,904.8066707122159,BENIGN
7111,17,349080,83,59,27509,4482,241,39,226.22331498918695,97.31333672158766,1099,37,443.7546305284588,104.11478746296585,11478.24227255715,49.138188100412385,7977.438959929528,2696.82634422371,23321.937465785748,211.52309779327405,Infiltration
2958,17,660958,60,80,44501,42454,279,91,368.33215354680425,172.62618316781283,427,55,115.32423709264461,71.22364604341848,37698.82713287155,966.6640372265299,2155.5105859004093,794.4875621731235,45804.19325785745,836.2977734061265,Bot
5608,6,731578,71,96,44876,25428,949,26,90.74309868751578,89.70512157649648,727,68,42.62014889807697,58.14684569172452,74378.33863647956,127.1419596950662,6942.800129501494,2946.3651531202286,39499.140862201464,131.18789975537814,BENIGN
7671,6,50198,99,73,41904,7400,1480,1,146.4041694791279,72.71125877353457,1155,16,156.8834881442192,65.62171222130382,83293.49863008171,45.34531447101087,5385.865333376116,4432.643247169878,15468.306491929467,228.70218454349734,BENIGN
3656,17,981990,48,62,46167,39574,883,96,433.05966108563786,198.94941027249266,931,85,328.92361946067933,87.80044349800113,1472.2580605716405,310.33456549745785,9860.383862900488,2092.586116325488,47424.52626522451,561.4156862337853,BENIGN
3242,17,374413,18,41,41044,43284,1255,79,443.13406384928476,114.24266492049927,497,38,184.26004611301943,177.32262857432423,32907.767624967,588.5917600145737,3616.4066329696616,3344.6641221770174,48053.09912938345,306.5814887556104,Infiltration
1187,6,665029,16,50,304,7396,61,38,27.243048964099486,94.5226417268279,815,40,274.5882696056094,146.81142086604004,42431.943744221215,948.5121836586299,7712.742277037567,3079.671431381691,20758.52725227964,41.71079058884597,BENIGN
2636,17,247299,55,63,32546,7338,125,85,88.20483974972277,99.18716690967588,909,47,372.1524828375977,133.5763877002724,91114.16975093776,700.1876909729355,3701.4110924561123,1885.2156842725803,32601.504794499655,294.87214170978547,BENIGN
1082,6,126160,39,75,24606,42718,547,55,63.14861043506521,161.83625950176102,1328,81,204.23926557752426,94.25204217634669,50145.64170536719,277.07661593126664,3969.1778840662655,2826.3560357361644,40740.27907534303,904.8701885969027,Bot
2176,6,188054,68,55,32659,12500,550,12,93.94808185239499,68.13527379403217,66,27,499.8474156855974,0.36598942993668615,26977.37951691592,939.1189602189112,1110.8108518665688,1051.060169494305,40866.86283640365,174.2231619218211,BENIGN
7880,6,725853,59,79,11444,11545,1052,55,485.2429235316049,77.83209253718913,229,76,148.97463011775125,68.11014228781826,39010.80604573284,37.005034189935635,2397.372197076087,2730.5362934759373,716.0359990909616,763.750879842776,BENIGN
5181,6,130644,89,40,38108,5241,824,65,278.06934815127596,151.17467186749306,982,49,489.1241759363085,162.6384079958947,43649.07980505977,979.074953259526,1645.678381436797,3994.147952451896,31454.39151599661,722.2820060044813,BENIGN
5325,17,524728,96,31,4665,23778,1425,77,236.71563327518876,14.596747922753895,332,0,101.51483261655697,77.63418190354794,67002.88739419256,59.58206012562256,1592.8464098782272,3794.7388479563315,48685.2278795558,106.22481606424205,Infiltration
3002,6,699409,62,14,17503,22821,800,55,492.31134968084496,173.03383162865174,276,49,55.46587163214489,112.7638250135281,4118.367418912847,754.0961230841087,91.15625999090935,1789.7727490353582,11575.043918330597,329.4429645838667,Infiltration
6561,6,606690,13,61,46238,4695,627,27,280.693284281064,86.04053929359398,720,18,375.415312547184,40.94796326941936,38951.27178580478,46.252241634279464,7938.013913958151,560.4260795325439,39782.48687025516,189.35628913870994,BENIGN
3314,17,980047,81,26,3781,11530,428,63,332.25337403603464,116.25859510112969,143,97,351.154828325599,183.17154836915816,64658.998145075995,931.6298809261386,4679.844248178869,3999.7128251993295,26717.038577638352,23.15018119327117,BENIGN
4749,6,747128,6,27,8573,47080,318,70,169.7214202943442,151.49523185196702,1274,58,405.5846736212322,184.6340871474133,28339.3983132861,109.55723083440799,8041.871512039619,1325.195447472614,11081.295854834187,173.0406752358963,BENIGN
1176,17,467343,83,80,17568,14318,873,81,194.1468579322117,53.210384487868964,690,67,171.79521086665244,29.214076791670763,59179.18315634877,51.42853401410795,6125.89154157885,265.21883606033856,2561.388324458961,201.57794163372898,BENIGN
7350,17,524526,77,63,33942,22331,195,63,299.23264498549116,178.06284166413022,1103,66,465.40382692649183,144.83178984126644,35734.32022110337,889.3758896701225,8313.545287142613,2225.9648010800142,37998.48633374021,165.9802473044284,BENIGN
5354,17,393674,60,58,42253,26355,270,55,39.54396308023006,195.84499445132215,56,40,59.74071418653942,15.047701550382598,75874.49954200248,96.69809003370737,5038.146267371174,3697.3526477327378,15830.352772746102,91.09720943732036,BENIGN
752,6,644007,90,57,26577,11324,1306,40,131.66202859216372,98.85487228122491,1389,9,15.138550665563077,119.70952359601957,6069.163669284721,798.1333594893034,941.3161703672062,4042.466702445938,18785.54554297458,526.3051322213006,BENIGN
4350,17,468566,14,1,32386,28149,169,99,102.42181598285202,187.38747300653466,307,27,150.28194255598575,35.730730165199276,91797.01845032863,747.2876058155518,6168.019668696173,4911.0107461096695,24266.70035191806,322.6390417028064,BENIGN
8030,17,871908,95,35,21932,3218,879,40,12.86722960430178,0.22572450539655176,173,33,398.66223170012523,29.14105049784077,17169.538669418074,599.279160449878,6777.970857765137,947.0384201506176,25364.673199535697,908.2493614081195,BENIGN
6821,6,624319,54,70,12398,20141,771,99,270.76612890760885,178.84756592710568,1485,38,336.4911536368241,0.8239634785339733,15863.12320406742,378.58475749908723,6265.41517884225,1468.974252302664,10317.21699275085,187.21346801943716,BENIGN
4866,17,948258,4,12,29342,36784,233,3,282.72115556432016,62.20906395026111,749,82,218.10438211131157,188.17142737348067,84065.88804787352,915.664969083356,8013.561815950571,3047.452492397486,33535.39308952166,602.8626300964461,Infiltration
6751,17,157051,39,14,46747,2837,1289,56,195.04991540344315,62.29908494552039,1003,55,128.12680709716773,165.8504983040916,86929.59947315863,871.2101746122563,7315.260940818126,4056.7184855801243,34630.07359799412,900.6203842656424,BENIGN
7196,17,868064,72,88,23505,49080,189,29,138.02009738507147,45.61777295398788,677,51,29.6363933839886,15.495111451591814,9306.40161144557,426.82086384553645,4326.8918595394925,1170.3751062124618,7123.623215717182,47.18965106588291,BENIGN
7261,17,842310,25,86,8444,39802,29,87,327.76963861733924,63.402780230180376,559,99,168.75278922373627,119.87512201340466,90872.80561221088,232.49323135833353,8191.217450896979,2049.572251868796,26650.14790022994,516.2774709389732,BENIGN
973,17,562160,77,59,21001,40077,641,83,71.65628488530616,42.69691673972702,1397,2,230.00988387737482,46.57964695984658,27337.053694230337,273.2990977489961,6918.173634884736,2042.0033422624606,30466.87481788238,450.6688125311871,BENIGN
2559,6,58578,32,21,27482,14379,1243,45,261.7144406594904,181.17382126199436,348,22,343.51191903560266,52.803176427921336,61865.98232395147,221.10325378519136,1204.547018411595,3864.6836654916056,9320.714654580615,928.778608077409,DDoS attacks-LOIC-HTTP
7076,17,457669,59,62,40040,4239,67,55,385.19662297625683,179.8047454426733,1090,16,322.9859774732155,174.8340643351985,6868.663105885496,541.7107107977836,5399.189281582748,1204.6610283946068,44724.161705200444,663.7647728743617,BENIGN
3344,17,551150,63,89,26859,44896,1126,30,86.32750205647379,20.442262984124504,329,70,473.67245146593893,22.865149120240446,38072.30350180881,868.6702897417273,7285.8295064931535,4843.7927734796385,24146.464800152666,349.1614099520438,Bot
3321,6,144455,38,96,1551,20812,1254,87,377.8634716049303,28.571685773298494,193,25,50.19795952643052,120.29802713260871,45077.953664362736,773.8383552309722,5533.328728981086,2552.319063177312,5760.267599724198,711.5212185081488,Bot
1562,6,719382,92,74,2775,29669,732,6,381.593282030932,172.40372780213332,1178,17,168.1700614395682,80.25110699580182,59986.65866993749,795.7149494854935,9490.337480865024,1410.3341830265704,16726.464919283528,582.6540207138507,BENIGN
5313,6,694880,53,73,43084,48624,1265,89,34.66369087407518,79.78755417454919,1183,45,240.78904096844917,38.160119926057924,52531.94442173243,448.8402032079457,1015.8111908194865,1421.4202985924328,23853.25280924995,347.1698980348046,BENIGN
5792,17,842100,94,24,37269,9611,1397,76,14.298241413155008,33.854335467855655,265,69,335.3478969269946,90.38361505253249,46154.68121954434,323.12238696658176,7223.494607095397,91.49993351985242,517.1062125043895,785.2486778353881,BENIGN
1211,6,871622,67,47,29293,4150,624,53,487.0980259641564,102.13388048731345,167,30,247.72584572070318,188.09785742122565,95964.42477444114,757.5984149343475,8244.683663483576,3462.1544537814502,1605.174686116728,668.1697598063643,Bot
6333,17,806751,28,42,35861,11109,571,7,100.72441645191834,83.33360998401899,144,92,456.3791159733693,156.32200984611043,18510.427471006038,793.5049775786331,7026.829295856817,3879.7415133779887,2785.47455957779,5.416298342469705,BENIGN
5532,17,843701,3,37,34635,34214,383,54,411.95890850455095,43.83231074759304,185,8,304.33617279990676,26.42228027273339,15807.843122360351,695.658352774225,3856.4644656389987,162.13886461844794,26911.379942712672,865.1346060109877,Infiltration
3013,6,493771,98,40,779,26016,631,68,283.1160732574228,144.15044365552689,885,34,19.83270484560762,169.88594794352946,71344.77189945815,33.07501541972617,3855.4176517200567,2929.6726956547664,16811.048929913683,397.09188222113033,BENIGN
6958,6,599353,80,44,17816,11936,1489,43,135.91371798081343,126.25786246654617,864,80,56.827984533067145,187.48810579748863,7464.44296817451,590.0950033804154,5866.088483245051,3908.3633388521093,44656.271362319414,645.4476005873211,BENIGN
2701,17,178012,22,87,24992,11036,97,12,69.33536612631222,19.932322711088112,773,59,376.74778074027927,55.392856168441455,48294.31668486773,347.69878341863676,3971.583265508911,1881.200241955011,27966.101277721427,396.7683209719184,BENIGN
1237,6,175867,96,39,2982,39236,1053,92,250.85525042097512,185.0773428650685,1446,75,357.89384817314715,66.68393910306953,48410.471384029195,196.9965562775409,8831.946790660944,2163.7079142734483,37997.217477757345,881.3620442339002,BENIGN
1560,17,236381,38,96,18266,14021,1023,19,206.64063175657768,111.69399314601382,1006,62,76.74850091285256,25.261985324410997,31009.432842599545,694.7008680789563,1100.1962523262093,1808.124499560701,34359.78750598607,650.8354461890161,BENIGN
6192,6,84854,72,16,38377,36943,23,77,350.9486121329486,50.04089741270836,785,99,29.45433053283303,68.98802088434843,93045.06973060298,269.2576095503918,6391.934322379552,1578.2535928323698,26020.833154613898,579.3862091002898,BENIGN
3256,6,602376,72,87,18663,48158,142,31,452.56343202612476,41.2583630144727,456,51,289.3589277199343,134.62815942792247,28261.518075250184,912.9283177968998,1342.0154927756034,2455.708618259604,37238.57478385858,980.2647501025477,BENIGN
5561,6,451658,62,56,38053,37848,1067,59,403.597803046902,27.18959627444031,344,47,317.86941601336673,54.431003019253545,28851.31080430227,298.7809946894317,5402.057865187918,830.5033006661228,27239.83808635777,280.640520060651,BENIGN
2406,17,507832,57,1,21143,15471,901,49,140.8537648513819,84.92748127807015,734,60,67.64981875641746,1.3650021533839984,23437.653422729876,555.6254190439998,7156.09644290454,2203.438406159295,19278.960696470618,65.25429061162447,BENIGN
3739,6,150123,6,95,39349,47661,1241,26,440.07194313389135,27.108202618167354,553,23,236.80966052040765,67.70892952669429,14587.3456417041,827.934401487982,1655.9436546859295,4709.125621361027,21795.883577057342,516.0104329061445,BENIGN
5635,17,656767,78,61,25767,23244,1232,24,417.528700481779,83.16328251904524,1020,73,152.91576455920648,90.63480579374652,36407.4654242918,402.7162196893559,7040.628181675044,137.01048898606626,41926.681963798634,424.01783381593947,BENIGN
1408,17,80488,32,87,37850,48777,601,51,464.92243569227526,29.754085646823537,787,57,465.65282281844384,113.27120748414185,68091.91712744301,828.8293012817859,1400.6603320796983,823.7170792651439,28168.045170596106,454.29004907704507,DDoS attacks-LOIC-HTTP
1876,17,877300,99,8,42409,38985,592,67,232.03710641380388,131.36150430477787,935,63,109.5999016947023,136.76502087160395,74218.86464844788,723.9727010711938,6205.916902545761,3888.511953232105,18871.034446634156,620.1048382857343,BENIGN
1385,17,821960,10,67,44023,38440,1188,20,385.44471034265223,157.04840433727165,704,29,366.63036295164983,12.356868845754022,81343.75745390379,920.9450871300716,5056.024740199533,660.2854495685584,8995.360147796542,615.1216366038392,BENIGN
519,6,239879,3,80,32079,1502,1111,17,297.8707424342168,109.90454950455172,1127,28,259.06695667216877,93.95038905988822,19762.41341427054,326.5087280271756,2981.451463138807,1356.4044975137274,24772.938531663247,392.264293331531,BENIGN
1700,17,878553,59,16,14716,34178,1205,38,158.69886251199426,136.01137497097946,246,9,5.760506013021693,53.27249253680368,3572.9124970905787,105.92303671535214,1116.3757598221696,2274.1946202217787,12627.681435528411,862.8770239625547,BENIGN
530,17,904950,76,49,38241,3770,298,14,497.2433462586679,187.6757474168122,811,38,258.4992916063089,189.5939131088995,97468.8389902543,430.919148432497,7358.805541869564,4715.811288205523,47779.43810763722,651.4585094871655,BENIGN
7514,6,206946,49,93,27919,42865,1022,52,23.96219608563237,127.67430591412156,1046,54,49.736074959750745,71.97970195878452,1443.1086034499892,786.0276557199489,3818.6695286366826,917.5059365178473,24554.194411707897,889.9116791086678,Bot
4332,17,694435,59,39,40228,4001,888,37,85.32492341674197,72.83163963677653,952,27,329.5310979126558,20.024739743974074,96068.27700742627,450.9846782766651,866.2212419544906,4615.422970021582,457.3242117239634,913.1539051024457,BENIGN
1344,6,132312,31,57,11105,20946,1453,47,446.80846945328796,89.89603173498311,814,17,282.7617651907861,8.298298154314221,82883.15372699287,262.7259422628776,7728.120593389056,3592.6225635642627,4652.930702828766,167.3120758608543,Infiltration
1175,17,942446,93,74,20353,598,16,51,34.97860748925359,172.1050452144074,143,40,5.213613666737283,53.08117751898129,91208.3553549034,28.575574395441766,2329.7139401547233,3355.72455871586,14223.381340610022,680.5618738910603,BENIGN
1847,6,812953,69,84,26479,30316,1193,87,443.9762303350432,26.144063790019278,729,80,102.34641479149064,35.77574777652852,38724.69940398849,313.7107791528715,7364.784085001499,3617.7126202501604,4617.220456498568,317.51186383764275,Bot
3161,17,788240,62,20,1323,25567,249,71,359.0346306488094,65.14740449008653,862,74,388.11252643601136,129.95992537574855,19728.22786511482,713.6677300519748,5649.421960721426,156.23309484668724,44699.17165251512,836.4290545484791,BENIGN
7439,6,921234,52,17,7857,26508,1456,27,23.158582670298443,115.45601379409682,1216,64,137.88630715101058,169.39330834152665,60650.303880704734,148.46614247050982,1946.0955867789332,494.5013053475966,42719.03482435853,732.8515796555051,BENIGN
3506,17,412911,89,54,9176,43744,545,84,217.5134212128174,135.27791388168689,464,80,249.64170058152658,62.5117406940525,74127.70455994151,341.53850092693085,764.9808660207451,1674.2076437011422,48543.366828749065,198.74768752585302,BENIGN
1830,17,600409,41,28,9940,39159,79,15,378.4633801261074,152.69981508634106,374,99,155.99930720459187,115.5582909920981,13094.798021802808,21.21123024340714,5932.896905010855,369.8376657433883,35326.21606104705,938.7307665032205,BENIGN
6608,6,159480,31,23,3295,30276,225,15,293.63464089224584,63.641359199217426,676,99,460.76342819877,146.06105539621063,79764.17525330656,722.0332482227652,253.09311056204857,4937.94854747711,32276.772665138673,683.4790069924235,Bot
2943,6,44889,85,73,35873,23671,1137,34,468.2562895224067,29.171826801830058,691,45,268.2885088917171,79.697537827867,20867.24606805567,880.8023640041241,655.5793841562642,2902.061040725888,46175.596928409876,948.6331032375814,DDoS attacks-LOIC-HTTP
5321,6,973294,84,16,16714,16450,1087,16,434.48379629143994,190.96784193531195,628,59,348.0867574280104,13.265122267613517,49172.812517916915,568.9597893703462,7022.488600585039,2436.71835571492,47320.193308868154,201.91117219340848,BENIGN
2234,6,26186,22,17,18715,14908,815,72,169.66057949040226,15.278443426407895,1289,8,41.73805234855399,45.83698218555705,85649.68016331652,26.846233786738374,5389.19954017163,3927.5589244952193,43875.61726575129,869.705094398634,BENIGN
4206,17,279103,4,41,565,44358,339,98,46.890461782444724,19.161071157377087,1401,44,20.167993766376068,176.61316161773667,19350.516859158826,218.40768723698358,3263.626361278115,4884.796034059949,43075.027462552935,668.0728204156353,BENIGN
733,17,532072,13,83,21333,49047,857,51,472.40723462459744,98.98850838039377,555,59,129.61409753356546,164.89605325097898,24196.045951798926,439.0306661596332,5392.740198741568,4775.650000423873,33588.44573963196,552.2865937826462,Infiltration
5997,6,91188,45,44,5442,35518,1236,92,261.05695004512364,163.85420562871965,862,27,154.56714612682703,17.30650576478341,6286.487938354159,587.993639340924,5916.90162592167,3965.3244239434803,90.28130250984357,820.5128998610388,BENIGN
3622,17,394523,42,81,1396,31212,1321,81,41.82682406411452,154.90082127106535,73,96,343.84027058995093,44.78974467344816,14669.945037195213,496.78006612800067,5653.29337657842,1885.8711848043824,21481.557345979338,632.8638868457098,DDoS attacks-LOIC-HTTP
4154,6,570487,49,16,44017,42684,54,11,409.2049286128434,187.53985323881835,437,2,284.56525135622064,153.833056424664,14661.116719939057,915.9501803648602,6425.89756114339,329.7974578895335,31786.781931255584,669.6001605521047,BENIGN
7313,6,985100,20,72,10629,6806,838,82,434.9107029892686,28.320515122597676,880,50,187.28980346749265,97.179646397764,20350.71594039221,938.6976800851038,9402.940713803482,491.8848886454058,27360.897748425792,253.6705842560909,DDoS attacks-LOIC-HTTP
3542,17,590481,77,13,6864,39197,207,47,321.5151968874026,75.1454514124872,225,7,327.0587420890054,151.99340633914485,28627.17770252774,108.04531007662638,3888.3864233201703,5.761703972937404,41058.12022824471,817.0536886312914,BENIGN
4288,17,160861,81,48,42974,40891,1249,21,226.51693801473826,56.428425744342015,307,69,81.78287366814358,42.2184943324293,81500.18661420929,139.2524873291313,3012.2129831623038,9.514216124279496,40946.92480294135,650.3027023273146,BENIGN
4768,17,835183,54,28,48811,18015,1342,48,332.7756411001685,172.1740247109344,965,58,31.74484740735295,190.53962783405495,91577.22877946994,358.69685732016563,385.310675390667,4682.108994667309,29938.113652985667,844.3891787008013,BENIGN
4869,17,538281,36,94,7647,39220,905,51,354.80842937403617,97.67092405624007,347,60,427.25254615910023,156.72148975997985,40633.99811680274,421.8136470186939,1471.5834955108119,4635.0848460374955,1109.482722420593,351.5269655433837,BENIGN
1263,17,491124,97,3,21235,17158,1468,78,447.04982925255416,5.3695868831332705,475,57,281.9730641344388,39.49046496520161,12829.6131093112,586.4806259684644,1063.3919089955457,3337.7689985240104,18472.80431721254,331.7101224057229,BENIGN
3729,17,590806,1,81,45740,15456,341,0,478.15153178549537,141.59288136767933,1338,69,324.5476368187106,111.68984013599778,22388.75441030211,773.386590037869,3355.10642453775,3633.3836211015123,11448.541101320261,23.902964598464195,DDoS attacks-LOIC-HTTP
1101,17,125174,15,19,26749,27588,705,65,259.58886153350113,77.73961956532051,524,92,153.62112537478706,22.619425619251565,73623.235625754,136.63193785618083,6100.297297421739,2566.042283250189,16946.017556674986,768.6053267945152,BENIGN
5799,6,889597,77,46,47718,22491,36,63,400.25479409564844,106.22935267420246,1448,11,185.97747886884986,72.28696302530051,67745.77766609685,802.8370563814628,464.2925774546996,1189.2112804416622,30868.459799257933,330.31438709175166,Infiltration
6639,6,130451,17,8,10628,24188,1199,7,482.4322302158692,178.75748540199962,523,8,41.183723576487864,131.92427369510415,96721.05808755298,610.4182851618388,7276.922379542394,4571.9252455440455,3332.4305151095505,327.21230970582695,BENIGN
475,6,715471,24,76,36571,27079,327,85,79.86545238274817,51.34755492656233,561,48,428.4940939008867,66.02553758575434,1458.7231727023727,980.9035763342066,3974.932066827415,1388.45733679675,1121.880031958087,688.6845154747696,BENIGN
4944,6,38735,58,78,7383,4019,1307,24,14.04265089678996,48.05293512243543,1272,82,296.2197250394674,131.35167915159357,75078.36844063287,651.5165104044497,9635.081653368758,3698.3563047481725,21849.27706985542,252.8689767727943,Infiltration
914,6,973719,72,26,35291,12419,1416,65,435.1370675599055,52.63850083601787,568,16,41.81383158997032,48.95589293215239,50584.30210929363,716.375413235977,5684.281366944195,1227.1784236193982,39680.75587405977,909.0204865991361,BENIGN
1404,17,95171,91,14,20197,33697,374,72,101.66029995734459,67.62159825194054,1205,53,402.2647998625003,144.24135610661338,90270.2708624667,196.01365753576732,7713.8517615724995,4350.742090245889,1544.6217441816073,538.0659912552167,BENIGN
1978,6,996009,23,91,2337,19396,1136,72,26.026989482741467,21.470794929219927,105,43,222.05768475848726,71.91791478398582,57620.90574594543,769.0930934036772,8611.951141738033,3256.1971721274053,42453.938768802254,969.477236045363,BENIGN
3092,6,466018,46,18,32401,39032,969,76,84.24758814043506,139.4439321617179,190,31,382.5506750850066,158.09625418228742,44672.30576889693,80.1869115054905,8888.574166953947,3213.47510278366,19200.142841172896,76.66884458945422,Infiltration
6550,6,865050,72,89,41587,29892,382,69,195.1368810656658,41.479743565827306,1160,34,6.309931044574002,27.33798294356271,66588.40244320456,656.8739057519979,5185.099035048392,486.8361837095997,5920.589092983136,336.8253676457029,DDoS attacks-LOIC-HTTP
2016,6,368477,8,51,18559,7973,254,93,113.53652228832713,185.22914945411713,699,77,14.36984848606132,72.39558987045704,83354.00898367795,56.517335939852664,3968.02884175238,2097.344515846008,28379.211462617124,381.47034341439587,DDoS attacks-LOIC-HTTP
6511,6,890183,59,25,39230,42465,1202,78,156.10054640471932,43.13726278197414,1143,48,85.39147939107234,92.78649075493684,28257.03003178347,116.1105954882872,5605.589381894706,2624.5425377479964,47618.50446560622,730.4207200805798,Infiltration
4305,6,597193,90,88,7652,21113,1451,50,487.77055545787294,51.12840586175502,830,53,105.45827807033992,84.76910490011534,10761.62910798795,108.7584080422742,4021.301945772662,1470.1814420555504,27130.219822950363,212.96225793061373,BENIGN
524,6,976558,59,25,14445,11136,1389,52,353.68074436047465,59.40404576216327,71,15,381.9777651550689,86.61890090406801,43307.48165074885,53.43158075773374,2407.9089778631323,4404.873059167328,34334.87144174071,375.3458533825711,BENIGN
1234,17,421380,13,25,33770,19203,487,14,357.53490548533597,153.7076194022832,754,84,353.3470820082991,88.96066666901451,21459.84208244474,321.81777802895044,3239.8743518395077,4188.349707556109,40822.90013168209,910.6425439575917,BENIGN
1551,17,909345,39,45,38202,31285,134,49,51.8692604903218,85.52129748840596,1154,11,308.0440595649141,197.76070504653026,42959.82212776696,994.3581054446336,2328.4657925297506,2468.10456171265,39969.01271114851,114.55088368902899,DDoS attacks-LOIC-HTTP
3460,6,341307,28,91,4391,23039,546,70,367.3886930622324,163.86692480612373,456,87,442.42944824166943,38.631420653930945,99104.90679816702,348.8771430930748,2695.106868318022,1700.1560132205746,3665.2052384018466,745.324000658666,DDoS attacks-LOIC-HTTP
7596,17,264698,89,48,31057,1184,715,74,370.97544481287593,156.9707424711577,904,97,123.57439182818314,153.73276610172087,57416.46815646445,761.0151374252113,936.9837646199678,4007.7113600282223,37052.360707413936,702.4851116274695,BENIGN
843,17,283122,61,81,19568,22727,1435,37,331.573784111283,185.8980845534933,478,7,452.2024519522241,110.3577562213316,69363.0862824459,133.18469884124343,4265.200744518323,984.4572377061938,47472.983797985005,130.50507659410903,BENIGN
948,17,182270,16,95,30792,16911,540,39,118.07596651894816,151.32083102081094,51,20,454.7355346325912,82.72568362197082,67796.06296191724,455.03658918518926,2353.603782125634,357.5815754681638,35035.60517668906,688.4906873685755,Bot
5049,17,193326,2,52,4792,916,795,65,214.40290864568155,10.382233933812568,1003,47,217.12988009343198,126.7057434350529,82071.87662024349,185.9307197293273,4484.217157392366,228.5524303597386,41823.78025658628,569.7837893089097,BENIGN
5256,6,144163,82,2,25891,3574,263,38,423.90684506146454,167.45625473981167,573,7,47.19310021008444,170.7062886199608,94413.41861554781,192.90507292311082,7922.1901435287555,193.41630449000112,24282.629553545874,287.5223371440848,BENIGN
153,17,592732,17,65,40238,36087,130,73,336.74980652361,187.61451934108223,1142,27,363.2799540947625,93.3276727906172,65885.22163982327,100.59034653746393,4483.675220078529,2444.4432823508923,15960.275625379843,311.1411950525529,BENIGN
2125,17,891478,30,96,29419,17790,1065,16,367.72057332495166,198.7378385099338,1287,79,168.46433632353958,172.9602737922135,47614.70352887329,432.61210887490415,9546.164095226444,1276.568180496801,33815.198762312786,832.9922753357622,Infiltration
3647,17,560981,13,41,19472,17625,670,6,295.7503280622754,25.053518826493026,1262,9,397.4647587183653,18.759666991809976,31789.916332326964,76.45938582792074,1479.2211083856805,3451.8756068097373,24615.076906189566,231.01498626622174,BENIGN
4800,6,560692,96,18,2993,5206,1070,38,227.54536656033034,122.65465386530691,1374,51,81.84514195190157,130.61684439861978,36033.82726938547,909.9015449993052,8502.799643387909,3269.457870202527,44765.48992715711,512.7805294276744,BENIGN
6835,6,423702,93,16,31943,19517,1375,67,380.7307449832186,39.89173317683188,892,14,269.75755678718264,66.63601226417263,33454.71600632442,448.45242125038243,2483.3328826158017,2710.100035720124,48719.35461000703,681.1497373031968,BENIGN
6336,6,710680,94,32,46960,49950,1046,34,38.62327811132096,52.5019281825198,254,3,254.03686515910545,77.34306545443282,32453.30447247625,838.7275752964434,9339.400575098887,1764.2164071398147,40991.905354774935,129.90169433685418,BENIGN
1872,6,113713,82,75,2533,37696,1216,50,338.2145627262307,149.11686764457158,684,89,50.15724528480675,114.20395018086073,69465.55418816561,979.4849852558067,2272.252116560097,4252.281224928652,49634.054078097346,932.3538712163144,BENIGN
4930,6,724798,13,48,9687,16105,1298,46,498.61623138608616,195.53354353981206,1332,78,181.66641283632921,95.98335965951446,58775.0259048869,678.1013996414194,7469.870897862091,3548.5137665002676,17425.046213731217,260.6343150283855,Bot
5288,6,487605,43,55,10302,35656,97,35,391.1950050866757,118.97110029260458,56,99,42.37765672336402,76.35588770197089,20207.484541323447,901.6092463770392,622.1168906988415,1357.6306201582927,44788.811383936634,318.83492300321814,BENIGN
4195,6,414399,85,62,15099,2690,1495,63,148.82893823084038,170.11689396444947,949,95,232.37015475612372,61.66468436394628,96962.90565642792,136.23215298249937,6298.504558164616,2508.4433115675497,16503.382103581003,666.1157381092574,Bot
2953,17,542742,94,2,4591,36859,55,94,142.5206498791634,1.7767607657655837,1426,61,421.45227930689646,123.66306044630645,42778.27428027838,830.1636522165734,2187.523504941492,781.3560441213164,5910.723384544618,78.19164713613347,BENIGN
3304,17,284434,21,48,11917,46728,1425,88,335.27321224376215,7.3263279699238515,1090,3,135.10238165206584,101.11593036592505,56612.979242797155,271.9461158767659,6702.055243940712,1643.881455509536,31072.471028619322,627.6126899186166,Infiltration
4318,17,530530,55,54,5619,690,1152,12,448.44785721922256,119.34486746517268,1069,40,382.4309935937187,64.66182510217608,70263.07066930838,473.1254408033187,6358.657546910845,4985.700914317668,22754.881829256698,916.0299601857505,BENIGN
2831,6,421714,81,25,44153,25103,942,17,291.0851217196822,77.79662032008783,605,72,91.71370780622817,40.99220377551176,61371.600893922776,646.936066445238,9237.035100721961,1119.22110133598,46085.744679196585,249.09055530142476,BENIGN
5368,6,183143,40,98,22946,34263,1480,20,266.0641321491789,177.95156299463076,368,98,336.8674637453257,154.89363919275044,31112.066391869128,903.6400489426785,6267.137629773862,3491.5117785906923,24614.772440024975,361.9077267846027,BENIGN
5815,6,828394,83,71,42735,11085,754,64,84.39014625261731,60.39638261714675,231,54,457.7686999652248,159.94298490557756,79772.6802830028,911.0828071288122,4083.079867687428,1192.0932288851416,46382.35263992201,232.33395752125773,BENIGN
1270,6,708870,15,51,45733,25825,976,99,359.1511929031092,86.4102055008095,1425,27,161.9640407828849,42.75762539604053,11024.262421566891,93.01027476470315,1936.4844806871818,4690.672695029058,3940.9070210831774,818.768748912934,BENIGN
5798,6,150675,73,99,33998,10720,772,7,352.63781672075595,105.58183956631365,907,46,450.2058190443091,52.329802648920065,56903.893512020106,365.1909333322373,6574.852634432852,1550.6642249518377,41527.28666895927,167.60782350446635,BENIGN
5671,17,125538,52,6,29516,38641,771,47,483.6409392052546,54.60776657724951,1046,8,252.71046326319723,47.82860450029738,27338.989129179925,793.3820314775325,1164.549672624402,1733.4453732335464,37958.12228053447,346.628235435857,BENIGN
3532,17,572844,74,45,13173,37271,803,84,153.5951312313039,181.69897349065886,573,1,158.40256658282874,176.9139491153083,61580.079143625095,703.4537323429931,8285.339752390755,2969.298865330936,36001.713891192325,601.0218214251366,Bot
7589,6,624555,95,45,46067,11720,753,42,379.4405108019282,92.90671693161943,1290,66,448.25411755576573,154.8260762123701,21807.168173626134,27.32609257580718,2474.098134841698,2940.5588555746735,17763.2413948888,404.55443266599923,BENIGN
6210,6,868567,53,99,12547,46732,1079,52,219.86230429282637,84.83112182380339,840,47,16.01863338486409,14.914704649996136,77222.24352438173,450.4395156518928,5242.0648235890485,2895.381948985899,39190.14420351875,65.46931450707805,BENIGN
1276,6,794548,87,15,22429,897,567,84,281.4440318499868,169.95060978686652,117,68,14.009425636405226,166.53318996541714,22761.357763270604,829.423842028494,5959.877095989626,2866.273342031204,24169.9959964464,947.7206676150927,BENIGN
3396,6,264628,52,23,42588,17094,535,26,409.1446585222763,62.3956803295797,1078,73,299.91480210316644,7.370364145158326,89040.3095753336,737.946752896439,3625.537413984471,1560.9344686010434,35763.023509129554,337.9004417585664,BENIGN
5665,17,193492,30,60,9465,36463,606,18,114.88754728439292,163.4930689021922,1176,27,398.3753586651171,50.63995819660254,86156.87491797641,412.43794253999033,6639.073901944892,2172.0511166927085,27615.835067790667,445.6512127647778,BENIGN
5282,6,408388,33,53,9073,35454,849,22,174.72002606607037,24.45457054426989,1262,78,375.77315371905314,183.79827681932298,36245.721266860986,735.4259612244088,2502.919371962408,2967.167215704885,7880.410829625219,167.5453352033658,BENIGN
3506,6,102339,57,61,844,23572,12,49,387.7877917478105,36.557706672979926,1288,13,39.73475167580276,172.86625895324187,38588.17068451385,551.6594984274699,347.2111131921779,3356.350618335579,3237.2839227633785,865.3502390459232,BENIGN
3604,6,635819,52,0,32224,38546,1061,50,287.37666806749115,190.16833323434693,267,45,475.1255967667789,156.28690294492296,70153.33073417217,912.7163690702182,9592.718093613228,1265.6450676179743,18315.670693658154,291.4287878646116,BENIGN
1416,6,866550,9,48,27408,15150,1414,42,50.74934386800975,168.4894981615416,112,86,351.5317688187578,91.50944582184992,9046.450061868669,587.5400472261432,3201.138267600157,3507.375308514704,46640.113259062964,19.823043399462282,DDoS attacks-LOIC-HTTP
3657,17,564898,54,24,34502,16799,166,98,217.94200405536392,77.57978029128125,165,12,474.5560268638695,64.28282020400155,8101.132023446176,401.33344461557374,7134.9088843700065,4616.381250563183,26491.45369086944,316.4025825879171,BENIGN
8073,6,704393,1,9,2423,9663,864,50,295.3834899216431,127.69128974340589,667,15,164.54887948705104,176.30916750809135,13641.056441425975,863.0577039436662,5075.828535596887,3789.6385167189433,40111.58146016738,984.0596845328961,BENIGN
3350,6,808358,44,79,9515,36948,520,68,455.21107164030104,188.59403788619116,1031,93,346.96956399140873,131.41481805384242,56251.90879163073,50.81897346433426,6690.317772452929,421.1640141136086,28801.89400173508,146.8428728149952,Infiltration
2723,17,330270,99,15,37276,37030,1366,40,98.30158471962613,42.37178057281685,713,39,429.9693733667426,59.10177100955869,14908.740460061012,900.6101329938392,1110.254288634262,2345.6311004501054,47895.68526080915,31.202487988527427,BENIGN
490,17,121768,75,57,2115,27007,696,71,403.946719346854,11.802094044600132,1240,71,190.23211157714664,92.63917559308965,27768.95200448041,696.6504676832876,5188.959903285875,2176.319177695372,18479.083552108495,578.1755902289826,BENIGN
7134,17,767088,98,71,2578,35283,1147,10,69.65911912291273,107.49361290106106,430,80,482.42995938428504,176.30004445232385,64694.67163994539,940.6652545636538,3922.8033155686917,1682.5165600913178,2861.9522643448668,371.66654646750806,Bot
5151,6,418834,80,28,42108,25671,1422,79,124.90665173752457,28.519375732718654,1315,29,132.4963956102705,180.6910872156443,1572.2215458931864,251.25436425783138,4519.043818770242,2456.6006995150165,39035.61248144617,794.9752992104516,BENIGN
1373,6,548433,9,91,49371,25385,1283,87,125.4552223276109,37.46381854227503,892,80,157.80681301061034,131.8604187943459,18031.85842926745,695.2264432752214,9662.117121109419,2198.1688669993937,35275.77085147126,731.8877638587253,BENIGN
2803,17,182048,32,5,37689,11236,580,84,439.3522019748721,178.30783794631589,1073,98,460.16428831351936,146.51117214340675,92993.76698094161,809.6538036390886,1363.7527594640858,30.852385836802053,26381.443768094923,185.4190280998266,BENIGN
2851,17,485762,15,15,49395,22024,724,51,103.5137575474186,1.4806917289782673,106,64,484.8298732513516,7.859566645760707,66361.12656463722,702.4004772060908,7547.2470639375715,1182.7763904603494,16326.298247083829,564.6323051550997,BENIGN
5083,17,614490,12,19,33570,46872,1348,22,394.5455598577775,163.3640052927737,1032,57,142.59787415257486,120.92010152743762,30562.055911179115,211.1233685869758,3304.0975989386407,1068.9107264117365,9421.374732995067,32.43600745608488,Bot
377,17,314163,97,79,14205,39384,248,48,233.59423433971185,103.39015526712151,744,87,68.19501982142923,137.7985136741954,4539.889371876249,276.3139785047708,2904.289518249999,1746.2977062139978,24118.979448373953,439.47822813447704,DDoS attacks-LOIC-HTTP
3039,17,623829,78,70,46679,17376,1267,37,499.54993005966884,111.85887752906008,699,47,379.5277048552988,4.075429416046328,58609.02035315858,567.1756061042211,2708.5031815967536,872.2837086215252,33313.40845043144,714.0532219683575,BENIGN
7595,17,158275,57,77,15772,37138,312,46,420.3502918327922,134.3535920912725,1479,48,464.8326331502241,168.77179759125113,22294.402326145137,447.3038520880787,3488.4667506756864,339.0072185575599,28948.53260421594,414.95879208777006,Infiltration
687,6,249977,8,42,41304,18157,616,71,371.15305155166993,86.28899846160208,322,88,300.3568218509373,185.6570023301482,96017.94211744613,735.3820712281117,3571.813478876467,983.064275175064,21880.150613476686,117.9541478201609,BENIGN
4488,6,953792,72,25,15908,19945,1000,6,436.0095217928368,23.12237763848295,308,1,317.25947720312337,47.587290483757606,68699.2258891346,379.2980147748541,2708.199304814532,4270.933932097325,26989.325272016456,61.53358698935407,BENIGN
5147,6,137017,27,89,21587,36584,343,65,318.8450443394916,20.564044760964762,849,88,381.4716670861501,169.1591865393929,97412.64739574715,859.6210413378628,6675.263984586985,3985.1967043226455,5406.666966426777,853.6594497811767,Infiltration
1165,17,217870,62,77,1224,23017,122,93,422.6078669816063,150.87243983678852,621,13,76.54240942070412,133.10251654183284,84891.40075218256,432.48848463171345,478.1721150187936,2210.480987128724,34795.046791957466,891.3269599491134,BENIGN
5487,17,954278,12,70,20813,1756,371,76,134.25778944392064,44.20702865345698,994,96,486.73444824736964,116.13916395003969,48307.911244902156,41.00123943407761,3323.605764253036,4389.0751698938175,36715.45962935872,343.0924812177998,BENIGN
6839,17,642713,65,32,48124,35141,810,61,53.36308949503209,5.62033672352884,144,16,182.1646923642974,168.6251947378297,66959.61913393781,18.34671180906076,2802.775862753857,1163.3280906039195,582.5156788135587,164.17232463075294,BENIGN
4205,17,543725,42,25,23708,2576,106,86,309.886343507901,195.92277781978822,739,30,314.1202129711313,57.12210714904074,81212.59848197462,647.0958434984632,7514.42878747815,2921.0457059961586,13533.27259748484,978.6162131242211,Infiltration
3739,17,677773,62,44,32990,25467,25,28,220.17174436847506,196.07830387213866,820,9,234.3080102499964,158.1712355373708,57822.06638144569,541.012565163544,1465.8389416515101,714.6243777320549,4614.921840061918,545.8638036012105,BENIGN
2765,17,944547,11,83,1668,36952,565,37,216.08819366975382,75.62826746875598,411,69,234.09048988242247,62.90415353364065,6158.135221812237,543.2018987129323,9406.930733830231,4167.003447746949,49911.624272406094,476.65504371582455,BENIGN
7503,6,340193,43,62,12280,31205,385,83,265.7401869528729,5.104768911422641,113,88,351.3721860598607,157.49130858161476,47049.926924224375,790.2190070124171,1706.0156018395044,652.9077874592626,29671.20825942062,741.607747393279,BENIGN
7365,6,786808,95,66,46807,35165,751,32,183.88439272494355,145.45293171854993,574,36,497.3311494361272,90.21080115129149,13066.027345356124,376.34451440507985,3700.903613271448,159.30079489221595,23292.247330385857,168.86933942136162,BENIGN
559,17,313395,17,51,37802,12674,399,28,314.8994680642004,166.20241209713384,398,63,329.52992524797577,23.389094298616087,71487.52905326495,995.4515505973897,1997.802234197787,1367.2211503409765,23155.42093886305,579.9897234039108,BENIGN
2799,6,935215,97,67,45817,43094,629,78,20.131341837076803,25.002738023161953,1298,29,397.0295657863676,76.3039720611981,68066.08527460383,945.5845705092423,2867.6927367774333,4504.675446735117,48239.04822224622,890.1623564075888,Infiltration
4984,17,667404,32,25,22311,43314,1250,22,485.09621423147286,27.091722981847255,123,33,13.80802863113506,46.69865566195013,99290.89012329082,13.948805390666886,7610.485981980581,647.2854096322161,32996.183351095926,23.068485937858597,DDoS attacks-LOIC-HTTP
4156,6,839419,93,74,5151,22353,1432,2,462.7309510625574,164.44479993935812,85,17,405.21368453240916,20.106310157243822,62884.69208139283,895.8470254305574,4764.570782664861,1653.351343477698,8441.291316772018,672.9397068520985,Infiltration
4855,17,605830,85,1,38766,29849,1293,92,467.95873047805713,184.38147774304696,46,87,149.98794088414857,22.057413684732996,80015.79285897032,680.869100719737,1626.5945973851897,1582.0749650609635,22413.45981151341,551.4239557514055,BENIGN
3795,17,49947,85,13,13787,4535,833,44,185.6767303139406,158.15096733482991,943,62,63.35092251733243,156.01427970080996,26836.102210374367,502.58824647921887,467.3021515670926,4008.231370484455,38712.1000788855,950.800784474451,BENIGN
6062,6,58753,40,29,38356,47367,329,7,268.2860240412544,40.148989833905915,1224,48,56.66704272385292,176.27957050449353,34009.01328824501,583.1647266199484,2299.93228548258,2107.626998900123,21173.269842271064,258.6985099222139,BENIGN
6665,6,741532,23,48,29451,41936,205,85,477.29464851349974,82.30424388684419,1299,55,339.93740708481334,185.42582388650078,91703.25499525995,842.015505901057,9456.082182481683,3057.8352480734166,15483.575960084063,858.8916419263729,Bot
7122,17,778049,56,11,47829,17118,427,28,451.6612979316554,120.16848517318282,1153,90,498.808418020275,170.78923446609093,75521.67403997824,951.0863546809508,8453.322165132146,2021.9150291643773,49560.891668246964,308.9857018832849,Infiltration
7332,17,318866,6,89,28479,632,616,1,396.1710155710679,32.05869476416574,1471,57,333.09754918644984,166.04481945708835,65530.364788015795,560.773291111706,4402.296985524163,2757.285075684345,46782.50035926533,429.86357606290784,Infiltration
5340,6,290054,86,43,3855,13280,577,49,206.62913697455826,42.12049852650166,803,26,131.17407503338785,13.767170303321198,25410.228981378194,182.11015574140131,4820.4702242378835,312.20362008715864,47078.60286250469,213.28756476449507,BENIGN
5044,6,77942,50,32,44660,14746,553,64,284.34791547517585,56.577214413711,388,54,101.65298550146984,158.02471894434206,69860.80709322926,640.1142298384426,8993.76202765057,1870.1471907006744,6592.309758340157,863.5910157855094,BENIGN
6152,17,908757,37,12,23300,37036,240,19,397.4916747372406,101.9026540581673,575,84,262.97854963402034,156.6565319312902,88677.4968677447,77.14274942019209,5913.862478374977,4275.529188699768,11720.42028789001,195.40966065360988,BENIGN
7911,6,272747,64,77,47025,19285,893,51,140.14093779231573,102.16097743550951,1286,18,32.519649675351644,26.258078820922638,23087.457512916695,635.5035980980329,8807.789884422486,3455.3378159112085,22108.92723871039,859.0129932645455,BENIGN
2528,17,84861,54,87,30709,18047,530,84,315.0924372729151,162.85890386951053,631,22,199.6654164635936,132.40184638692648,70615.33355210317,808.8031907243466,4918.899204419054,4909.145220733099,41608.141619045586,455.6133825705476,BENIGN
2799,17,430292,72,97,44262,48089,712,36,414.8274908016691,150.6020401375251,1301,46,333.11745200289374,90.5014672918563,39375.45840021689,353.97810504940105,2001.7760935691408,3939.597686880716,36844.00873597888,835.0854938168208,BENIGN
6915,17,912971,49,25,33156,10207,1233,71,355.1901219077862,182.7471350219884,713,78,483.8311379042421,180.00270469441415,11885.553619932592,72.11323983091852,7259.5438724424075,2257.5485744588705,42484.87308366993,264.48855910986504,BENIGN
944,17,798122,99,20,3303,5591,855,26,242.34291243954536,166.58034456491927,1069,65,212.8267239078026,139.0816724791335,76348.43304660286,692.5339022844933,5264.406802470547,3381.402288497714,46038.95692495697,132.73014137120654,BENIGN
2976,6,516737,11,27,44408,27757,682,46,294.3811379798034,50.77550966113093,1191,98,100.11197020365331,190.19750727485044,16722.007550541795,339.98942141841053,6684.727360104718,3879.5683784414455,39040.5344840955,554.9612649599019,BENIGN
1601,6,666346,88,47,46438,16226,30,98,494.3943938571681,66.25935386079998,1468,50,408.68120168639217,20.984529054928736,25297.098386302234,249.84755522867107,1573.1519360782468,1348.4182996067057,13095.882807147462,509.43706705571657,BENIGN
7734,6,930470,49,99,16618,29732,1344,5,302.983958350369,100.08464872650676,621,83,372.09976243030826,8.121462890478636,78296.37466746043,689.4925771842987,6476.370417387538,300.08945307792135,14279.429662534592,356.6073780035326,BENIGN
3344,6,328868,21,39,747,27206,597,59,393.88078823922865,2.854226912728919,45,27,429.85194410237193,194.7158715521092,74215.85723460751,969.616882439886,3823.1892169038,2029.2363399927415,17630.85920433869,662.8214185384144,BENIGN
4505,6,986503,66,65,16629,20256,907,44,364.669358366943,180.78040125674428,723,56,107.35936377144606,16.038432288980875,25425.764773779058,745.5770550483118,3320.645530359148,723.3658105125762,15160.737588012542,95.14282875751157,BENIGN
5733,6,688252,63,72,12480,33822,1467,43,352.23785468703477,8.868842512467845,539,57,202.41609792491755,77.23916418204591,94097.05178849326,491.8586905188161,6715.083935184948,1386.2055988125094,12462.456495658624,622.0010749151295,BENIGN
7046,6,403080,83,86,49873,41340,380,82,359.60268228145156,64.48825416332727,86,14,490.77721886151875,129.99412445011097,21536.369655468377,600.910211701724,5922.798893496305,4734.227477370666,37626.77813318835,211.75609350023694,DDoS attacks-LOIC-HTTP
275,17,781298,28,78,22382,46347,87,17,229.9328268843246,113.83495823928133,802,15,79.02115988818676,176.01133466681677,99362.28527425359,143.13662977710305,6491.425181938108,4235.412966112593,1709.212634510058,128.95455602129712,BENIGN
4824,6,120456,17,76,16127,43351,1318,64,239.70928638647203,103.56827772137316,1408,96,335.7254095777189,50.915463642785205,73792.60819642444,813.4000723971251,9653.365309250681,2962.3191728383013,36422.4029673723,909.608180125356,BENIGN
1858,6,217328,6,22,14789,40775,657,24,236.59205499358725,130.89197856517495,264,46,118.59223077363201,5.811642377004667,39256.843978234756,604.6907156008075,7012.2634992246085,2006.2835326618617,41179.952938033246,459.7957611538346,BENIGN
1964,17,42827,19,80,29304,48671,149,26,21.461030570241004,105.50403505884181,1045,62,250.07950314127214,104.25735809983789,13043.61717418177,965.8645676000193,6409.348723766633,1321.6518010392574,3311.541726807444,763.4168715880244,BENIGN
6613,6,340715,56,47,21640,9784,562,6,124.32733851450011,45.800285140606874,702,11,400.25482289784395,94.22240405444826,32057.79041640977,979.503884921658,6135.916865372202,2857.2913985933333,3101.736888977799,89.11692844851716,BENIGN
29,6,532456,28,1,40049,37029,1007,43,81.50918329169198,40.215637558774375,1473,42,244.2930262779095,61.37863643781591,19381.91376139022,355.2321057479627,3987.7437792880387,2665.801248364463,14280.335506636116,57.46487800608335,DDoS attacks-LOIC-HTTP
2891,17,641311,66,83,49910,35157,291,28,443.79028064164237,181.44941381509972,231,83,402.74084665595507,174.77987350028982,62187.740253536984,988.5573895771582,8392.077719730674,3903.904041907665,10423.257711927243,494.85221292106485,BENIGN
817,6,400611,38,19,12188,19937,1291,94,141.10983639420976,52.79334734711851,185,28,213.16745272017295,149.86443431664694,35691.94676226429,956.8766945744877,3810.005086454601,4640.100943820286,29060.87234777276,315.5511515451308,BENIGN
7429,6,434476,37,58,19945,46707,1393,43,73.52910406044249,56.19544677590269,325,48,499.67646493501644,171.62327663984934,29507.776051773264,640.1921318413309,7002.736099621293,1644.6865066500948,33775.82265964666,4.90729250948263,BENIGN
7438,6,11490,68,45,47268,11219,449,35,64.28463129588805,82.59057922006892,1206,2,217.91411711010505,32.361791895439836,75715.74783992003,334.1309640306971,2932.143303501957,1031.4855537839708,31710.758385255194,183.29464489886692,BENIGN
4992,17,631140,86,2,22794,9399,279,18,351.49496810331857,27.88766542999479,396,68,74.68973931891321,138.4823917880682,23067.637490669807,753.5868805270213,1478.4166612211047,2013.9980797285257,17873.795039408516,218.77551549045793,BENIGN
5144,6,937735,90,54,23037,33312,1167,5,8.011238902904845,101.45456888464808,1426,59,200.93475782462446,195.02034708377147,58693.06284937621,271.96599412477974,1298.5033096726631,2187.7065120660204,24924.907752335672,288.50635453109385,DDoS attacks-LOIC-HTTP
7306,6,356998,49,11,31018,27657,755,24,238.29567886947157,133.00635234042628,1486,65,371.29659232111504,122.38277836173846,19467.663321426327,630.2140527779061,6345.954008051294,199.35144742181222,32003.141566910905,877.5355770433512,BENIGN
1035,17,338213,43,39,46641,20047,113,30,63.84119727110714,157.20009841547338,1440,86,423.9688788793143,34.27287305909723,71482.71278723223,25.557032185764463,3280.221349865423,4308.4826609976135,5980.119177630451,420.60253113196865,BENIGN
1844,6,670498,36,65,1833,35007,775,8,425.5833719297731,142.29084837284583,1225,89,230.05164958813117,199.1560788936269,62515.897160422144,628.9542137476294,2751.217836635343,4977.961693337476,11483.300603550164,679.4323904770868,BENIGN
4489,17,969931,58,99,6862,10559,104,83,479.43292644396683,29.52719281605274,1088,25,297.23842052921987,105.66471631167565,79817.36998255133,951.6566764488282,5921.0012342353175,4616.043463557612,44525.90273776928,18.39609266153297,BENIGN
3156,17,749178,13,77,13082,20157,738,73,479.5835350263773,91.21342899418478,955,70,422.44503391314515,168.01180365524942,6859.02250552027,235.90789966351343,257.6718749005535,4303.3248974345515,17122.89556369022,813.9256778828677,BENIGN
2213,6,339308,52,15,11143,35395,489,36,223.7722339286508,7.717240161635686,554,73,406.7730899991599,29.872289486086267,21018.443896007102,778.4013072290618,2463.0102941947603,4963.0015172977055,40059.807532166065,240.32894419641727,Bot
243,17,21381,58,82,15121,6618,789,26,324.03483809522425,3.5595993441898566,732,68,328.8619526805664,133.21924355158427,15454.491451741034,294.130126365686,3406.1323058855583,4539.0421598744315,12556.97771933383,309.0393289104346,Bot
5378,17,54289,32,33,32322,44891,1274,12,301.85354757281857,88.02608365476013,1040,46,407.51355212542745,182.52353964077278,19064.218416170806,708.1418989799129,7084.027532481374,3441.8381037165864,2091.601173285733,45.256431987038546,Bot
6340,6,262193,81,43,24171,6780,22,40,178.2692561860467,50.59209889152581,796,75,287.95537918431853,106.40356382238787,10310.377773013692,700.2723975036519,5450.467470390342,833.7832438608383,25025.02561774575,409.6929059736154,BENIGN
5918,17,310755,60,5,39297,27050,1180,65,224.81192325316292,136.67215897467256,1206,95,2.324084462640319,57.73201211696089,56212.56932459292,185.55300394878805,8560.030182647368,781.7506166843391,44625.17735768869,852.576772740045,Bot
4968,17,646503,83,76,1787,8015,610,84,36.840230130476414,144.8481573626825,390,41,20.6333922011116,25.4843655915173,59347.206390984946,597.5307825105989,3345.7291236220703,243.89873281676356,40966.03461161547,378.73425812028916,Bot
7469,6,532993,58,63,24024,3130,104,96,398.8710211723862,179.08074491165112,43,30,489.9041996190915,59.18893304766606,84350.5406618451,859.3097841600405,2965.113481761881,2059.154335938082,12654.429054535249,908.6052707563924,Infiltration
4178,6,362562,99,99,14782,28083,302,23,124.19773851653642,152.13650270780775,900,21,72.4960210013526,70.97684058537159,41779.64026261183,383.15053637012164,332.9408882415402,4044.120385450018,45497.68936347311,867.4476031926819,Infiltration
5356,6,394697,56,21,46399,16480,34,43,232.96102891250624,9.64882462730834,481,16,202.25820441173136,141.9910210459659,53243.14746031402,710.5666743975636,9517.221289082892,2451.4797239945524,23990.997586865997,61.960942994325976,BENIGN
3945,17,984238,28,17,44637,47599,1305,97,242.90726314023874,74.32460207155354,1286,83,466.905637504984,35.72428140592039,99130.49290051698,674.755605199312,5015.419971804288,1831.608528557912,2459.460199395616,305.27194378181264,BENIGN
6990,6,806342,1,11,18171,35476,1199,59,282.5523108799025,54.60467035042442,1197,19,97.51974236652472,21.220971143081524,53189.18988508432,258.2564877988031,5025.736623023456,546.1793209937488,1405.9517421899093,910.4173075174606,BENIGN
6958,17,249515,42,51,42274,38165,948,8,409.84893575460455,77.22648996543225,1464,7,421.89567223325037,77.3879082067509,57361.87301432409,918.7249162259176,9234.438017310636,258.7665454529409,24260.835562826218,29.80894247466981,BENIGN
4804,17,679782,82,93,7500,11528,771,1,347.4811178609561,32.015131793740316,565,97,409.13378407979525,91.73072328182757,99591.78231358963,563.9485720321567,2899.8924410498694,1995.8957171180364,27320.679557133673,765.8082846087595,Bot
5600,17,41969,48,50,41671,49608,1120,55,333.21620931895006,19.54082073811869,219,48,493.16482727566984,125.67701044350099,99412.99685116277,355.9373641487186,3321.7291943274126,499.62690091866216,4004.846899923692,906.4279791512671,DDoS attacks-LOIC-HTTP
4020,17,557343,40,70,24512,5914,663,29,265.7390204234452,104.19690850168013,1417,86,140.84091682408416,141.50626026018782,42408.80425527273,165.1940173267343,6563.8205962570355,517.7408636899139,46112.81027972169,770.4913983358268,DDoS attacks-LOIC-HTTP
1653,17,585776,97,95,35767,37136,994,21,52.49809869856201,144.07626217327888,771,37,157.66267769007297,177.8555417667199,63498.33349200041,473.9848940673492,7851.974373039044,1976.7421248532314,35913.659256256244,743.8143170059077,BENIGN
2172,17,765712,63,47,41121,11179,647,74,203.9941934671764,140.38218038638857,1218,52,451.43900052889325,57.79071310560722,48085.44275864695,730.3833244637983,6993.407943599479,2514.2172825135804,40066.10510075222,843.3557756171498,BENIGN
7286,17,10307,76,18,32747,20472,500,80,478.87184138882327,90.18886443524543,408,27,117.03952960113978,105.72156453838579,72074.33801120346,624.0166295012169,7887.394106940259,933.4144348725754,29205.322328305414,665.7895610320113,BENIGN
530,6,218501,72,5,17719,12076,1174,99,497.796297267685,104.45579725778921,470,76,273.95047849355456,73.20814136061304,93839.26824812782,727.3255069932105,5751.505284866681,3423.1784313021844,33180.56836696419,423.09618878297164,BENIGN
404,6,985232,88,83,44692,24783,1136,12,366.5965823199545,103.26574450172828,1370,28,353.6724795955281,0.28433440619801686,30972.834244243593,791.9689915480837,8628.372003633323,2093.4600034140544,19399.132889057746,62.75555133505517,DDoS attacks-LOIC-HTTP
424,17,159392,80,26,9008,46716,1259,70,117.61990672194929,138.31407555361125,1485,71,135.94212263144283,115.88636454398551,81889.32829218975,441.5637617229505,5501.517193961569,459.6126886935803,33968.06127635522,787.967445014446,Bot
6986,17,477366,4,52,28916,13824,584,15,55.435869771680984,9.585035191204817,1084,10,469.20647272237943,163.15921513422774,65488.34478827025,520.6460178402681,2294.1769318848396,3185.1706228135763,48909.362741299425,905.2536390408915,BENIGN
4633,6,496862,38,47,35500,4299,303,96,210.3083577278686,141.9792217742448,165,46,332.84877403696015,7.287897220678818,28025.67827940899,986.4356894693096,5417.469363879683,1784.7240934756942,32389.318371442336,511.5864615532002,Infiltration
4591,17,205257,27,6,4666,46888,905,44,429.00309166787116,116.4401801514575,671,44,23.569654134912522,0.6983517205940482,79731.99282161755,968.0833444250446,7129.733906884389,261.6073853813311,17088.269806429755,532.51047445579,BENIGN
2020,6,22131,9,58,36911,8118,1339,64,362.32279874802526,39.62174293431484,1174,17,67.86876563045696,145.56368130214761,42719.030589565176,415.4023076341003,6536.099818809699,4739.907898335961,14269.103727899568,403.28698414606765,BENIGN
2776,6,464037,16,68,25745,10756,1287,10,442.52665758284695,9.8117707492529,110,49,95.3907850457818,136.77194500176662,12048.513576374678,685.4943446822886,2430.9246129443873,2855.9847855283483,48167.66358294468,856.882610833859,BENIGN
8050,6,867339,56,10,29102,7953,1213,69,309.8092757753379,21.705558111577684,548,88,122.47868199672484,81.17042106700418,99341.70156400818,268.32258814952496,411.7412018131812,2388.6018451531863,9258.26483243217,14.803303963580095,BENIGN
1688,17,595700,76,14,1252,37552,49,19,69.5125404718977,104.93826828385393,1026,48,365.33868501471824,132.32097632418194,42570.37683390217,153.54484809001278,2525.5551231456056,4295.686974269173,40311.768617364294,624.5485496151852,Infiltration
6009,17,584154,31,63,41317,15185,785,98,61.82400366409122,151.68170601825656,1036,21,44.46762237773405,190.67721450620016,54159.83921214237,768.6328214011098,9840.436670465942,4683.702146568624,23268.46197751785,907.4130977587378,Bot
6934,6,143621,88,2,1841,41792,529,62,28.76113980191399,66.93145742490023,1185,44,175.29733613806724,49.57255931106073,80798.09345906843,436.74378944860626,1845.4779376641018,1101.6093408310567,22193.5501200965,103.2223255322674,BENIGN
1480,6,352077,14,68,28521,14674,555,89,285.7045854338978,75.82478214104434,343,60,455.69166166400083,49.185318906316766,96088.00475064214,177.87575084636896,4644.253213150444,4050.722508375136,37379.41402106266,959.1645373979879,BENIGN
7210,6,187871,25,22,7256,44476,245,11,125.22868712927057,186.82928300922248,1472,98,278.333843168502,37.246440952842775,87290.05611753196,759.0890755970265,6383.819647776242,4155.399633871326,7410.441117996711,967.678164035114,BENIGN
7160,6,237299,34,52,31477,33927,472,61,368.5199024707005,42.6026168065152,331,92,132.74828191926784,144.79734999475008,52510.07024807864,915.2551894342294,8794.852377310372,272.01397338799507,23320.133347984574,929.7889651561541,BENIGN
3656,6,998857,67,36,18312,386,1261,93,344.6937182494661,20.749884915070325,263,20,478.52814824015496,70.63784763426801,54574.150592556194,933.3402269572792,7602.826116664546,3559.7205758913638,1801.3260515097381,462.5460959719225,BENIGN
2744,17,761119,24,8,3242,26617,492,91,162.46481749211688,68.68202276000359,82,70,122.15794598434121,197.73862679742612,28095.884791600194,596.7373747541569,9089.62210250047,314.8394089978851,33523.63700735835,382.9700030322973,BENIGN
4829,6,760229,73,14,36536,7192,439,90,92.51682489971186,149.18442389845475,776,60,452.5498106338214,142.92978069143027,46285.65978712678,480.16148784589865,6044.232552091273,2973.3662319495033,2928.280424843782,705.9477365220372,BENIGN
7645,17,635429,26,2,38775,10745,1055,41,55.6881731490206,125.21545821122638,923,75,362.8848368072778,73.47537732947691,94684.41982869297,142.72471957564377,8653.32276246997,3346.18388569337,4373.56699571761,318.69021794409167,BENIGN
4198,6,640573,20,92,10982,30020,352,82,369.971060537483,83.15908787391383,333,35,370.26051847939306,29.83720681269295,72696.82498442625,792.9970144518471,2639.166128394955,1835.2934417548488,42242.87079764787,68.34415309538954,BENIGN
5284,17,177264,64,69,48146,42678,1073,68,227.96829273583694,192.9505065663661,1403,23,382.46965920080805,118.40496330554444,1197.580304245877,945.3778289481894,4306.217856856477,4403.9374832882895,22153.32979892624,901.4221633620311,BENIGN
7272,17,456987,10,16,34602,21159,1206,57,165.14730751817876,146.99928765891465,1242,31,253.28465602860462,58.9806506192851,11659.51311445587,889.5709532037793,8437.880971018394,4002.5585348373615,10056.774670526645,634.8560599317545,DDoS attacks-LOIC-HTTP
7265,17,534738,83,25,10693,3409,1472,4,429.0432428241245,12.372284876658757,657,90,407.2893630013344,181.10181625925733,92381.88888308594,752.0316709832331,3256.311114110767,4629.798568106981,29633.30295200944,207.15449829126786,Infiltration
6620,17,751618,67,20,23674,49841,1212,26,298.8385422018451,148.92628877080966,453,95,418.09654887624515,88.28087997529495,84873.44569947214,5.56429372818527,8712.35022023971,1574.447633154909,25968.970396580728,18.40856134828439,BENIGN
6017,17,887391,24,71,36838,25745,142,27,261.4111565163093,4.80771118117167,672,58,180.24336083805852,58.529992907710835,48621.5849301822,408.3431237327334,3631.787563815493,107.63900030905438,20551.30725387548,723.515966931308,BENIGN
2068,17,513413,5,20,33182,45948,360,25,372.9726866629298,130.0646646234811,740,95,200.17225910818763,117.71036291413614,61701.65830391719,411.3034575301061,3634.5836425297002,4057.3063349877602,45271.79916679988,852.7999227643955,BENIGN
4166,6,785958,67,10,18115,29455,515,90,408.7136544164677,42.09656725853175,1112,95,444.3783592695129,27.394900194212934,28971.704577968685,894.4738647267721,3091.020114996654,1114.8867799822037,37475.40532763578,405.6475756483271,BENIGN
4800,17,68587,58,37,21710,38910,93,48,344.6062119342462,139.28844180751153,332,89,262.36463021476214,112.30981456057567,79285.14690252139,66.58506620212928,5469.883893292049,2335.780202835278,7588.127634052279,80.89821085314509,BENIGN
736,6,148794,27,71,11027,38735,1002,20,222.8031277066796,61.95591332955923,309,74,433.47174797093453,11.222295703948038,60335.71151447509,531.6913612980446,1291.5583202483008,4086.6058593201537,28543.024750871522,648.6212377003499,Infiltration
7959,17,123953,80,87,36623,29166,1497,0,192.7529023727328,174.60126159111297,726,81,313.38473087890367,121.3777363494415,69485.62228853695,136.99826952319006,366.9899158283445,1080.6758933764538,4446.307596231309,296.9290522348986,Bot
5585,17,987867,15,34,20604,39973,839,91,386.9741444449876,67.3827673182921,1443,4,296.7838783745212,106.03276878028578,37497.2347025197,662.6316203517063,8974.232386729936,1559.5438139316186,12240.2519824359,143.94672495027694,BENIGN
4564,6,315361,35,13,11394,28072,870,57,261.3640445169416,123.9391710808594,353,15,15.49047663893094,104.15319642779433,43049.49627108294,792.4632326900028,9289.453607483345,2195.3999316889453,45493.918732564816,510.3965552062344,BENIGN
4996,17,235162,76,13,30358,48774,352,78,353.6711088661013,57.18551193079766,823,10,138.9471989203749,136.83287741155613,20776.131475616035,642.3172527596597,762.630448257357,1359.124250827205,23109.375486155026,481.8437248922579,BENIGN
4603,6,451710,53,9,16458,12109,1313,54,445.7474005948732,183.44430902843564,1123,34,251.02882345115907,8.891322885336939,94805.77376665798,794.7905558796052,5497.425852059965,2306.6071150141433,44606.38401986891,516.7704090773599,BENIGN
1843,6,233177,44,11,9501,45802,875,80,458.36586419466806,156.19919620563448,144,74,293.6585860673505,91.94629292605923,94656.23646845357,607.8888014341484,5397.281915392056,47.98322247263342,8308.288289922291,823.9323235591991,BENIGN
2101,6,887616,26,37,13122,2484,1296,25,142.46924142408346,48.660575268920624,1033,41,315.2172645003671,88.8077326080749,81776.94721151801,190.64927136440159,3724.9343734957565,1060.9398637566364,10275.03395810683,484.5458824776856,BENIGN
3439,6,23882,47,33,31031,34622,1199,83,98.00552538489448,189.75934251173192,1067,86,358.1114125058085,91.95648836849986,93556.1563687264,383.2808549838723,5689.4793002255965,4162.766798314878,17647.707906123967,900.540579745863,BENIGN
6258,17,509592,34,40,44563,44399,302,24,134.33724336673475,71.43151791524565,1409,97,328.1167161468159,195.97819421306866,66536.15197751207,956.9119473810578,4581.735337934921,2067.4097925650035,18322.618856550744,841.8106196221657,Bot
7259,17,814986,87,9,978,2597,1259,76,376.92902641507385,130.3729895334375,909,80,424.28835369790016,27.855694628852067,23472.84041161445,288.88673786522867,4896.8605070313415,3182.0288387096984,37266.410738828905,651.1159492832021,BENIGN
1594,6,854436,95,16,378,40597,1203,32,188.17872784284927,148.57064622287928,760,9,147.73517144375668,138.0859514119185,76023.45011402719,63.799521879086655,7553.61289404925,1161.439638177712,29974.533992798915,56.85185760530598,BENIGN
6317,17,654324,50,16,8434,40954,607,88,90.82769401645824,4.5804322929824615,494,81,320.7849928329462,80.39922747571129,32534.368162077826,385.44514492065707,5260.076713073838,3249.39332224333,27666.938803072037,864.9443894628354,BENIGN
269,17,408908,84,66,35020,3983,654,71,53.70081879094978,191.79346923144925,1192,7,25.579757098135648,102.34530486490272,44053.76411294843,366.94081172527035,3237.257269960452,4999.869338231284,30122.751586336417,905.572029446741,BENIGN
693,6,153345,12,61,35861,39452,457,68,167.02002847069548,68.88826121747297,641,25,240.09503866101394,152.47878117123923,27442.272883898415,470.8385069166854,5814.979664777468,2976.4381969840247,36612.246712445216,375.04713451029284,BENIGN
4553,17,950808,87,94,25506,43151,699,5,72.3875379735031,37.95577868624485,530,2,134.01648297594625,31.475088514696203,42367.95555294975,560.7431186591314,6407.89921676418,3141.792813209544,44641.903764068345,526.1517596566083,BENIGN
2185,6,953200,4,0,30946,17040,1011,22,82.40493820398694,170.14155834569962,1359,58,190.44357414734802,152.71704252729845,67934.94339201294,992.4308432405824,6623.451128649649,557.5991223099875,20742.850424296237,281.0206706385272,Bot
790,6,951928,87,11,13332,44772,864,29,343.52256685590373,140.57985656468287,512,87,177.33137588247953,14.06615653688792,11069.950024889928,756.4777082438311,6183.448203118747,2016.907358329923,40148.26788674403,14.716334007391918,Bot
3982,17,122358,48,3,1479,30554,511,77,14.767387355860613,17.348654524670515,129,2,30.215338576318864,96.6619022419666,10529.640830011713,36.85487349345261,6646.363044663256,4303.624492414448,24759.89318547057,479.4510613191309,Bot
7493,17,636056,55,41,37503,27916,773,53,63.18886450459181,23.40891627535391,1007,37,233.32290037568777,148.41417153991608,68380.16350869332,712.9996158783061,3101.6177438889163,4171.359868291662,36106.69134505142,129.35897337763126,BENIGN
4383,17,454518,1,12,4269,44871,744,86,422.96091815048277,143.0383741307298,1273,1,497.3146439957767,38.510291070939886,77960.32086579301,824.4075166633467,4461.892996879894,2611.9955518066095,43742.44116510778,183.3247102265826,BENIGN
2004,6,482716,89,97,36400,26372,1412,10,423.2324720840353,14.956651191816794,733,98,149.4680284182418,154.18312920708468,55151.15380438938,895.735108145502,6687.392986374222,4517.270748688862,1620.418970018039,480.7108116222616,DDoS attacks-LOIC-HTTP
1097,6,386428,66,84,10302,39080,1234,30,167.97552198797058,183.43508702481301,946,16,368.07298583412535,33.36250138514865,18172.28499660587,424.58209679949886,7543.931047504851,714.6850910285901,27336.021469285657,867.0383409800222,BENIGN
255,17,506681,30,85,26851,40706,259,5,48.53673914252085,148.30802738952664,1161,72,273.89416746021783,159.84775138742427,43081.37726761523,314.3119425377437,4342.027140453628,3290.947023307626,49469.13751675917,844.6326717542825,BENIGN
408,17,424066,3,3,28375,42722,1442,10,353.9603152345669,67.09844119339776,1298,35,162.61265026573685,93.7871145883675,75819.9704831776,839.4854679305149,3653.9631023259335,1244.417882510977,24816.25848197798,965.0684214300339,BENIGN
3057,17,993716,21,81,17217,29048,610,76,183.26518544806783,72.58775584506765,1001,85,44.80353019621058,136.92766637262136,68576.45282423445,777.8377939491802,7159.110669073411,3227.807025526183,43216.541093258595,482.6806185234379,BENIGN
7921,17,278810,89,68,36209,19669,134,11,27.504990466438286,101.29921924082028,463,94,107.92895038260619,183.4812916738377,10995.449127158812,536.5064075158599,2222.5096251735613,436.998445525979,9303.1336223173,552.0089097144622,Bot
4878,6,662650,84,18,22922,9777,122,65,83.12435574340029,72.19388272970804,140,97,390.926769745122,81.68430472274675,96915.02662401492,118.76490163073706,95.9124631644496,4718.045475524694,30218.31164141412,822.1162343100088,BENIGN
1868,17,562721,49,1,36929,36331,990,52,72.92133192219202,156.69371028766315,1279,87,139.5100887093227,46.591505364554564,22344.15444982479,652.1095777290329,4712.188858501978,3931.6601979524635,43516.595102089916,699.6734103996724,DDoS attacks-LOIC-HTTP
6564,6,384173,86,11,36991,20968,1170,98,296.6125901946928,194.94738882032314,881,72,72.15124120592658,173.43281932353537,22046.746562999666,66.60189886644132,1734.5581751085822,1004.807824479454,21582.341249622372,182.82210690233924,BENIGN
4739,6,736365,85,80,15245,37809,159,35,449.56820388376286,116.90430308763862,455,1,165.64917023033655,32.32332962095563,45991.12620206813,101.26643788547706,3783.449307604385,3186.3828428601864,24341.235724663136,398.17475208995626,Infiltration
2834,17,613959,62,73,41767,11292,884,16,397.57065649511145,89.20746553350578,433,84,292.0214761138451,126.29521036748332,32731.040468714848,331.80909868630624,2913.050268482898,3795.728202687356,4110.075043406399,929.1592920764897,BENIGN
3394,17,120363,97,97,33557,40794,352,27,275.5254422835289,44.55482805364343,172,33,351.73158214499955,184.6506576081229,98398.75900455295,371.8043213711943,7772.84162325271,1047.2291091468044,2118.182876610744,146.12714329278276,Infiltration
7082,17,919193,38,5,48129,13923,589,91,213.96680663910263,130.68668384956004,472,26,193.68241848479002,134.87934230706114,7658.212427680656,462.5120648513898,3314.7535854989032,466.65153856988553,23440.72789615333,209.3563740264004,BENIGN
3298,6,549623,15,7,43820,27703,792,21,311.24497098908813,137.11537236307942,1446,36,249.0735785391745,39.13621709000306,30650.85470041852,339.80381625953,6407.11723810184,1758.8988304784991,42175.33182874028,400.660041921058,Infiltration
1272,17,259,52,50,19286,18657,330,6,224.68730678514,137.03812140287275,1019,70,227.45834601673076,30.45679035264659,38278.38882112533,34.754367279084775,6739.452053396613,678.77170597616,46566.900363014596,939.8741327661036,BENIGN
7016,17,667605,79,10,31933,3629,831,14,126.81906567527639,5.397007173698465,916,21,4.501674961713443,50.46110622011821,49350.96478225683,158.2582687413079,4565.086401238001,2828.5585255211463,32936.06364302917,113.81814161734671,BENIGN
4001,6,998513,46,62,5544,2114,541,95,341.2027403993784,179.8244201320942,438,67,197.80023742792412,78.28136657131569,1650.4788084076058,115.99685386620227,811.6982773535874,2120.574547867075,41321.66598073752,672.9423666930614,BENIGN
4693,17,163093,25,56,26479,34445,1322,10,437.2557531419539,67.62131268583533,1015,13,293.659905086041,31.83180636998062,8245.389559509973,431.75241496739346,7003.950495667983,2312.121690504527,36745.35959129368,132.1225239120657,DDoS attacks-LOIC-HTTP
2142,6,367103,21,11,36084,35862,501,23,189.57081368702595,148.83315249632182,1080,97,284.9723582078805,159.56281328826353,25788.386176553857,212.91679825448287,752.6039788390011,2714.3173867060373,35077.27648675146,524.5010355837869,Infiltration
4550,17,147409,88,72,35680,25574,621,66,421.56154150721176,151.96138142006396,497,22,374.8837791671234,71.40706852177775,55404.66814774276,294.2517476020718,993.0303840473191,4910.260729713007,38453.96460835007,536.5635132401326,DDoS attacks-LOIC-HTTP
2170,6,107607,5,1,32573,32349,261,29,218.38561300932778,130.1109957624479,168,43,335.18795521766936,187.21734718254527,76779.47930364529,472.0958959013615,1960.7776903801134,3963.1783320055447,25270.09459102235,42.62610653419452,BENIGN
7609,17,925848,70,7,46169,22257,1110,69,203.66129183421586,78.97330462885843,988,88,138.40339855807687,168.4981728070648,68652.66992800677,236.3262979507175,2804.4776020837908,3147.3574749142535,22902.325793807755,954.1177907715729,BENIGN
7891,17,14843,47,10,36496,35052,1425,65,19.020556985778697,121.67684336330511,560,64,127.8218357794813,181.7636525603373,56706.82102313383,246.68317528167324,8464.670551510164,1818.5280723966807,7965.584676870588,806.6226302358516,BENIGN
4879,6,752562,87,52,31,37820,1445,60,349.1630561768681,8.039738251575312,427,78,232.07089903171706,58.898543000708,39729.31164436866,833.311033209182,6749.5428492678675,135.3467656848256,42192.32768223741,302.85420152625596,BENIGN
6901,6,46201,68,99,34278,17973,182,77,404.71374993134236,152.37915843758125,418,95,366.4848338608274,114.74630876443803,87070.74328059281,548.5387811925889,3872.740671379185,582.6380535937586,2240.247866394194,130.62429180973533,BENIGN
6969,17,242817,91,9,41812,25737,884,40,333.4606751814877,19.917729665667782,1370,77,46.91365328798219,64.28990360847149,45982.656600393464,856.9026921284168,9786.295884156372,3654.3362526969186,13379.531620654081,345.6267130240487,Bot
1349,6,645922,18,84,15809,12047,210,81,79.92367093901203,79.35018515992034,454,60,474.16329151808117,51.389702316169526,29932.288032836906,515.0113893039912,2436.781820289175,1846.019641209614,26000.608195815,894.2765462442336,Bot
6261,6,346471,21,83,26346,22113,226,50,56.130266438558344,20.723757532993314,713,84,271.5765618532158,121.41735624051013,62937.218134057206,909.3549681908983,6098.53405945516,1672.1871792132242,48580.18964497726,132.6835968433,Infiltration
8037,6,230704,92,7,3651,694,385,43,288.56508205117706,167.4148891638189,201,54,153.20419746675034,163.5990761199564,69214.57850866503,255.48732942150855,8472.293875421872,4444.891792954246,39300.7873853719,349.317098324776,BENIGN
6961,6,187550,99,35,21606,15588,20,94,203.75054582137795,110.06047868719185,178,70,346.69561544071297,18.71956122533085,39853.03978343695,617.0533634137539,8020.423756989893,2422.5444525688554,18439.874520184912,494.30442466482907,BENIGN
1378,17,857658,86,92,32969,45823,1045,12,217.40340282536684,138.1910240338545,56,99,22.362908121550895,55.15375227321429,2824.0466717809977,503.72854208002497,903.9871779077017,4497.885287065548,35700.28004171663,32.88431678665638,BENIGN
7022,17,842603,23,75,13316,48848,901,89,484.0611221377888,136.5164339685226,945,84,242.19845789153143,41.02683617722545,9422.20870866869,918.7722357565098,6973.044962521755,4433.192552010998,46569.15570687765,268.0337126513016,BENIGN
2502,6,726581,64,13,46192,20067,444,11,363.3417222405674,168.32124633170088,500,49,242.9848237319045,159.67003463121284,84561.43320044724,419.0610982794738,2579.3796917713667,400.9064585727723,26948.783742338426,595.6338935677179,BENIGN
4562,6,337007,67,53,8597,6704,827,81,208.83493090783955,26.513880669026936,738,11,80.98764245467515,186.67441461844388,5664.22663931894,854.968989453301,3557.979047176602,4726.814892167678,23102.390373092458,323.96458121585226,Bot
2037,6,487130,40,84,31369,40136,1406,8,14.45414352164887,131.94562808097683,111,78,418.6939079709416,15.988542036671793,59206.04650754281,564.3401465552581,4890.4308311293435,384.7744180377871,27654.13368099363,870.5254403532593,BENIGN
1351,6,759810,10,85,21508,1971,1306,84,21.877370437368782,115.02681088073147,1171,14,398.40605934012706,75.8426829414482,18379.10145108469,708.8344089086369,7907.71091048787,4817.530576236064,15583.386757287597,936.7654187192154,BENIGN
4364,17,405553,89,20,4672,47361,940,47,343.9778293446988,6.179424514263077,714,16,76.36619722685451,182.90180854373133,22900.339861505265,887.0062000264367,1662.8482252478034,2263.074587996952,45368.367046102685,441.54286544972376,Bot
4281,17,671109,52,49,37104,40823,700,48,419.68068596129314,40.284581764560514,1401,33,181.91364678168875,68.92764410925966,27340.66263402075,996.9095082900903,1086.4437951611276,3804.3033787728814,39866.11780494924,532.0204754162222,Infiltration
7668,6,168885,72,93,41843,11441,1165,52,355.31280162709345,53.51430827564416,876,34,50.214778315443965,142.53228726274062,3838.7557058400735,731.4084190890718,1535.2590091914028,3530.721835949267,35277.150776540315,630.8082683110099,DDoS attacks-LOIC-HTTP
7147,6,204635,75,38,27207,31476,864,55,205.91443753933908,14.51127508583323,1371,38,424.3043784195984,20.133277303868603,17731.755061287837,315.20743096486495,2183.0171323842396,2592.4748716226427,29458.713107326505,664.5349660947898,BENIGN
1378,6,700869,61,19,20729,14677,793,39,20.412190275631936,70.9439611797603,1381,77,161.66005187432043,88.87750632242846,65053.4934515489,299.71298129881757,595.9590362564802,3097.2740941782163,48474.04417482489,63.257944400484604,BENIGN
5135,17,179938,64,87,24675,27818,328,23,483.86380696643874,5.440501743095139,1079,54,219.65815392882638,100.66015511832569,49876.72644943843,309.79472106707226,9263.638339231204,4749.590907495974,14892.309416426277,53.679430266159514,BENIGN
4657,6,570542,5,86,43249,1868,853,97,493.2363507682529,110.63669845154591,812,58,161.93597501028322,151.53281559701207,79734.93528303619,98.81041197919876,3191.514987480395,4636.7574533162015,14163.926893693408,865.587674247754,Infiltration
4874,17,269260,53,6,25042,18055,630,71,276.935452964913,42.30019211595746,1339,4,155.0130082324755,57.76493011596524,6133.598234083839,54.545293036940485,1770.5793230343393,3271.6302512954344,12114.495259830479,219.8720467926888,BENIGN
3197,6,472879,55,8,12651,1728,794,32,39.982127524077264,57.40062110183972,963,29,373.6511268742945,52.837714510105414,88890.94064220058,581.2620334473738,6378.70420261702,3288.593394672626,37091.38167236017,584.1055029438082,Infiltration
7750,17,442004,37,0,41974,7632,1201,22,272.7813904276611,182.09432523425681,1208,3,373.78311708991157,60.59353403916627,99639.88920462829,810.7779386944707,7870.174191547523,1234.6934669591903,39866.30913731627,624.6718145136085,Infiltration
2148,6,876210,56,25,30038,12043,406,76,446.70754275930017,100.56336982470509,1077,14,258.8940852402847,111.13930175874816,1583.8398251558108,37.09840527554483,7532.588421848566,4143.117473590619,29859.737666572928,164.46427740024072,Bot
2200,17,898588,59,37,45504,6403,1213,53,341.5928275134657,53.80278624888317,36,34,328.80847466315714,175.20088269295016,96764.33015333793,567.0676621254187,7187.353220678136,3163.0166650103843,32602.665679802485,761.5966267696498,BENIGN
4912,6,578626,93,37,15661,15732,1091,52,361.3946693611985,119.69235164961324,1012,73,255.8315986789783,166.18827929226137,23593.91266997229,372.38936010160637,506.24922440423313,4131.243959992152,17454.548622673577,865.9456182976709,BENIGN
7063,6,320852,69,60,8546,18526,469,48,47.060069528963396,40.334286973499125,1293,54,14.294604969857517,11.589131282200382,69257.38838922164,892.5927173550609,7821.8130326852415,3289.2620514398827,1997.4795482193874,285.3776813176979,DDoS attacks-LOIC-HTTP
157,6,613469,73,43,45722,9340,70,77,57.72326033074172,14.879137152836975,862,65,33.003216564966245,175.7910222584047,29255.419476061576,146.24154195200535,5019.2845338773295,1496.600130158075,12689.25582362624,877.8401809234372,Bot
6347,17,247744,59,85,6283,38952,378,77,68.03764430606321,4.1812708800537335,731,59,191.87028475641566,19.021874843678365,52186.069745964574,563.8685730045362,6491.211114295137,947.4070136540663,29219.31832424999,81.03716876456457,Infiltration
3492,6,949501,2,43,6294,22394,1154,79,452.66653266219134,190.30580907525126,1251,23,374.8731793141971,83.06961386377394,51046.746798518216,970.9497862877977,9564.289820767726,384.8292211157772,40648.504792395586,800.4639262072368,BENIGN
5469,17,837493,65,73,25702,33021,728,48,265.2955699505876,144.92216482862327,1451,91,456.6131140671725,153.08088785084425,36116.93689011272,345.6879334985976,8106.914712202086,2929.9746613006346,38861.97697186553,640.1111609436933,DDoS attacks-LOIC-HTTP
2852,17,199875,60,61,8827,4102,555,59,396.82967271453066,159.98962965847647,809,21,14.854152673376309,16.302207206788633,71757.5013611505,742.035134382212,8253.894720250823,1420.256787543675,8982.573336017129,583.1107893853174,BENIGN
3599,6,962361,51,5,28965,36310,1050,89,62.06917364238211,196.1835456357664,1024,43,184.0150263434035,8.079936055393366,59967.651821512794,882.5687038850454,1815.4907215628382,3152.5475729540713,2581.7960417106524,230.13274482494816,BENIGN
5991,6,813449,30,16,26565,19159,505,89,464.1831392267545,186.3257406826879,22,31,111.89121805820545,65.99916072215883,50832.61762427814,187.024351909257,4764.694846104322,293.28222441885765,42529.49639940211,361.8418027799849,BENIGN
3051,6,940340,11,50,20388,6212,506,64,411.46533529111906,147.38263972750318,1471,94,407.60264058273094,145.98512157146294,98284.10279870647,992.5346530817419,9493.305524618549,1878.3153250281355,3788.705742805554,910.3043842702092,BENIGN
4184,17,814522,92,37,41192,31824,514,31,116.25825166380127,138.79741396386387,795,82,422.9840723273206,104.35128751442295,94001.53252547076,809.5772783739912,5827.269835454984,1302.7660768488781,19671.630026825434,465.7410864257507,BENIGN
2613,6,62651,76,23,17137,37405,978,78,437.720205480507,67.36999938707532,495,50,103.20443384594763,83.40037412193753,95544.03022090821,138.42669385442704,1026.7611112726188,1851.6703900055654,4720.340582677934,594.3800843627953,BENIGN
7961,17,975765,39,50,49624,11525,1348,20,135.40416590142058,20.803450359020424,899,84,355.4136267174361,162.61466350314436,88133.58274073077,311.5738158143228,7318.466429027528,271.4171487829353,28206.79503532585,935.8515327960218,BENIGN
6216,17,735083,90,9,17962,28760,1102,17,106.64324027283297,114.7445096735152,424,2,365.8780186507143,153.34185243884892,25522.982322050437,625.3450683189864,430.225544203394,3620.9070941672326,18173.188195063936,466.4884403232421,BENIGN
5589,6,677900,77,71,11549,44239,170,93,135.8007487220451,115.25065901771845,699,69,88.52884839128517,157.2086419467929,35004.10333750831,885.0328448417881,7423.230372770383,583.4866657148663,10132.655953897613,388.2692383934088,BENIGN
4320,6,166377,72,20,46771,45268,727,59,455.42775631994164,190.4474570831488,17,31,216.84795850411786,91.94536478984038,23113.151408355334,195.64068706968516,8797.846498599352,72.01313174076628,29762.43173421988,893.2021110481209,BENIGN
6289,6,80911,63,69,46229,27457,1178,12,458.2180328298604,88.51416133234187,1468,1,310.16890272189977,3.8898484984062565,98617.82695341241,731.4743769629496,4253.076155992735,4731.445506946668,18175.955576085682,910.887954505611,Infiltration
3838,6,779228,64,84,14702,48015,1002,23,167.85290847054455,138.16152486121368,626,87,13.03330346629944,34.427394698306045,15274.66035765148,271.37736520480274,4136.715016987888,964.3819118252495,8347.744703522865,354.63825930198857,Bot
4158,6,841635,61,56,18130,10532,1418,29,354.18992162180285,114.99412547934436,1062,58,202.29591652294138,148.26008565532516,36657.51043833497,805.611034177037,3042.809561170011,4140.306492227303,35007.31976408751,591.9896825502069,Bot
3843,6,464128,54,38,13344,13518,278,1,339.49390130627074,35.35204582020985,1233,90,77.47911647381034,150.634694349925,19912.452027688454,683.7585852477583,8769.505912752224,4822.352998785622,41842.047411019994,963.727772833238,BENIGN
4062,17,959231,92,87,28625,6476,1487,82,404.2485029045496,118.41286155098334,210,72,270.9482505604436,194.45972254026728,22353.14668030348,523.3861256339387,5478.29825587982,2670.6059978438097,13694.391128663881,55.470695139396284,BENIGN
1926,17,368366,94,32,7913,19743,708,24,151.77220257035486,108.02334187256402,564,76,421.45879173047734,38.037305382038554,24716.31760147312,650.2160964465911,5793.0201464055535,2630.590800237732,9329.388039633996,39.80241952058383,Bot
6274,17,234204,73,58,28537,1004,874,49,257.5185782456489,98.7811987818711,971,13,262.3769693130186,24.585357630529003,63970.6708492398,876.5688002882833,6617.412201108696,1837.0862249170484,3771.840580654148,516.5805088689808,BENIGN
780,6,543396,95,17,15639,43054,359,13,335.498605749102,102.68458672969496,1304,50,17.99179810434198,27.757926747202877,7614.176525450865,387.0394339866372,3003.0092446812077,2127.9743238769743,26399.827232259624,291.24014362658846,BENIGN
7850,17,202446,58,55,17750,37485,119,5,17.997125310903492,32.7975943917741,132,10,14.828622798395585,36.95762301482806,57257.26206364216,769.4809299758726,4328.430327192767,2410.3769847667004,41566.372050335995,581.8498849341503,BENIGN
7370,17,556790,85,91,33792,3271,416,75,191.48567893882256,92.69554624613356,448,77,302.75157295207464,105.69366790157491,81930.43076604747,159.74652944062098,7416.3160163007815,760.472018603146,12546.986851066047,724.2953529335947,BENIGN
7011,17,184556,56,56,26718,45482,659,83,349.46473705089164,121.13065436431935,263,79,163.99077926280626,195.04229259483031,76654.71242267704,701.4843798764597,9854.884198421314,1823.6836197017958,23037.282203805054,69.07433752097236,Bot
6258,17,784382,34,95,10870,209,60,86,130.03457109397104,97.88983973710788,110,9,286.3332517359463,117.8862966001214,15125.658111249722,750.9067051092388,344.02109510523786,4080.542213047226,8048.5646378545125,882.3674758021949,Bot
6110,17,399109,31,75,17448,25463,1436,29,479.0635329682112,97.73723902522946,849,83,81.8185544579938,104.53761312932856,91474.02616053274,443.55469905770076,427.44233096772786,911.9905979073623,20215.999191441446,276.887001236956,Infiltration
3465,6,496143,52,47,1774,5539,1120,29,19.92987889588528,15.503541958597156,1261,79,388.4311764180559,134.6712460767742,77011.33723666336,793.8284831942777,4281.396737347299,3649.266234770577,782.100926698207,381.3474821801942,Infiltration
6051,6,136743,89,41,6019,49305,1101,37,479.2531578557743,38.15483040334393,1480,57,430.3598528667839,14.78607815163131,540.1980681752776,557.5462625119991,6596.5587262613235,3257.9330013409535,45537.3461019941,337.03675196405027,BENIGN
7707,17,490183,76,26,20852,19977,605,57,112.29811466514802,64.19453855510014,900,33,444.61280104244685,163.07082683007314,73739.98961762321,936.3381232717962,3864.259883728333,286.48887641329554,33831.82903107843,839.8348580891987,BENIGN
919,17,933813,1,73,42382,8606,988,93,29.166910753058144,83.86939878518132,758,79,152.03729441567566,129.37590866384022,73744.79364541364,113.35396952540316,9996.386900997828,112.14434218840219,16647.35774456224,170.6522001621008,BENIGN
4475,17,113650,55,51,48790,44384,1075,40,149.77464644566095,118.78748877172085,860,77,330.36768381236584,34.23833591810504,49686.639893193074,131.6906048389166,1954.3972216032723,1762.6423128917452,44061.1010202006,28.673218311647265,BENIGN
2967,6,484246,22,41,33445,34052,740,93,394.20974210866154,172.66902090461213,896,52,139.5211935651301,126.14308423988605,4607.781776477157,842.5850146025109,80.24665461626756,3460.8513856592053,9154.652175357882,971.8016117192292,BENIGN
1739,6,960752,40,31,3380,3148,66,56,377.4587931917863,31.832947617730788,861,27,381.3784104057892,119.24159251317406,57994.79476885212,842.5189132917858,1902.1034937653783,1652.0896368033077,3945.89925546516,980.6324752211041,Bot
300,17,91318,1,25,38754,33536,747,35,108.37600612928206,3.017606042138987,1196,17,60.26250111316178,12.970597098960113,76577.01853583058,471.75352645705044,8868.536908637909,3338.666503002469,47131.65284148316,257.6928298801858,BENIGN
3286,6,133396,65,24,20464,5607,205,63,102.41111612794072,89.84742615518316,192,25,381.3824055605806,53.38643956915126,27094.696791546852,963.9982476623585,1452.3447796917776,3327.2907151399077,15457.757917177329,9.352635104255324,DDoS attacks-LOIC-HTTP
1907,6,500009,63,74,41391,19586,1095,97,323.0770583232477,86.42057948232562,514,6,219.86431883176738,78.18832457785625,66710.15114299623,679.7099293080764,4790.268828286101,4032.7731131213436,46799.3099714816,645.9171021933337,BENIGN
3286,17,518867,54,22,38377,29250,1296,15,231.7509313894866,110.38024369903448,789,44,427.77474521776406,48.97770589539603,35399.08024248775,982.8703935153,4193.34253103376,497.4280735192238,31884.26983444761,648.4632827647695,BENIGN
686,6,179867,42,97,3660,18594,121,87,397.18352689879663,166.6443542743001,967,97,369.46542999307326,48.63233755908816,57389.744741894094,532.8629998061169,6657.587487589998,2885.6444559373185,49002.346211445416,940.3567144657202,DDoS attacks-LOIC-HTTP
4208,6,907311,21,56,45127,7399,774,77,16.945725452814028,160.47211019649558,1432,44,188.25982034824247,114.58969473948366,38462.72928566815,202.41173090376756,546.9012686081101,312.4855978665725,37673.926318498896,298.47051074256024,Bot
691,17,391958,79,51,25718,25117,720,89,307.1538710764827,20.008656886002242,83,70,451.76959268022625,94.1718034120878,30383.108987117732,444.9487339021015,6587.842960491194,879.735701366689,5283.138507745619,189.50417789648745,DDoS attacks-LOIC-HTTP
1989,6,765448,81,86,42672,33126,1211,71,366.68264605873856,186.79907333533475,797,96,141.66856963765517,133.4584363456016,85592.88839845012,980.5063551050674,3548.1616881793716,1627.5045142807126,42612.911062104366,616.3823471830578,DDoS attacks-LOIC-HTTP
4176,6,240116,22,92,3200,33617,957,13,496.72612545419116,22.08287893488894,79,34,483.4943157179616,191.28141742198338,75386.28753594581,371.04353907637807,9260.469551265905,3536.9462021473296,7402.447341173135,563.6710655584294,BENIGN
6797,17,32541,38,30,48123,7498,35,30,340.9969386472392,126.91410170684722,1232,51,383.60169197784217,132.11120892024238,34551.458905975174,957.0594167016985,8489.024408529473,4869.389875020407,34612.95831265796,717.7367937066163,Infiltration
3142,6,238138,99,63,8799,37290,419,65,119.76335249223331,134.48125871911515,521,20,495.3374256355946,116.41918645650836,43468.81784510474,797.2243263266422,3995.6629785273835,1712.6040719295531,25025.368396673977,885.1274032904455,BENIGN
7590,6,694589,80,70,32135,45541,767,67,58.552166465619194,135.97549744461764,1222,27,26.95230819923877,169.51189833309954,69173.42475335584,442.66422146520443,9928.925543335008,2605.722427013421,35389.17315714275,559.7451874799895,Bot
7976,17,755712,8,32,33169,9628,540,64,322.25380344881734,53.07023433507818,233,95,137.01802293856542,126.41462211340715,81109.76727124501,542.329160925626,520.3855828098156,1295.277977112177,38251.82673808323,150.07525979379176,Bot
5144,17,848900,62,84,17469,329,1350,54,263.9756184215169,66.06901835299838,243,43,370.6321282572366,33.1122540617602,68437.282869843,607.8316382050132,7886.5335684218435,3377.4481030480733,40185.223918551674,598.1289433616429,BENIGN
5605,17,616510,47,1,35428,38619,1139,83,450.0769177802831,109.73537502987938,1416,79,461.12485062518766,62.949739891692566,54097.74875245701,666.1003186455753,4338.931403749599,1832.9293397522322,41750.656833458794,374.101567431258,Infiltration
4719,6,44860,17,17,46378,7032,758,77,364.67097048473113,39.91749916001967,1469,55,14.385408559726475,146.6720565368809,95439.03933480785,77.62251739850457,4333.618140731266,2407.980867191388,42362.753832266695,452.73502860910355,Infiltration
4797,17,285722,17,46,47095,48094,1497,39,257.3225127710972,4.062093566670244,848,9,0.004647987792372188,147.67647660540402,77416.62053795895,933.654464363797,1702.1678476552815,2839.064379253144,20634.595581855763,959.4843908891661,BENIGN
3920,6,914413,90,32,18778,38034,255,24,204.77678802874806,112.42889090171514,392,22,128.12131462812388,197.40175006179183,11568.030120524953,597.4027133875647,5149.284319802637,3431.211649536383,44462.51132888845,554.9470542425377,DDoS attacks-LOIC-HTTP
6697,17,858386,13,97,49971,37122,1114,24,205.16547628755603,93.05571440240146,8,47,426.38933831578066,125.39497568046131,55818.328488214,931.2180703842158,848.1002503039725,300.2583064487663,35981.816874743876,149.64715887894243,Infiltration
5544,6,880762,17,83,15573,20622,671,2,117.0206216448611,131.3462412446924,612,51,383.57655107161247,179.9090376171811,40961.56857315119,632.2665728170764,6166.155212824773,2774.5054689329686,41950.15686160196,443.15860712451604,BENIGN
7001,17,347960,38,34,27895,28584,918,68,13.576356019070042,29.340115166731984,806,14,170.1387310844285,10.916062117905412,79495.61432271147,431.5844735207413,2416.6628180980188,2155.82048907218,49459.675729701354,228.43050261616293,Infiltration
7700,17,667640,81,50,21895,47850,405,25,289.58074116251754,168.18497891797028,714,54,1.005632172717874,113.2444689621297,4475.856755404623,567.3610835247958,7248.855599647932,668.8254323983356,5829.572959206218,135.48249433293003,BENIGN
6808,17,98638,78,17,6905,4722,531,39,110.14529259899152,29.24429769210546,1176,42,277.3528704768636,183.96960494043913,41078.249760543185,829.6737707662447,6074.00782104747,1040.1833416568086,18535.27908729355,712.2341123350329,Bot
6396,17,539760,45,87,23968,17772,935,37,108.12182427538052,178.26872097600472,109,49,118.97773572547543,57.448847035639105,31834.448771195155,326.7997056202221,7464.303682505707,4419.450455500688,40329.2855651062,628.5690691389,BENIGN
543,6,816328,6,71,1541,20569,273,37,67.06370819485784,89.9042345191406,833,5,372.8044642499218,30.97532075884184,14127.186598126034,956.5035970188428,7497.670960271878,4358.880045501184,4324.310535098934,497.7888665177617,BENIGN
2413,17,975876,35,29,5491,41679,799,67,98.84976763746292,109.96105187453895,265,32,223.17483219131302,70.10203201935205,37886.623490804006,466.48924260793063,1967.8937431591914,166.65127211837438,27043.645462968285,423.2382957908463,Bot
3137,17,511611,14,43,23942,3235,1307,6,20.73562902979315,179.31626719279774,1396,61,339.30096152383356,158.44723344885375,67283.29981566606,956.280765095289,7.746620136474222,3447.007456181261,42921.31396681725,322.2177308208781,BENIGN
2613,6,221135,72,52,21370,4576,181,93,338.74456762552336,59.9826096954134,1175,54,426.1544149441451,16.940162936263125,36174.1717244023,880.8758581285198,3658.2468326679837,2770.936565686771,959.3732477762082,88.00871221850227,BENIGN
1988,17,885358,61,9,43652,26707,274,29,203.69157257478366,36.365399248230304,975,38,267.87989975925166,120.06773167381688,58004.857469482995,767.8942944593964,9190.773088749294,4699.079215736243,46976.54973896803,299.2696475301935,BENIGN
5217,6,382836,15,86,24839,33868,1059,18,282.9546763927068,89.15032416389073,954,11,167.97777036414618,27.126321168855295,59285.25147597152,467.97036163776886,5779.415946973707,4540.028555112079,48907.459746991095,838.3946229617858,BENIGN
1773,17,355879,54,51,19942,41632,485,34,320.2940209202958,48.87344570554135,1438,99,384.7717730076245,87.10648830944925,58715.241594532745,587.3581991700058,7275.292554244544,2897.80956426181,16120.823676114822,783.675394587312,BENIGN
5952,17,635410,27,48,38941,41476,365,32,486.3798583266988,105.56878230806342,906,30,132.59361988558894,193.19540031033114,52957.8930755811,838.1913829479654,8795.823804898006,694.7746065925181,38341.891657588654,972.3177239412414,BENIGN
7260,17,578428,13,10,38042,30285,1059,32,38.79160359847299,55.05157288886329,1349,73,445.75940805321704,39.028853969377295,11707.653685881967,544.5117460628359,9060.676418999246,2299.075118346501,6367.533372195928,656.0671121310386,BENIGN
6957,6,861889,31,65,15900,24154,43,77,211.8692539915618,172.8979071190914,671,52,35.71382336646789,6.803309769206467,21853.40818425824,738.4513869619526,5290.722547936963,3625.821834645029,38645.48488365347,553.639757568393,BENIGN
2316,17,726828,35,57,18817,20054,273,37,126.71947709560811,121.46491845154519,175,33,417.73432055427236,85.44066779560853,80008.7069543364,790.8683919557565,5409.879907035639,4758.683175449357,24081.26882489192,296.04448324287,BENIGN
6210,17,602744,60,89,11777,17165,1171,9,240.972406269123,0.04813394858045328,524,40,45.77786363547553,115.539117538031,50241.525237381786,513.5821504230161,8509.53747348993,1819.1470287629131,43015.05119562533,76.86024251356017,BENIGN
5260,17,278455,6,35,8081,14439,825,56,460.63378880387467,161.09474693596496,1338,9,28.06849020490787,59.503547006278936,70610.57082047313,536.7112708353151,8075.046867464847,3923.3573797677595,10638.19529953728,618.0183384861815,BENIGN
2281,6,367670,69,32,26159,44518,884,27,363.3722112978349,66.04246734522918,1090,51,181.62846867408044,108.35360067533848,56995.20893047404,198.63688250466052,6988.887140454549,3416.703766408619,33636.171082579545,488.162191675772,BENIGN
2306,6,268086,86,46,15550,22515,763,77,332.6650453075472,64.04159683099142,951,74,478.27467723741404,190.68038925039744,3878.638547478831,245.4944385293771,6045.038476868949,391.46388571131064,39308.09752904838,759.0745133976106,BENIGN
5195,17,456431,58,12,35686,26962,575,99,223.4167088334328,76.61256242689348,1207,56,491.7430270958011,62.354157483224085,79623.41476409987,905.0382400110176,6172.533810683023,2789.8842514314397,10132.58833996386,411.8579284156361,DDoS attacks-LOIC-HTTP
6513,6,853384,49,39,4722,42549,471,37,337.2006866953458,126.05250561681613,1058,77,101.03525048307965,61.88540623985816,6441.776210959657,840.4892830506548,3629.750534889228,917.5441676969292,40916.18100571537,985.55135786437,BENIGN
4222,17,387981,23,88,26211,37763,1201,15,21.025811750832005,88.4121420788446,504,2,74.31877783103307,96.55357957619086,94317.97337534573,11.1124359815739,8409.336556269509,3417.7464608888226,47899.695192084044,397.61205486343385,BENIGN
2898,17,308212,89,67,44968,44754,664,20,295.18814265479773,125.72710931394049,848,56,176.4766657773888,103.06326717827088,21545.53840129053,869.5181984020743,6178.179271167522,3050.4242347031964,30807.76921003234,333.07163491158076,BENIGN
4163,17,804040,34,41,19909,45278,90,91,279.11939848662786,29.356144327158475,962,32,168.5434204405369,0.2731851750170433,51245.49028458035,26.20965070121529,2236.0570943530684,4865.240458169165,39244.67233535962,870.9863767505805,BENIGN
3664,17,153177,26,18,19797,19464,766,96,176.58701382178046,194.03289290481715,1099,6,379.79644136898725,123.17502624096797,6368.1683661539955,458.822122539386,2399.192941816874,4676.9133256240475,26633.867129388687,395.50642301893515,Bot
4452,17,54675,47,81,20992,42036,879,5,104.74949208493366,145.9212574167728,471,3,221.99951037336308,199.47146973294215,89494.28854279546,68.36529338479177,8616.168534718523,46.86416799440596,29909.18701617158,870.8973191206802,BENIGN
5165,17,474058,5,93,22616,30413,1440,40,404.739997744654,50.041421435676604,522,38,389.94179286725665,58.40160989409131,97994.22605393479,968.8543153187118,6257.449748820251,400.14715085849804,677.4882019387055,27.354285623850227,BENIGN
6967,17,674431,90,18,10160,33270,1079,14,31.661746655272758,144.83398161495518,879,47,374.3565485125229,126.16200925330583,14637.787347091777,972.3469365484119,3987.64258015089,3845.671557147806,26219.120469132995,692.5933110655877,BENIGN
5396,6,418915,20,57,20403,42299,608,2,39.488067889675946,115.00509125232787,1306,73,289.15521506296164,0.9243310068013377,29585.696383927043,611.2600710246505,1871.8204915936403,3428.215364880384,28782.431853703765,71.8528734990973,Infiltration
2075,6,480908,6,22,37269,20269,816,42,223.05826327215254,21.83779928070293,273,78,416.75604987082755,120.86532245937964,1597.2834351668407,392.81270591271004,6102.549516478772,4004.727992584457,33505.676812811675,148.23246308495186,BENIGN
4740,6,591302,70,53,46697,31541,1086,46,130.0145009672595,35.63928535762522,53,15,97.82387327635355,89.41366188556358,78698.67954182597,512.4807574443848,1843.919489815031,1334.074613341618,8477.836535546105,700.0750198695912,BENIGN
6006,6,773522,59,79,46946,8009,993,98,373.9989446859751,8.261628384292962,1078,37,80.90524783025666,106.05863069293473,31153.318624814445,762.5370211614338,4702.200145151793,4246.613843812383,12076.299376630775,289.72334121352475,Infiltration
1296,6,591443,64,64,27760,17007,713,13,318.9240880759896,161.84761433493622,887,3,375.3251292513341,108.78099349847675,58887.8585594897,223.96976676046353,6775.427831878122,2212.09735994068,37802.671538296214,210.43340127939948,BENIGN
5831,6,612085,18,11,8603,26462,485,65,387.40472408268255,110.340950519047,744,3,122.39853107764776,35.39059385997074,3931.457942988658,442.2807687257125,5654.5889277768865,1309.5424233722085,8390.264613168009,801.5261376293442,DDoS attacks-LOIC-HTTP
2786,6,630627,4,23,17368,11542,601,28,165.71608338721154,63.349729730042384,276,99,1.3971919101923302,153.99362437585808,71548.872064808,737.5314215628317,9221.076901362556,53.038737924461785,20807.143358563997,946.2468641736971,BENIGN
322,17,235569,17,33,16617,17434,25,3,371.5568751108444,25.268980405640008,1466,26,455.9800843222691,111.09392420206781,52945.10229603912,395.99708535929017,398.17229731583797,4356.820174097969,12532.006047254888,232.38064853830133,BENIGN
658,17,123206,14,52,37391,29765,1393,25,431.8401018330675,96.80917519207584,882,85,311.4685290165314,54.038891899398834,72500.77479742352,32.96452557060374,2798.668963638177,2676.719246200862,27263.753340051448,317.1959562356853,BENIGN
75,17,791887,78,7,24821,23769,496,11,175.910874737193,105.05226934358775,1441,85,222.46884900397035,187.4763093130865,78958.53567196488,507.8870246360646,571.8039262785728,4876.910418759963,49343.67534893564,714.0733060064101,BENIGN
4841,17,840652,13,17,28084,22465,715,1,173.2484314751075,140.38970019610107,631,16,362.8682550045189,2.5547420008112054,8933.394189221583,737.6737513770071,1946.8476959849736,3573.406947836297,42603.374504937885,815.2928705558762,BENIGN
545,6,467935,7,56,20605,21868,1174,16,450.475944933681,193.9874420894183,1248,97,166.66586655764291,145.18744279995784,57813.43115811458,976.8395927753755,1240.7093751194611,402.08571744889286,13481.022254679889,999.1623003272925,Infiltration
4589,6,300586,44,4,44204,20156,629,34,29.64617532791602,86.98910608147494,569,95,476.83302854770886,76.24703713142075,64997.90394782337,38.00910704415337,7326.883608575294,2940.955932010712,18436.904410816347,273.37072325359924,BENIGN
4143,17,996464,15,25,49387,20300,1028,9,178.34375583676794,81.20684131887386,1278,69,34.31014447370545,104.50896626226138,51676.70820696005,540.3806815488261,3694.3900370026854,85.62269911673748,45932.49278906699,556.6185887535204,DDoS attacks-LOIC-HTTP
2145,17,2357,19,29,26863,13435,786,85,63.74288357554302,73.9860009180245,175,53,320.4740953311805,58.30194988911632,18249.115732529575,450.48872347681856,9250.517667759003,2788.9092710646605,44915.76566801338,134.01894145470405,BENIGN
3307,6,289608,63,53,8193,4114,456,42,19.345392173738237,165.3847817933722,565,96,388.64474143063677,64.25043525267064,79561.77243293312,243.206340501649,234.75383919901324,1751.0083154954036,8034.796642048177,330.84010509849736,Infiltration
7573,17,680432,35,12,20671,46336,299,20,60.87036173517695,31.263444279847576,1169,7,234.5629539467547,3.0332429221802792,99745.85830067145,638.1249573271904,6529.588925256836,3216.479173593828,41465.26387640913,44.96857122460285,Infiltration
384,17,111815,81,82,41179,36135,218,14,218.4666666342371,68.76258072701789,770,52,377.48417753301794,145.96901774238046,96927.332540328,164.45887036292635,9705.477457854617,2707.8710312313538,14887.419160324716,210.8385428363505,BENIGN
6829,17,26754,35,28,36505,8095,422,34,345.0432542677564,144.9941609750782,1408,99,463.4551989392847,142.1596821601437,77755.18120207336,284.5809025475379,1759.2113593803763,1306.7516170724418,27194.719934320292,506.54497678459245,BENIGN
4641,17,736229,19,2,13713,37909,686,84,148.19480009877165,3.138987068489296,261,4,371.99695033964224,130.87164008144444,41816.59120141429,781.9756327849492,4424.879870625533,811.75304552912,264.86848061700425,163.75912284704296,DDoS attacks-LOIC-HTTP
6862,6,343667,20,89,30825,3951,1460,84,425.58927716355674,57.876144721138935,530,68,154.68343356815555,175.59013611680157,33736.676779023815,460.9513282855294,7019.197021811571,2023.5574317087478,49929.52364289879,889.3833101726092,BENIGN
5451,17,291564,35,57,29575,21468,1404,84,221.61973622548325,128.28943255094197,1394,46,280.92318735960123,180.2535161116868,6863.894452092172,993.6769762729648,6331.746855232355,4934.181574248023,38057.212517725944,710.309011429648,DDoS attacks-LOIC-HTTP
4998,17,545196,32,75,22952,27073,673,59,484.27288522606307,37.190419600160936,890,73,455.8017589298116,111.28886388505109,41634.46751213152,387.07428340464526,5660.705278526142,2178.4932027463583,12094.235664337239,27.73600253943109,Infiltration
5146,6,576777,48,1,42996,47655,299,43,477.3070563746315,60.54211382485424,1220,39,224.54886274124635,136.96469841341255,15613.299287202584,463.7978050341161,3268.234514416997,3743.9356891114576,34192.906758011624,876.7015557252138,BENIGN
5142,6,489006,44,74,33171,34341,1465,95,387.77173022007344,97.20901489664584,947,6,340.8492474578574,2.199680214091959,25440.928003467783,300.95750432644553,7282.27133537548,284.8676280268536,14672.43506754576,977.3209941954688,Bot
1666,17,118681,24,27,48770,46127,1301,4,466.540720592576,84.40471319393743,584,11,232.75736256443625,169.26861177503974,89189.75845000334,237.0573125848544,6532.899515406295,1894.3288220870181,4481.896141160967,501.8615697670036,BENIGN
938,6,128027,61,81,41813,2768,160,72,355.01255769975023,21.20543799107577,814,93,60.67207847018108,163.2826848258995,96852.87789480678,922.3591297836223,1628.840054152071,2901.615185995019,21271.244718792845,314.6106775495777,BENIGN
2817,17,34873,17,76,9726,38070,1288,17,448.3136790456348,187.6470644511265,1307,24,29.2988179381376,4.04972368469898,94856.41445657138,749.0778134886023,9640.943222325657,3755.982566642411,30689.805933557822,263.4644494000493,BENIGN
6526,17,706628,71,85,41573,46514,1386,20,122.05449009632173,8.858544116418553,301,27,476.1369798143436,108.56504334834365,19343.635027480657,334.0691296692119,5557.173416492255,2641.9182865853004,4497.975135971804,87.41949421854866,BENIGN
5890,6,421063,50,75,33359,33979,1410,71,175.98299908751534,149.9485512845636,1155,42,306.2708867105478,181.3311140874539,90090.41188144994,700.455833656079,5255.090548757979,2576.4777290039065,25925.130863461847,491.6093780690309,BENIGN
1551,17,338640,65,1,47108,25351,864,97,377.7003826724065,14.284554218231493,1143,76,51.90745656124579,36.27759740625609,14159.115037017511,965.817966686124,8482.518539197108,3819.5345629858452,25748.062979951043,50.14002210273605,BENIGN
3365,17,501690,99,6,42909,15445,1391,73,215.15781291224576,93.45916060501587,1159,46,428.71927923491904,70.52898431141963,50770.944185536224,74.9739176483,6404.494692779138,1566.4385865945012,31435.975578279016,503.8371913275184,DDoS attacks-LOIC-HTTP
7693,17,369936,32,25,142,48583,617,50,419.47707974313636,35.08225833108221,627,48,261.3465682554066,66.21073570373622,64369.9000927647,265.23989996648845,745.7183867771463,453.0526043569627,12239.835470137881,252.5484407250931,BENIGN
6969,17,214864,36,89,47762,1160,379,40,439.43124143594866,28.219559285785056,572,85,385.96605611993664,71.1880950799503,46252.06264131088,201.37797064580639,5066.387148528809,1735.7523550870285,1041.8677474608585,476.43195557818353,BENIGN
6902,6,581893,13,87,3395,22361,1260,23,153.36609493685782,25.179595308345014,528,53,63.37809781270754,8.377206091020417,95184.22516732669,869.9133804807657,7806.184332447239,794.9811772471733,16249.626761212992,418.38412634445376,BENIGN
1926,6,872428,70,75,36548,7041,714,23,412.60815005383887,90.55732733906848,33,17,453.45521591479303,55.80353675307328,33327.940181929596,180.01113922196453,7000.101221648736,4829.721020667166,19935.07381435958,305.1142520043012,BENIGN
3106,17,542523,58,15,35046,18767,1336,95,81.36081417724928,103.09698187745846,531,26,295.2677198410128,58.97126254004712,52742.49253317538,308.7679199936744,9707.716472703325,2887.557737383458,31790.695323474527,448.6382395166729,BENIGN
5331,6,615275,14,22,33753,10846,835,96,170.4273722107403,26.676898708567975,1231,71,369.13034037452053,173.1744096979182,7554.239048611565,544.3169125528585,250.13788057962427,2233.0021566380933,46509.291395139815,474.03388924565235,BENIGN
5770,17,122218,37,39,40383,38644,1014,37,261.39265080508756,195.8791460532479,1322,5,15.68984400842649,70.42320142634051,85223.93576201492,621.4732612313627,2612.928347447378,4560.259390782837,10177.242283948057,833.6917615752386,DDoS attacks-LOIC-HTTP
4600,17,309621,79,59,7223,19924,1422,43,117.08966224142662,51.55317737244462,1117,74,157.65245009950158,89.44334797871028,41342.20596043503,808.3755787701232,5492.015406367972,4501.806936835516,34369.80810212931,665.7833434322702,BENIGN
2095,17,154726,68,72,44233,45657,386,56,291.7375756397237,91.76826792055664,1437,92,133.72270719770586,76.14761197607774,70056.20623804381,407.91592330734983,6195.278500408471,2078.4863953710483,4879.071459569759,433.15659768135197,Bot
733,17,849023,40,31,26129,13882,982,58,291.45406396523504,43.25391152038161,370,68,474.7974976439354,24.134689920316355,68227.74064863133,534.7104779312389,2744.2855030915334,4373.636811249052,9539.181560185307,905.2419375757363,BENIGN
1082,17,973225,59,14,2845,14738,127,33,107.41693295119833,98.78452908990911,408,70,92.66928444016803,198.0713515451248,67629.52665449634,965.4966129691611,8268.189862092266,320.1296657150615,25461.634233363882,755.7407765033082,DDoS attacks-LOIC-HTTP
1996,6,245839,80,12,2748,21019,1038,74,398.84246571830107,151.2033164930364,1406,21,353.52586335704626,165.16503814094617,50698.75849295653,298.06437490676285,1644.3135813672127,4428.595726662734,35421.79518219704,75.71689710828977,BENIGN
1316,17,844815,92,4,42327,1095,453,94,317.664022258691,104.22040285889904,1464,58,21.376768874646512,108.18406140547336,27759.103866878588,248.8461169541595,9.490247107559641,1552.9176427771586,42929.84111168753,153.7458292658903,BENIGN
5370,6,478456,16,74,4144,38669,1385,81,162.29145087835235,57.129774143611044,1470,46,98.84204284711929,95.27289887783428,62513.204910553024,710.8885921504097,9523.96159236292,2825.6114217031063,37197.732564665115,81.66788361087663,DDoS attacks-LOIC-HTTP
6249,6,279167,62,73,25902,40983,764,22,119.9314678177945,49.67932174678762,616,67,169.29867712717638,129.85094509260182,96179.5324660837,771.3651349292713,3916.176387506567,1348.442916361955,777.4858151573113,318.86335977897886,DDoS attacks-LOIC-HTTP
7661,17,309835,4,51,39611,45679,649,85,439.98131872307425,151.78688124541068,70,31,397.25292393737084,65.28622970464764,83396.58610207192,415.364124277128,9574.940519759979,4923.997785846697,34199.726982708664,435.6466208031734,BENIGN
145,17,586649,45,76,8363,14123,133,42,418.6924113862031,23.647635145252654,83,82,394.9882900309002,10.056574070895707,10885.73547306212,213.76593930366874,2780.038071851895,358.89991668140107,41234.63860797833,504.24592275987436,Infiltration
6975,17,316580,90,40,15700,28132,667,81,118.73153405348553,73.9932988811739,208,96,476.30093087158093,80.86336272293744,2328.508284639143,779.1437331555809,635.4229026771277,2234.7764339032556,26281.41853468301,851.412198696779,DDoS attacks-LOIC-HTTP
4652,17,336327,28,52,1919,1079,1310,39,22.62458712567184,30.29654333077707,258,0,458.3837513334424,196.79551548157215,49902.14597347476,670.822402383759,7725.423525925678,3104.9407741678065,48280.2785614108,17.95628578311492,BENIGN
6308,17,585336,96,49,25713,29657,831,46,403.24363489284633,51.59516585889639,1262,53,40.757297522508175,36.469361175544556,77585.17687795646,876.3515734789592,8358.359498725156,3078.0612616864523,225.57799796721764,428.2884057451235,BENIGN
3616,6,240991,66,14,14506,45278,1427,40,309.67673485619633,30.53664649699044,1325,45,414.9338610723479,105.54105843059448,31397.116291189057,844.4821378627942,4921.3769015775115,3693.791948824219,40934.710951708956,410.9983736821633,BENIGN
3303,17,164174,31,6,12072,32375,673,46,54.93660388646255,177.35450170848534,1255,40,225.5867897700084,1.7042792643157334,70126.8154076437,205.98998931972912,739.4295514384684,3622.0766316102154,16747.63839864053,947.4759366593022,BENIGN
6188,17,473414,3,39,9860,24754,369,19,295.7423120783531,146.38083980260637,931,40,432.9430453648667,24.40630303571696,93192.80721123851,832.5068409085917,6541.686615658404,3965.7135260015175,32525.984589073993,241.03691762419288,BENIGN
1623,6,509552,8,27,27711,31153,632,76,228.83042925403865,112.18544920885228,281,7,44.64312576556529,117.43834009342342,45903.86084839754,175.9985673777848,1822.2576007770977,1171.437047448458,34677.1599019808,122.40581190546895,BENIGN
7581,6,990620,24,31,34741,18344,1090,64,388.4024120994773,44.88504449910662,393,31,411.38455075366784,59.48278590156699,24423.52402649988,863.8401998741276,8493.966100014686,1852.5324670094728,15319.388328699326,142.260212183976,BENIGN
86,17,288916,15,98,5163,34241,1284,67,108.49699686857136,102.04536543983897,417,29,79.82125950038716,181.13689729212496,91776.60862940391,770.5506130986456,2740.9571723023696,1910.1655799013633,49771.27074567725,520.1427239278289,BENIGN
252,6,790745,43,14,10491,37656,928,23,229.31258843098811,104.16664128951447,1229,45,166.9208150346711,81.23395319144694,47231.67376073145,570.2912132081161,8477.216196748963,4779.19830455071,5171.4689032379565,390.9038035054664,BENIGN
2176,17,141465,31,99,33744,4979,1183,99,82.3408365546988,118.08074513078124,1287,91,14.424200145010834,41.6067194262105,40789.85227444425,642.5794541346357,4269.8184943933,2046.5592854260412,7859.8839675809795,754.1420283639894,BENIGN
1189,6,449176,73,84,899,1212,461,35,478.9759777663691,12.017031444546289,1334,51,61.86404409356927,109.11835385694071,35342.62353837699,104.97519160388346,5965.281904642258,1109.3460535233846,44610.663345500594,323.1823721535428,BENIGN
2178,6,62607,45,69,19455,9001,1195,44,390.47538767795623,194.58039423934125,858,95,222.86294270619135,158.99472703519254,42307.46507435692,40.84529630484569,7895.835605692842,3161.7221319587534,5967.802023479143,127.96175200235483,BENIGN
6391,17,57234,66,64,6471,13248,129,1,369.67760111819126,93.08779412006463,625,88,409.1691678172352,3.883939239478962,67369.048839694,331.3160949921747,405.35199058633043,2136.3345741261414,19070.500374650972,386.875789721034,BENIGN
4226,6,133272,8,3,38944,33187,591,27,346.65229918529695,185.30635481982065,1102,97,386.8348856825249,101.10402372600826,43377.6255257432,821.5844056057729,8211.838895891658,1250.4003155787414,36659.77917269111,883.0356173225551,DDoS attacks-LOIC-HTTP
1513,6,241325,71,10,28215,15608,1384,25,214.55153902085894,1.9616229427952714,1365,60,117.64888088815661,154.68531134542926,32429.146617036422,466.3197876067926,1387.3417696132105,3575.6773722910057,39576.67812317856,405.5265534210627,Infiltration
6197,6,193169,57,25,23361,36427,108,22,462.02479577305667,49.51167912706178,561,96,75.8452245346405,20.71773092640583,74366.33017931636,224.1706360231537,3584.8251336746616,959.6264332386422,47733.912148871495,833.627722475148,BENIGN
4738,6,814704,80,60,16016,31368,1200,78,41.09392090386767,20.799114062667122,831,12,194.63173149088502,180.5597037866291,20305.112988169374,834.7143510149009,4728.337520080519,3166.7702032967422,39480.79599536326,371.53008585358106,BENIGN
7963,6,806664,99,36,44159,5283,523,35,402.61324048108116,153.92323547095432,1118,88,441.63417360644235,52.90348199336987,20201.3531268424,229.39863139032397,8954.370410102618,2152.6535486853854,42228.17388214667,281.38562391645473,BENIGN
4027,6,773321,30,22,49122,25854,673,90,111.54020239233768,64.02500991894225,940,39,45.71253708150158,34.120721542565356,69646.58929953018,815.6782295177009,225.38383832801532,1595.8358216533609,47469.30652466359,774.8627299053456,BENIGN
7556,17,804731,74,92,10950,10715,410,5,165.39383803875475,168.09850168314938,1374,60,271.4570051721751,117.85121458053491,86671.98595364543,453.5265513872301,5592.466880359557,4729.911337436506,27688.84773678297,209.2345276713766,BENIGN
6911,17,560997,18,84,11268,16165,374,34,262.1177158388176,166.4770731431714,61,43,44.40373970152095,35.00622916360578,24128.67184131797,464.03139238001455,6425.5824781238825,1622.0375390738996,17178.23867032623,231.8307061698115,BENIGN
6758,6,174137,69,90,24495,34108,1359,37,392.41423047251186,133.55895856131397,1165,61,235.10606058211948,135.94030407423642,19120.586247893192,273.4468902483839,3166.5065086816358,1737.5368707498412,38083.04110187849,49.81283807596637,BENIGN
7741,17,663476,93,39,23773,26797,590,34,420.07477928859964,133.15636070879543,733,43,63.39575608049114,98.020416399686,67033.88507026232,900.273846878453,2905.5772263232884,4353.191820665855,8185.4439052136195,187.84571128199445,BENIGN
2492,17,433095,39,76,40058,47573,630,99,293.94746382926184,140.031938414627,1134,47,40.16846749968239,21.991192352435984,62084.044152097544,89.69649041843995,4905.201115946165,645.2168143774661,3420.90118350279,378.81539360979866,Infiltration
2680,17,496113,60,22,1077,10584,837,73,204.50256702266918,134.75276692595492,781,73,95.42466653179238,182.49802691640963,44730.762128496026,145.26189500222097,1871.817078228861,540.3437482303053,39268.689947487226,399.57269871490377,BENIGN
5657,6,294125,98,15,20617,14780,256,93,473.51869859458895,77.38167153686982,1180,58,127.62800968438309,134.64108199271004,9595.10537843431,636.2488834779616,4681.721177119986,1413.5389204225123,47534.06118956196,420.62808693157325,BENIGN
2759,17,738054,43,93,43893,37905,443,52,127.02804144048733,136.5655289137092,538,56,138.13268956571238,109.1986053067536,9187.625243877523,850.2651504905919,7650.488209577984,2958.179616372299,22127.922778869106,479.6929462353744,BENIGN
5421,6,811004,45,60,9028,21573,1126,37,402.5318150609145,179.48139383847172,596,94,322.6339736236664,74.86812307002614,77736.405486545,96.35579893504237,8454.109646100987,1921.50080055069,8065.061337871442,571.9106157591509,BENIGN
7507,17,500198,23,67,48531,33359,1301,92,307.96456261683585,66.51469837532473,8,10,27.49093781144063,26.97198093409434,45182.39404839459,734.0184971671916,3852.2286876041085,3042.7724041783754,24856.07859458226,189.42902459545718,BENIGN
1781,6,707273,69,79,46956,526,624,58,191.5630333581808,188.9778052429907,275,24,40.40452995268207,141.50367421226443,85798.12945324347,742.7690216063469,6173.399829723711,798.7531552221733,19671.959419151037,613.9441830760658,Bot
3534,6,755828,94,30,15197,7855,952,42,5.6771522599507165,2.7163175797539463,226,60,94.35308073963355,162.73116400581188,57477.61781737085,581.9412074347632,1.2051590909888288,1307.2542438367352,18629.972248527203,336.55458746928855,BENIGN
1995,17,257903,6,52,37385,43463,972,3,226.06665416757028,69.81650765304744,185,45,436.031534590711,25.16376998766252,61877.626740351094,487.2413201214934,5503.974484230851,2825.811669062358,31407.76119046101,734.0107351391284,BENIGN
2382,17,691481,56,24,3995,34060,633,4,141.97639878343813,26.41968034574804,590,53,314.3024630316164,98.91352490762849,93420.10224643629,321.766671548227,9752.387817619507,1085.7460112936617,8745.038378368203,557.2044501863174,BENIGN
896,6,316375,4,43,43062,29482,330,67,56.6515735961525,25.323965809004733,1239,33,365.1848295939778,96.96923739849792,16469.943245003404,352.1103306402338,3123.338006584953,2114.0231524522246,19030.272619382038,554.2686268381061,BENIGN
6105,17,679547,93,11,19573,16571,865,99,42.203489842352,163.08589880231366,432,83,185.18107777882958,69.98234164399352,54306.99268740662,674.7590389430553,5948.166465968252,2863.239384958448,43435.155186945456,685.4869885928731,BENIGN
3832,17,12928,23,89,47332,31740,71,44,177.04137201924297,183.67366295002458,568,6,106.61017453500044,157.86837907836102,5823.278610603817,66.22200392269639,7623.074292798485,4868.254511404572,36485.95822987991,333.01899095356737,BENIGN
3468,17,979214,6,96,37316,19142,309,79,309.304907426621,155.5516508465971,655,96,18.980680481456403,19.905956761369392,35898.91553773309,585.350052557081,6089.721276875437,399.43328938796594,2788.8674547715696,429.2329405614754,BENIGN
1332,6,883196,32,91,18618,25104,412,24,419.57206110556297,195.32314379851198,355,61,244.26780998594612,41.003844974418,14818.368995122502,279.45346026039425,4185.581204697927,2302.069892854525,25700.050760164737,582.897868432882,BENIGN
1480,6,516935,18,8,39149,8625,964,77,95.86380624892682,43.265794033254146,842,56,287.14048211365645,0.32055378370134946,18791.71786883421,467.13930603199856,1526.6031575220047,1981.3548037106543,4573.852942164845,421.5556205157256,Bot
2729,17,656861,15,11,1736,39199,1336,10,215.19876579797958,28.15998244193809,391,98,448.5013971888559,74.59707761660297,93480.1240588522,559.4206388317483,4637.55027318485,4121.20624725589,47875.246483138675,444.2574744337533,DDoS attacks-LOIC-HTTP
2344,17,801725,40,68,26592,15926,262,28,199.01828937036532,104.14075640792271,578,92,441.04648937449696,58.2356335800744,61072.14599520603,885.7736842906969,2948.5473075767372,4501.485595142171,12239.585637741435,272.48707278904317,BENIGN
1753,17,223561,96,53,5801,31218,487,33,259.13003455821524,165.8075229485236,1298,75,212.34257923612748,173.3987967516313,89216.89173764954,579.4958134440224,6959.506967324214,4535.065842656824,46631.725075413546,287.3850262565758,BENIGN
1625,6,438180,73,53,8468,44472,1402,85,405.74569905072866,7.96781816761194,1474,4,211.78896450173107,149.16204881523097,44357.583237231054,227.93241206738,4419.685764377052,1875.696565207969,41702.080340490815,698.9574070047861,BENIGN
5642,6,413623,74,27,17231,26380,169,13,279.05438290962127,199.1131321999764,419,75,80.56144835791684,16.89443931245438,59768.3582328717,80.37999371920463,8498.947766308607,1523.27573447741,27572.708090518,4.28114202680574,DDoS attacks-LOIC-HTTP
6787,17,364762,84,55,48516,20566,970,23,424.0941821836356,120.44918584106456,163,92,128.72449392129542,148.19118301247408,3219.130274170707,627.3614111913806,1934.031046494871,2245.6862522754236,16821.865596419997,95.2904222083385,BENIGN
2583,17,281855,6,98,20978,33205,1199,58,261.683119254144,195.7883624362755,778,34,462.83178816044574,135.0800442839114,46955.52820511066,545.503347954788,4177.783500413682,1719.9315298590152,42898.75456772562,948.8098895045057,BENIGN
3441,17,699251,63,68,17080,43548,214,38,303.90444576472936,73.01632664675539,637,83,70.51800546760106,56.34485472006594,56410.02676764538,672.126098679486,5575.492258971687,3594.2549028409676,7647.657209817703,187.01808186300684,BENIGN
7006,17,929554,67,97,27947,29717,1300,25,221.50470503402994,91.60476410671785,1206,36,484.3497733718258,3.0921549409220095,1687.6036494118418,459.93718255819965,1261.0207456069236,1067.8552431479127,9006.905953812524,418.120891874874,BENIGN
3537,17,338484,11,97,49518,49984,1171,42,412.43231224633865,150.47228847947844,1333,59,252.3692751075982,23.032480277742494,78951.02279059579,825.3007214856949,5879.512868267055,3293.420420369406,11243.886641566802,849.685136123002,BENIGN
8017,17,239819,43,76,41841,41756,1401,35,462.29446715050307,158.54009011226373,16,64,228.30338738341555,49.98821692371187,29549.344197817787,920.2595025563945,2909.923131870433,4634.937665522504,29888.86792333089,0.10237252584688328,BENIGN
2417,6,732863,17,57,42943,25135,1476,38,321.3766453709571,46.606610670048056,445,15,87.31919034317725,163.32447323046102,45254.18262532741,40.96441780140347,2296.1422643064466,1399.5678484805496,15723.117975380186,925.1791894708498,BENIGN
5746,17,789277,96,77,47317,28164,867,60,411.28731234058745,185.96021726154456,169,29,330.7706252412404,93.06256518156172,53567.6722276294,744.3424496269578,1419.9654865537182,3384.4530829441214,49459.180159550735,53.48862389636866,DDoS attacks-LOIC-HTTP
3755,6,841775,4,74,48350,8953,769,15,34.20665032955465,173.48462436694572,1303,72,229.92275918112392,183.67910529181003,99219.79334131205,36.12538420209532,3499.4693744094784,717.8056077868916,9763.700634305287,170.8690495240107,BENIGN
2890,17,266110,63,41,37425,38562,730,58,453.5253169660955,3.6410606206397134,339,41,185.33153395661063,157.82969188965998,9927.422845949544,445.65159018567215,9289.895169526872,606.9197104862956,40282.44877673216,29.103543332409387,BENIGN
1180,17,687705,68,37,42780,3574,1050,95,98.51790808536667,25.713621171036614,725,60,132.25810929264597,57.42163596880137,55532.40342682756,462.14161355454866,311.0275874512538,578.22239032433,4800.852563154711,519.5200462345985,BENIGN
4874,6,438040,81,67,20812,20169,77,5,131.97761152627493,99.21942128141347,1034,73,33.24340150743599,169.07243131610258,53064.10863856893,696.5221791275052,8521.709926871083,692.6408492267444,17678.793649352978,943.0943100855022,Infiltration
7062,6,915213,41,52,43611,21604,142,97,31.39838376233939,92.19110282263654,132,76,259.6640582755479,23.344968082151407,6900.2804633621845,353.050894902746,3974.211616953623,1080.82435154721,12195.687385300631,839.0366115940366,BENIGN
262,6,595742,83,32,10430,24134,928,55,482.87305790215925,141.67817100696706,900,47,156.45416652931837,7.223504090800614,63397.49663591051,821.0804369799005,5616.454785625119,2814.1524780089717,48842.029072026366,639.7485462646788,Bot
2610,6,51474,5,70,6652,49069,439,7,426.7453704967463,17.942275210606805,639,61,353.93260150138605,121.70762418266314,28692.574845042123,343.5211938879165,5128.61015695679,3834.928243077687,1296.2716830750348,185.488637573597,BENIGN
1083,17,114497,32,55,19785,23202,317,93,457.0263790250865,128.97106133942532,1171,83,361.7611783745762,68.34860697592772,10385.758936800423,343.17537045314594,9257.47687581073,634.285118554579,36086.25958977098,869.5970985269842,BENIGN
4344,6,248652,86,71,28764,684,659,26,424.3720030412074,123.27398622691648,822,92,166.05350576889822,65.88513733252942,17872.406672536086,223.53790699098835,7701.52256278793,4350.074702953623,12393.62904879089,754.775391136719,Bot
2615,17,386821,70,50,43320,37001,1207,70,242.36762359703798,46.72391969560887,953,63,334.56034178338047,137.4416372263375,82362.08728920712,684.1851288402466,9848.250529744164,4213.58142215113,40564.32064270509,266.84776354748317,DDoS attacks-LOIC-HTTP
939,6,423432,35,73,4367,49729,421,26,462.4205573749279,108.47879285367989,78,56,129.33762013974714,170.02076556458076,10421.434996115015,77.51064018964276,7944.5050862653525,3636.940132514457,15568.107735263342,805.0891633958566,Bot
5362,17,867561,22,42,21273,45765,106,88,484.8890461114582,44.44144139919639,345,67,363.5868631210765,64.4351010680403,46698.06955015006,363.6920307988828,2959.589053572666,2129.828997307365,9372.339408124046,877.1513380318488,BENIGN
25,17,880106,65,14,48377,8007,1187,45,253.7706535107518,29.384605420121268,608,45,8.038572772610998,65.00276440450017,19535.359386710334,267.6238554034132,9628.873909913782,7.786174127629164,34655.0621726489,698.2260124296713,BENIGN
7509,17,938051,84,37,13211,49379,1275,40,91.9342667577749,114.6269869308141,1272,27,75.80438349265638,106.77020785847742,16240.363009880353,230.10629946631377,9835.674342288426,3673.824706501484,12886.251020039934,100.38415097052822,BENIGN
487,17,292675,22,14,2749,35096,1337,78,331.0181419367317,195.49485566011407,638,76,122.5043309537181,130.63672041608797,20579.118824113084,61.92233385676729,1231.813942463378,4394.930723382197,24282.488030220993,984.2468433298002,Bot
5871,17,411224,11,4,13241,41787,1318,24,487.84195347751745,47.38666983434901,1047,2,386.4677434932532,40.58115911103557,49283.36562261683,191.19273260908236,9010.540793645989,1676.4318808593098,6585.355781479108,76.00098896598628,Bot
4190,17,29436,77,92,42288,49582,1060,85,436.7126956301431,71.06722987103038,1494,36,33.188126542204266,182.53583058237453,23786.464226946013,446.79816578850273,6642.357626748728,3589.9378061055936,36232.654572048195,654.4739881502337,BENIGN
23,6,827524,3,82,42505,9255,1435,17,431.59851219222423,51.314645198009345,1224,47,94.02857185776547,130.88330477040242,9682.32770575251,504.2377138120892,9220.015706561104,310.2380718064085,20347.741890643098,110.52525520579626,BENIGN
5986,17,55450,9,53,21178,32262,1393,11,467.2399183196046,53.29196432929895,130,18,179.31205275259703,125.03236227361964,80142.07291602438,270.2351691160036,9157.474463169649,3547.4743573582136,7037.582174268676,905.4133586208219,Bot
665,6,593949,60,50,32634,18093,1093,86,447.5063689735108,80.83842683733613,355,91,4.587497076455449,180.83912721355364,53986.74210313685,650.5932649581006,8913.838938840981,341.5426042444653,37082.33638908119,349.9776834223788,BENIGN
137,6,510570,76,9,10645,5782,211,50,389.259423689055,140.37110213012403,943,82,381.0604876872043,181.45301611889542,15693.796700333532,336.45754431931766,8852.870661230107,2935.9316794434103,5177.075979666495,511.50302238780574,BENIGN
2948,17,838487,87,11,9974,1234,771,38,360.54505192010447,7.7609048061890284,149,16,280.05257483606727,27.110024125297862,47148.27056473069,367.87859241137045,1177.3447436931926,2987.766429476468,28745.27292122322,178.76158436401056,Bot
5745,6,61340,14,3,27795,37973,883,88,136.0597510036534,191.42483913711203,1327,81,450.33969351000866,29.015100795973446,6845.566362292258,782.8417097869864,1436.0135670743416,1510.7827721190974,30378.183632805663,546.5621897831378,BENIGN
2571,17,675553,97,94,29520,34188,590,9,312.56331060708237,9.255975897849499,49,81,15.515516272472718,152.38973978802952,58047.18206323966,552.4147547034772,1178.6764143502899,395.6136353836576,46518.22151373113,938.8399052389893,BENIGN
6137,6,399471,18,17,17271,31996,379,93,263.1368677444153,176.25063638891194,463,86,135.69534188316013,191.3759891087941,34037.07891160218,953.2216763428303,911.1998589140524,4746.673873562186,7557.515122276342,901.6330706331568,Bot
5062,17,570995,73,79,19264,29204,542,73,431.6623253325906,178.87561975239979,1263,39,365.6258287183511,133.3027357026216,10361.817677720112,359.94190006387305,3533.4995654548097,2677.8870200830656,32670.78452291618,63.89592020223589,BENIGN
6737,6,951091,23,35,11402,17152,1185,97,248.39772387758566,104.89783751830466,454,49,337.5747097244872,82.26339972143401,18372.54854834106,828.012655498409,6839.900184832098,2898.790625619313,19044.621383949376,378.25850647433737,BENIGN
5580,17,711128,74,24,12346,42364,1135,76,68.23266795363111,27.39936572379349,1306,72,121.52872030235396,136.6946279547491,34576.813458024146,738.5991982719572,3547.571438112777,3075.1044451523685,20046.709207845204,267.4313630421663,BENIGN
4309,17,938567,83,86,11949,25019,908,53,7.461380234562841,113.02919411138876,334,28,297.8438674840311,45.76231527130776,80642.68135468136,890.2987385144531,7203.283032417673,4455.239634630775,25096.240845370972,481.3614771130889,BENIGN
866,17,181296,47,75,27422,19488,616,28,340.54719463198927,125.72643198056994,1375,50,396.8788265538769,199.59325996155675,17383.832066020037,956.834581550158,8203.010967077007,301.2782227337879,11696.892756329773,833.7291623350698,BENIGN
2782,17,315114,69,97,16686,37123,1479,40,277.20465162794494,171.55179156142225,667,41,16.690351667307368,86.21704357180361,10975.325507064903,8.668841558744194,6662.481186724024,4466.438839262664,23064.550115233378,738.8517856494307,DDoS attacks-LOIC-HTTP
5531,6,449863,47,35,9853,19689,882,8,168.82663765743192,110.17907515391394,326,28,358.8141984347074,186.3372005017391,51598.74125650377,89.20945011964858,4651.582158103404,1198.3825430563704,34345.43995835774,343.9781921638474,Infiltration
7213,17,588498,87,66,45601,28506,1262,62,88.64121426875572,82.14187918066764,1015,65,126.04853255698778,86.15961057275499,55874.10942838668,674.6644824062811,2955.8788784699777,389.7512479817372,22861.08084702748,382.66582956219696,BENIGN
5574,6,184726,30,8,25122,17715,1158,76,236.02408458993156,167.65823877082278,335,16,473.92564426706616,185.62795622438472,9033.229353565042,390.8096598369096,1244.9092211898535,3286.329260656657,2134.996282281153,654.2549920082403,DDoS attacks-LOIC-HTTP
6336,6,676396,25,60,30608,41029,779,36,54.6418038770583,196.1903594705238,665,30,269.11011068055416,67.13708829598313,28455.60307593813,819.3059766410038,4937.024627285926,4884.878221283418,12898.734114767443,194.22516883264785,BENIGN
7487,6,379139,28,52,35464,13765,843,13,171.37370216446584,129.02064103158665,994,91,16.69309131564056,152.10859693116134,26283.776151046262,12.967849836405179,7196.269934745605,286.21033153297947,17579.496035527947,102.72802014449134,BENIGN
5784,17,528814,98,17,33011,21942,1008,72,192.70989358663903,174.8774074605619,80,51,201.71530939127763,190.20040248180325,18630.298730016922,807.170425593434,5482.883871828979,2130.6090901868297,17742.50963311279,242.5884642109223,BENIGN
6489,6,744299,25,42,27238,38712,947,71,235.48125394479126,119.74702256581284,86,38,483.1559291097429,129.19613563915365,31570.65633879337,136.1067563053486,7215.0977109853375,2648.9226267189288,4059.534557040897,124.03243135242981,Infiltration
5549,6,814138,74,34,14439,39894,245,38,235.97727191272918,137.95759828206113,257,59,365.1864966221068,135.51304515497523,3720.480068714281,290.9587949186653,3352.8615037626637,1260.5948205174504,22484.031875346984,351.98424324732633,Infiltration
1161,6,441148,78,62,18768,49632,171,39,132.2177935197672,137.63342350978377,990,93,150.2395018432311,20.577249064410232,65158.46279751831,969.1091220604939,668.8938344904249,4914.36074576484,34600.53145923846,937.5657840594263,BENIGN
6999,17,552539,58,97,2282,38031,563,53,425.8544358929839,140.95739736805305,184,98,287.63364715693314,94.84398943278019,98848.82963193377,52.546515434619955,7711.208162399734,3204.816073019137,2443.1141822506793,120.29947602516778,BENIGN
1830,17,996907,94,77,17360,20478,797,2,180.99403559708907,64.20268878572672,697,50,299.5506778097981,177.3510812173575,63408.33627925019,349.69157184022123,2198.02139418373,4221.753364233557,37548.699376937795,818.3221436090668,Infiltration
743,6,273552,41,3,22548,22551,1386,54,118.64571790179558,115.13227925434246,122,83,11.674080391605113,48.18196724614363,36114.03428987318,85.44424686786296,6163.234317300004,2078.888409858568,47755.70909614329,534.6480314381527,BENIGN
244,17,240953,25,92,3410,48068,1101,32,92.02589228824216,118.82711679475908,1119,15,89.416680624611,157.6726026996626,66794.35101155622,853.7508016073548,8043.123152802777,1769.7794357240887,476.81443701647623,632.9030765007972,DDoS attacks-LOIC-HTTP
4647,17,980126,78,40,15381,28072,1206,95,164.6763052791511,63.014325342646394,604,97,275.8884691561139,135.14197716078823,57155.87694314739,703.3131064148856,1391.9609084449223,2765.789474405461,9692.67887344791,170.08236801808195,BENIGN
4228,6,778983,99,44,37320,35561,568,70,38.43867707387951,69.97047354073274,514,13,201.3762792453445,44.59719294810749,84677.32547942859,800.5370504279135,5985.348605422745,2176.3922131331988,27178.954239441162,151.37331147189448,BENIGN
6303,6,176843,48,49,36301,2892,270,18,21.289223875580973,152.44935300334294,903,89,95.01890726008038,56.55824105359288,62191.23735259022,527.7522322502108,6894.054244039098,3574.7402756839724,10910.29383263794,162.74367681181056,BENIGN
4674,17,90406,98,78,18157,33966,226,33,304.54538741741953,116.54476812344983,1466,83,386.33436743208495,85.51218002413943,63411.294698578655,358.3622996517998,7465.562137322426,1329.0904510589735,38233.65532357662,667.0628763917479,BENIGN
2068,6,749568,10,27,3301,24395,1157,77,311.47783234434905,29.842229592633718,1394,41,244.4974403393813,25.025843104145128,22174.20218541661,3.271345985520939,1477.5184448037346,2247.955155461998,15613.594404822561,747.7882667417291,Bot
6253,17,893516,99,41,35266,18756,814,49,267.1461603059534,167.52739773657447,304,50,154.98657118342456,182.6742594316414,41568.56758137394,278.6493847308713,8251.336503631735,4475.663736470299,14688.327863072724,920.244944499519,BENIGN
4769,17,526592,75,79,10902,22174,1195,46,382.33117163970354,176.62285741486394,1380,23,80.83867320787297,147.8715210144111,34448.16186496516,515.0389932193485,942.3915129385491,3780.539501716647,56.18455041425985,398.1923526671355,BENIGN
4435,17,92869,11,75,34336,34651,210,45,24.3795194171536,93.22822959156282,1171,81,305.58168139581545,72.99282000071594,1152.4044885010605,664.6976744396075,5196.315098099916,840.350825089472,13513.608147531902,461.9693841001401,BENIGN
1593,17,87365,85,68,37468,797,1487,55,468.3066885636865,41.78148640458539,1308,42,333.1306513306854,59.933099060992355,31334.940131612246,229.70848403729798,4434.683549282601,4434.324146957987,10891.349390123874,469.59501599581245,BENIGN
1848,17,817663,21,97,38899,8209,411,56,52.05723601224496,189.52129908098107,656,72,334.79860828854765,137.9157740624755,48611.3518110518,139.76194544184614,2218.438976281297,2945.0829522259405,17168.615947452363,269.8979027865671,BENIGN
1937,17,52528,86,0,44976,41003,1495,82,338.6413822248288,176.45391290391527,261,18,110.14368014435138,84.84418439054822,59988.86483467601,202.41324716784158,3020.005483730945,3396.435916362416,7391.356084684767,328.2326546439966,BENIGN
4254,6,558258,45,38,37217,49306,284,50,71.0313115257006,48.876349268367704,490,83,297.66920361117604,45.867314381014545,93457.54898157842,354.7219756394289,1645.1933971057297,1471.2828292463303,29736.486834460517,846.8202360767561,BENIGN
7698,6,627935,7,95,40298,21346,215,53,440.5531894873572,19.118747260539482,737,60,452.70323242921376,86.03015059475148,23918.98479838804,149.2299129102748,4257.836222017712,2207.721318178287,11944.689759182216,343.72218458592164,Infiltration
8055,17,760378,81,89,26005,48025,1073,89,257.80307703779044,88.13072150982136,1054,93,176.59380038149374,174.25939664451445,15251.37482094475,157.66051708669056,356.07376477803126,4034.062394531255,41589.22572876132,869.0961019234852,BENIGN
7008,17,49167,64,16,5419,28024,1306,80,45.735302803898136,135.2793972987479,701,62,105.38346632092205,13.721327307992691,86945.87444300583,44.70794830674857,8889.263837686258,1653.3810938159104,14235.051757413226,305.2677114830531,BENIGN
2046,17,976189,64,90,42448,29414,876,27,310.2784357865364,35.07771704398881,886,25,386.074758010381,73.6716494563824,94185.33093390387,856.8684691600984,1635.7098630309163,825.3080775509663,10551.37127698842,339.88316254265027,DDoS attacks-LOIC-HTTP
6422,6,762471,2,87,44884,40818,102,18,9.50942222168982,102.6425316863496,1291,94,88.44147007972569,192.46788460343308,48800.54531562263,220.53886543668168,8860.29154680303,1891.5245649174028,2847.0005833523433,560.2808717789113,BENIGN
3764,17,112317,76,34,44712,5947,1075,26,389.13097832792107,85.08309885450333,11,34,126.87436019744597,2.9663684909161825,11530.503959392698,822.0805366222258,8635.910423939898,346.09333704694046,36997.93543418697,103.12684714322585,BENIGN
921,6,939211,42,45,29833,9617,1498,47,327.03956838983106,178.11022975389312,1214,66,50.32219715598124,178.12806350624373,48543.97604470435,438.8710767511013,4517.32039436971,3589.2822924246616,25415.32667012742,922.0622671662089,BENIGN
4805,17,418284,82,41,7879,20704,388,18,110.2492509349361,85.91332656142572,1423,55,133.93715803733463,74.96673971543188,10953.238277055843,632.8053768988956,4977.759396438708,738.729543870989,5698.012039050335,820.3998386385193,BENIGN
2059,17,623322,54,38,35734,28702,1140,96,190.50170350716638,106.75527874700752,90,39,205.1675331074892,37.903640915091415,88319.72601427927,76.62643402203713,3019.833491804279,1425.6295353042237,11074.525783049405,670.5038275075773,BENIGN
29,6,143080,75,89,22411,1892,1361,50,8.864313772000681,191.05723920036445,599,28,32.07893097149556,2.995949494340344,70817.92896057884,583.9969182814045,9968.749125155326,4405.4050277694605,49935.96641227153,988.1250136981268,Bot
280,6,944027,16,48,25968,29754,74,6,348.37348841074646,59.93835317491292,300,5,435.85445544865024,14.104560279759216,24121.290400823294,290.70540777012843,6708.051133711644,2702.488289783855,40303.37605191113,15.999361346902052,DDoS attacks-LOIC-HTTP
6058,17,502467,18,61,10776,3424,374,28,164.72072806731103,57.798186388388274,1134,51,256.83739610834283,34.36867284483844,88670.20242474551,96.11474319804454,9518.131051069588,1606.6922029823781,17499.975593521787,411.0603164323229,BENIGN
1693,17,336951,99,37,19778,42218,830,42,287.936513071876,159.91901598840855,79,0,294.05181594426523,5.081847675915641,63793.793887641434,908.3242636716677,4148.553647037393,2738.334450074429,27132.315982461045,858.3430583316742,BENIGN
2239,17,209429,59,22,30804,13418,1057,68,478.5801758176591,55.507797228793734,835,51,185.6428782167272,67.16997361800092,95326.80103871964,604.0244143071413,8830.28277774843,1091.388298159447,20806.697773440654,433.0172797739914,BENIGN
7061,6,257454,90,21,26155,29886,549,93,153.23602290905455,166.373174014641,651,23,334.91761477695593,8.978622874884135,98048.1801025646,242.46591961677493,4482.898097537453,125.86564852805071,1829.1143743888151,5.241336809270636,BENIGN
2080,6,523506,16,3,10096,34783,1095,57,495.16775262322255,19.107121872328992,432,33,215.89086792551538,138.44321236889547,338.1461056794519,420.22836271168455,8668.421892141025,3018.662394819015,38936.063690553194,157.75411559595398,BENIGN
5307,6,61315,6,48,43213,23057,500,7,318.2005510737454,22.25224946189368,416,6,380.6568872696225,163.78142270749197,12030.2187606643,357.5432339456256,1310.1346683891018,3570.629663923646,35852.13580002914,434.07241238675243,BENIGN
3733,6,711295,57,58,26452,4833,1306,41,124.83388981132495,180.26467483255436,1237,74,410.7010717577036,177.49278471421832,54696.7638573755,700.8790861919636,6368.907413258323,4398.908827229898,20446.027701648924,667.9478609527235,Bot
1639,6,311673,47,72,16422,9894,238,75,221.20505209552257,108.16245649648705,1470,10,335.9245559432614,109.82563619386706,95585.72891798448,607.8257428514665,6787.356444876628,3859.4168053236185,42296.397872662565,162.65426838482256,BENIGN
340,6,868684,48,67,25606,48710,1053,41,371.52429557987693,143.76285333884775,17,35,245.66780958711527,189.3019082359731,99423.42121461446,20.762393885824928,6562.0508021669875,4633.3885024775755,26741.60735351183,448.0430602983698,BENIGN
1362,17,632436,42,70,10265,41833,12,12,226.00656430312523,45.057778372508864,1077,19,391.1346753011138,1.129090111953368,56745.11945099896,198.62916261506882,4470.829152775397,4929.767377714351,3269.7698861960534,12.788537735544224,BENIGN
5752,17,169630,76,86,42416,565,1454,25,38.91124583406843,33.25487367642166,745,62,247.14265570242455,26.803664432824537,17388.410879633575,478.6498442686207,6839.477184197928,3724.677238728991,12977.720449441598,477.5005222342973,BENIGN
2396,6,177341,60,1,40534,40180,920,17,88.45881238435847,166.99085244652804,239,79,55.75495218478438,58.63319614618303,16313.37150067053,446.0403064615368,2395.391545065114,4339.616504151671,23094.024075931444,895.9244762391758,DDoS attacks-LOIC-HTTP
2852,17,138831,77,48,23342,18402,316,41,396.692384163053,71.72468140464976,845,62,58.1701116220531,157.80488839084737,76388.13723383269,517.158207061587,5958.890096376364,3368.6575161409237,5181.427443152749,596.76803152359,DDoS attacks-LOIC-HTTP
2844,17,453930,4,87,44634,42845,441,50,325.9446724804404,91.00652382439888,417,68,474.2915698165006,177.0778280267714,59197.848493842714,715.0960224730084,5542.795009568843,854.6889560413457,28558.348831216623,440.6556312271691,BENIGN
2014,6,764365,2,94,15774,10315,145,83,287.0636112794062,5.594379455071796,855,87,106.78150422893806,123.62689026121556,54881.90215428697,682.3269894997288,3184.076881782139,908.5121316114247,6037.202402553238,162.2593356943244,Infiltration
2978,17,339484,90,30,27573,12834,524,15,87.97287552392365,77.17614683859328,1467,29,407.96249551098816,76.64726888182771,46581.834680818625,373.4406087198494,7788.859226003313,551.2972815763156,10033.404192357584,202.41856351651165,Bot
6059,6,426109,59,39,22149,2314,202,2,419.689935448418,154.0875616249957,598,29,123.35270363751427,133.1691207172128,72516.21131190234,877.7040463106566,809.6397825213511,4714.873599967617,44700.24323029804,76.5099500700791,Bot
7737,6,113788,27,47,36380,37180,1448,90,480.5663542451938,164.25503545723387,1146,96,215.3900469284082,36.179874404873225,85806.83735884448,63.86963787807022,1715.225173259408,3363.758489196901,49990.62127818129,742.4110435606,BENIGN
2058,17,308717,27,50,5072,3883,882,78,25.239113257881424,139.75095777650836,419,83,327.47405604907203,91.57481043448641,30302.77853875167,584.9253852166147,4712.029246154759,3949.548752327623,27517.164668893874,77.13527757480732,BENIGN
3510,6,883294,79,42,44655,44152,1151,97,43.62577597365838,138.43594670874845,215,21,79.43358644795207,101.50881966465799,22099.567539917305,949.7358070769602,8917.475242553031,1655.786684121821,30986.234020486925,383.94882873420164,BENIGN
3697,6,744848,72,97,7254,10051,675,44,442.93862914070957,101.24785331943158,1443,60,368.62324418193873,20.97424420224292,67023.21463983109,549.532356387496,5752.020385724945,2302.108550383789,39873.58303485225,749.8446935127548,BENIGN
1138,6,490934,7,54,6382,40984,218,21,408.6983657459035,107.66586585196461,708,20,344.95648627826915,6.7745320443212576,91474.09508125478,455.6511945120431,8420.826442540993,198.89765918346401,34810.01341524243,712.8226994134951,Bot
8004,6,893488,63,87,39883,11695,961,22,310.87755547809036,148.5263493626287,550,36,271.54144455289145,150.0210994700292,34822.26244000718,134.78367110772803,5176.179621756785,4445.037002175487,9131.50256728927,577.5321665852749,BENIGN
1624,6,380696,46,48,19975,23123,1067,58,472.75777844813825,49.46035976554457,965,26,282.9448780212162,106.94127185594171,27252.09743554976,810.3789061763397,7854.774230140848,4265.017147058041,20589.459511676832,571.3077341260681,Bot
6481,6,711211,63,89,45007,7902,658,61,324.98313610604157,46.3034136492112,1251,34,52.88589676079519,66.44774037558709,22619.201877259595,374.4210951508711,3258.6481500615064,3924.0566743214713,26760.474780230943,90.32808029190609,BENIGN
4047,6,912843,12,79,16966,45955,1351,67,111.91271148610414,189.98496478281092,1260,37,217.97457521756115,87.44572633223002,25456.54586058612,701.5446635752033,8151.608029559192,291.5103384059575,17992.002487413934,174.91527175448996,BENIGN
255,6,734375,13,56,40483,17573,129,53,365.6779502398656,5.5379773517550746,1353,59,43.2856976788123,191.54068264865924,13501.984962601842,198.34933352664999,4017.459019587122,871.2486778871687,8813.547426192168,534.7444571072109,BENIGN
1989,17,971858,43,76,13904,29374,636,56,324.62662064909046,27.893092733036305,832,69,153.9316455167553,76.98275438279012,59681.85497855927,42.821339729216916,5588.752782957149,1670.853288772307,36808.30606962803,348.0803282555798,BENIGN
4449,17,269250,17,14,45058,12288,534,22,492.9436274949646,114.0664852402496,1492,31,450.15607054531677,20.695845330754615,28089.79860543896,306.16198507547256,1759.6390338100796,1315.3133767083586,9950.331789917096,18.937101093339017,BENIGN
1928,17,249343,63,26,33392,46978,778,59,110.87838950552192,147.5669677396697,679,79,287.266700277396,92.72043591266875,61498.28672217388,282.132447595434,9204.40980803146,4192.299192655343,13031.691575803186,798.1667328791635,Bot
395,6,598606,81,67,4060,6884,1122,72,300.9530434994865,107.57821659700235,486,91,371.35171907634077,129.60967469561373,8312.404627761685,873.601778273747,7014.889735253313,974.1787910030997,14333.11556027034,653.8132671074967,BENIGN
3550,6,196516,36,79,16719,10559,521,87,391.18292350143565,71.01279923297683,622,79,286.94293368794615,2.4226232199783038,11554.52464386673,864.8091048061692,8588.689336674639,2660.6223266948728,8097.343731493617,325.7854666690967,BENIGN
5276,17,951444,85,63,15732,18125,56,84,172.79662922239453,195.59522387059351,1438,26,97.11837900332453,66.46811200303611,53618.83136041649,534.3603283787793,2079.421208647169,2856.9054890965613,42479.085633536684,98.20519729237398,Infiltration
2655,17,556818,8,93,15220,3688,781,54,192.94139363362765,140.77053702656917,218,2,297.40415788994574,78.70288402608996,51157.97913815664,19.979946626621423,677.7758683370952,2125.0592358126864,30534.70978004616,591.2007606420349,BENIGN
1590,17,23191,69,29,49520,23869,749,79,444.5114099725187,166.27816821341582,720,48,377.69403865276246,92.74296915278914,27158.277574521486,229.09633825755557,3372.7554238468365,1203.439658652296,41739.059018307016,348.5495685666451,BENIGN
2580,6,781513,90,35,36555,46882,531,62,205.07646540639627,8.04937483764081,380,84,69.20250143351375,60.33683873489106,82714.81385353804,639.3735816192197,5167.337224158363,4801.471454405658,24691.528382320368,255.3893370081426,BENIGN
5435,17,950587,80,66,38684,38137,1317,55,314.24276168832915,47.184022094676735,86,29,408.4533550472924,133.38445169317467,18712.84601510627,102.30699302893719,8023.896459707393,2066.9962113451124,25982.956375635564,721.4692530161589,BENIGN
3411,17,548377,36,85,34499,44706,1410,54,445.17287807577867,74.83421871831601,1484,21,277.69608948914794,188.94184474516246,36072.50580707678,700.9216424547277,3977.8664286453773,3636.5499776833244,30811.07006041687,328.1500610494358,BENIGN
2985,6,75551,28,85,17743,4023,143,24,108.86415862982787,36.52027961645561,814,18,2.13760108439065,182.79963520794306,55555.615490179494,12.950300695784732,2700.313290685681,920.2324382811445,18552.268001095796,136.04849159691278,Bot
3663,17,19090,93,48,20090,48750,257,25,491.02926169453985,14.579854541829441,410,30,259.88924316898846,132.87868296180335,86722.43814051131,682.8542385939011,3726.0785790413893,4114.055842681141,24834.238900606866,481.6537478295935,Infiltration
5971,6,352514,47,75,36674,17100,1351,48,352.4669993153113,45.018332918936046,690,19,197.8357460684148,101.37681322885001,41860.912006925995,844.6947036165201,7036.3704972010955,1079.4591161683336,27350.287302093413,828.4657882495069,Bot
5488,6,866892,76,54,39719,36735,445,62,250.58023860001518,106.72712624740852,1012,18,148.22325564499377,165.16302528833188,39866.10953453602,469.7485019264701,3362.844751413219,3376.533117865131,47677.586384500784,849.6587841996273,BENIGN
8027,6,250641,30,84,46242,7423,1209,44,218.30567935374384,139.14904967134106,524,1,385.6286099589376,167.1874375717127,57957.94742889915,829.2519091199276,9791.677097925061,2532.4800073626093,44146.57750990827,849.3431648003485,DDoS attacks-LOIC-HTTP
3870,17,822613,23,55,38024,39218,695,72,477.4104846979947,154.8041845930162,446,39,449.74994182942544,165.914610563939,31676.374592135,781.7462055106257,1750.6159081186756,732.7857049071323,6470.9999152513965,420.9198394014817,BENIGN
892,17,666493,16,67,41162,12213,595,78,106.83378962718486,8.587230973543413,299,38,381.3265446725551,31.569187573879944,70920.23358342735,671.7477310175094,7531.208150215392,124.74598078038635,2073.710514957931,790.9342112394347,BENIGN
1272,6,370516,14,94,27260,35983,360,38,159.28321213875086,85.59723444251823,407,90,423.3862907954366,5.086468272388034,24877.107107293803,445.7041321164358,5892.04696021185,4653.741326909028,34019.89424839137,850.23076796546,BENIGN
6433,17,802773,74,43,20239,33158,152,96,157.35741399622273,24.442316717073464,374,71,454.3904716055866,196.63868194962203,82321.36773405182,272.63214035709234,2331.722905965261,628.4525678226993,2469.44134557742,459.5382101926465,Infiltration
5967,17,125032,71,30,48147,28460,976,64,148.05813569355942,86.24007728893437,232,53,456.3146556882389,191.9308391441948,27242.617779214783,861.0030982066997,7536.382757769645,3524.757143434574,3026.949736983377,318.73938892037944,BENIGN
6961,17,268183,52,57,16485,31017,813,68,236.92633238176614,86.79516982405902,637,26,57.319071498378726,112.87569217775261,99270.18921742831,648.9417892832854,4475.954565367954,3263.4247947349204,7971.577208238699,701.9645468105937,BENIGN
1334,17,113100,37,86,46422,33000,1431,55,494.64372046757745,99.64233734244874,649,78,228.19274444358072,198.61274334347215,31653.082808020987,798.2188184153256,6824.30035715466,1708.6002122426326,17591.837472428033,904.4692723559949,BENIGN
4840,6,703022,29,52,43886,26502,727,8,444.9494495245276,178.56612525264788,960,11,0.1432371964551482,154.1094089535721,87883.82560413322,552.414960801163,6622.910194401256,926.9144977736427,21755.45563144193,972.1524851245123,BENIGN
7352,17,559451,67,83,29021,30990,652,69,167.33503631913564,161.0191005248179,1072,77,253.2312923518363,103.4760366906901,39741.621851064665,172.69456805943076,1107.3236890474145,891.6412472770741,25973.707955374695,290.2248056771555,BENIGN
6168,6,493316,15,78,8138,19515,1402,27,214.32070728641816,127.34416902727837,185,70,462.1219671718954,77.86621342864449,24613.02365467272,979.4585015740228,8399.99026559261,2926.6392652511954,49614.486766678965,956.1710561317173,BENIGN
2918,6,732181,47,22,32460,29991,510,44,336.39296946103605,177.08146458670615,1228,16,99.5511451990867,118.57264189870362,22624.06341353092,183.55601270617976,6815.067588876812,2734.6064731202273,19267.78540805721,499.2822467074933,BENIGN
7566,17,682505,46,27,18907,7634,379,25,13.49008194482398,135.69372330092466,77,89,319.8933143832898,103.16042033309584,85020.62627216932,911.3302595238785,7806.08653965401,4379.675101751161,12145.227295022829,306.0347043009805,BENIGN
97,6,509950,52,15,8178,11498,1415,27,410.9760610493957,163.77099215261504,1409,83,322.1895232089468,198.7605053402392,30882.211101424546,208.93050739892902,4478.210583805723,3200.0153920596813,28766.867905150604,988.3981102235291,BENIGN
7597,17,438085,19,36,6871,10916,1119,39,440.50003836940016,112.75566019682532,193,9,80.17699234388648,98.0920632018474,33862.9152658851,374.37569230468944,1951.4221553062628,4096.374880402624,10765.396120824174,877.8079751238439,BENIGN
2641,17,833650,77,20,41768,29377,796,14,429.3141654906443,105.04365032618013,1126,18,119.26371965873017,167.18421723743145,19707.335653335667,440.6433610928892,3262.8090239495673,162.0653122630439,47027.76615527632,692.4165892752904,Bot
4247,6,84803,21,78,13760,33001,748,5,190.6519215083404,144.81944855447693,1399,81,231.01089198012053,162.72476462764826,96132.85856444051,921.454613538617,9014.790814714168,3354.9657351429755,12970.122559258005,894.9422301216397,BENIGN
620,6,495264,64,16,16998,1391,1493,26,233.68975614528304,3.9378623951502156,286,29,94.10468822717272,14.28125470115802,24481.94662047702,888.3103723421503,9380.247999912432,1168.543192148105,49496.80744130705,681.4878727049168,BENIGN
5888,6,414941,37,36,2989,43852,959,37,11.132219342359136,138.0755143262847,249,29,292.49698926225454,17.401353462126234,24751.88746197139,823.3977569744835,4819.18211887435,1264.1947998285507,20939.222837138466,440.40379844209485,BENIGN
1085,6,760184,27,76,23534,42215,1358,67,202.70069728155767,186.90364368087293,1224,24,242.27086551113453,131.96202296027923,94390.35004656704,377.29847234823853,2988.656955918792,3602.882645446705,40636.17350811394,948.049557054005,BENIGN
2156,17,652945,55,18,7075,14184,531,74,232.91127707146774,142.78841596535082,535,87,259.5990892561866,51.821601347060266,90090.87651096833,5.488753582091241,7303.380929960869,3967.1647941247047,32417.533449038045,963.247677716093,BENIGN
2469,17,289320,29,29,37694,27114,498,84,453.95227506889694,7.3587448594437,1484,73,67.23377641027761,131.5054069394213,24898.599209159216,681.9017367874118,7660.164109652484,1858.6773756927632,46675.37378049234,314.17509728973835,BENIGN
2363,17,253417,20,44,23194,11882,406,63,447.52389850983747,75.57712815454478,299,65,258.6259127193217,28.925178862706,86473.90969610374,411.54288063073864,8154.847507771738,3950.384084341531,31275.09337590516,354.3953345633306,BENIGN
1883,6,195977,25,17,33375,47606,905,29,483.2180467235152,161.9162604542572,1106,95,24.739095527069654,79.41364544116078,24989.82307648083,757.3011346445982,311.80702341423745,2218.723376761778,29065.086792298112,382.7204407654046,BENIGN
1338,6,831137,70,77,23714,17273,364,81,443.1269676198076,191.721710008884,808,34,440.76764900584084,20.494053265116797,8455.571843638916,795.0571940374666,98.32899009393485,4288.226741851904,32646.093703979936,822.1459517172414,Bot
4731,6,346809,63,61,5632,40670,956,98,9.059351166684579,74.03267112727545,457,50,171.6248454027962,56.41861536312787,82037.93122609855,440.28367951450673,3572.1991271902434,124.51886089296316,39325.41195190579,791.1456508431024,BENIGN
3617,17,481825,36,35,18271,45647,297,2,322.5231219044488,168.2388111753816,690,70,428.16866241785374,17.659718021534253,77158.10019995047,748.3544627516314,1525.8136811473214,417.4753540742532,44943.09319321849,983.1151047561281,BENIGN
6963,6,825653,2,99,44942,17129,1492,61,38.77765313600519,172.7619750603026,1321,70,350.8281843724219,194.11573103953577,29473.76549793023,840.0973432391578,8050.01360328263,3881.759036338408,13348.076855823612,465.21367703236007,BENIGN
3782,17,982705,22,83,28429,42679,1007,11,139.93417175809276,24.65727986521,1387,26,383.0862946485905,79.01168690245501,9022.997122409706,928.5476554698986,5328.905691932844,3120.4481391516615,10052.345723086715,736.767094067595,Infiltration
7824,6,817965,96,51,34477,427,545,90,291.26227658793727,169.15769334373746,717,9,157.27224726946136,180.2377535796372,20651.824058870003,582.8728771569049,8253.655915491616,2795.1012681775915,1727.1412863423238,856.7204698454748,BENIGN
6585,17,567697,16,18,25615,31416,1324,29,351.80384011173174,64.84997912772302,39,96,113.87196991702758,194.23435380576964,77107.94652493748,778.7002902908226,1769.9538543646074,3069.894036692867,18510.259360149576,221.2304381339767,BENIGN
6004,17,854000,18,43,29181,731,860,84,329.04285282896217,118.64754431308346,1363,42,203.37027692055742,181.9125320255144,96475.13401609325,495.0703053394375,6272.599865909416,4650.953137110754,42310.78929167415,620.5554275116324,BENIGN
5162,6,437570,69,6,22174,799,847,37,29.283891867278395,107.7924238712842,107,54,12.112931206399669,90.99193287324177,25907.61715873121,42.62133742953211,5802.140736261897,3277.6851571903308,3502.172857557961,547.7076763971988,DDoS attacks-LOIC-HTTP
4690,6,853825,54,43,49878,28873,177,84,56.283915436928254,132.61077274722413,1339,70,459.37783843417475,155.77945951641146,81827.69751553456,156.06620637138417,3404.4426300918453,3237.3805832991798,26930.618622402955,742.8270050004,BENIGN
2210,17,358502,30,67,46207,7025,959,59,68.65047240098033,148.09293018894604,1137,5,193.50713298306226,30.73989675100519,22800.986407142067,129.09628473043043,5171.295924277057,3797.3543985311385,34742.483925190914,695.4279826176693,BENIGN
1012,17,955457,45,33,13806,14481,630,37,50.2501165009971,88.17621952371601,1190,5,494.2783024217825,18.966522763841766,67963.24317859011,172.5938245253634,5890.686343710061,4333.1035281991335,41844.28312572172,812.7926108516374,BENIGN
2732,6,824937,19,65,36864,25411,437,14,93.22603951831452,177.66216442982648,260,76,380.7247104037064,175.38029356614558,8370.510768462318,11.202536863230398,8894.98855755368,1309.5623911917749,29175.68179555507,311.14519035146395,BENIGN
2212,6,984256,87,68,31330,31358,499,17,345.8014566992219,161.89968431231225,1247,47,40.25750489965524,6.224029140649678,58533.71108182218,858.8481164418874,557.3282091770837,3083.74429616652,9324.137309545707,216.35639167359412,BENIGN
1268,17,567915,34,54,675,40392,364,51,416.26443932378066,157.08421852957196,1285,76,330.094138921288,194.465470179434,26926.297220559867,560.5891706290633,8233.91529438078,2919.874817762376,48227.167548329024,805.1987309074251,DDoS attacks-LOIC-HTTP
3074,6,863759,13,9,32704,14961,205,28,207.3628755863381,91.64936838685836,1274,1,135.41958241897757,134.4267760128226,92585.33641387837,383.7668530082564,9801.583736420193,674.2474074917127,4741.629004997874,360.56343102722997,Infiltration
4618,17,918096,43,95,24240,21767,554,59,347.9268456820301,7.514577168922032,525,82,121.85932279069006,83.92260428012177,28982.19136900757,410.36909270539815,7318.018806028216,2601.5848695535597,38452.29059372994,287.5735579265785,BENIGN
4053,17,748878,62,41,23005,41000,726,20,104.00804932658411,98.45128127578889,709,50,128.28133495160642,28.27506527621104,39850.085079282035,463.8877426251506,7373.732475625642,347.7525737023268,4337.095599926997,336.8185255268695,BENIGN
2017,6,139983,93,40,26794,36135,833,16,486.773675058537,179.6891068288366,125,60,458.0375243464085,144.64623019094245,84069.50432434655,74.80961691917298,2180.525000103521,924.7979370116982,7179.521192978949,66.35399105102746,BENIGN
4936,6,617732,22,76,14615,21392,941,17,178.24877381452106,38.09003112150378,1229,18,249.99008803568745,112.62235088067057,43833.07550885396,275.3907461683403,5231.209736210422,4564.815409590902,44911.7975288103,773.1443461572676,Infiltration
3707,6,155444,52,68,17473,13262,1012,56,423.70411857139334,196.51849440211757,1163,1,334.7354494058029,142.22540148931387,23848.841056973895,851.7748106549927,7059.6972615124705,596.2159077117174,37656.20218350198,715.1596585400799,BENIGN
2171,6,465326,52,9,8429,5229,668,36,472.9563544515466,161.53812400263428,1085,50,140.47391289985035,83.58444112578421,54758.95664622077,743.9315609777705,6023.207762524849,2894.5814992339724,18281.758478886848,552.69245382874,DDoS attacks-LOIC-HTTP
4038,6,747952,36,9,47962,23772,948,59,433.0334116232746,141.96595845641295,1306,25,261.4772275925591,13.252016612182338,84000.7196530417,563.8421327156539,3851.9309395606915,1617.403479965368,31939.830589243636,716.0849799072093,BENIGN
3130,17,571541,73,90,33847,18799,789,37,38.19848751244302,135.43199158446416,53,69,175.0500691055949,62.99444011014539,43323.429424345195,481.22328068529305,9401.243982147493,2776.5664536330623,22867.78861331761,373.1331667482952,BENIGN
1990,17,108142,19,59,5273,46515,20,11,326.9020428670918,117.40517638675252,345,19,160.56952019820037,63.004150642938164,13297.520035594713,259.71421180590846,5140.353427137347,1174.8677122620154,3336.2226672067213,295.3690761103795,BENIGN
217,6,54210,38,50,48887,23555,1289,74,64.44489975291783,144.1340646498264,135,22,123.48442398510612,1.7358316675321728,38314.86044232054,471.78371467745836,9698.78877848985,2221.8972733883006,36059.1695407714,862.3009893481458,BENIGN
5785,6,145151,70,20,40729,26616,405,83,7.803185260269373,84.3811112438641,329,53,204.50344924670028,1.9162030197847013,95447.96855808819,598.2574207907479,5639.192939342728,4336.6671657413035,38165.15362957031,422.4545702892062,BENIGN
2646,6,765519,79,7,45697,19333,740,72,30.632804751818384,169.05762160402594,1167,14,330.01505531501147,66.15165744008866,7211.441820373562,712.925313480149,7934.041083382593,1881.0848890967818,44118.2458937393,195.91217178469012,Infiltration
6554,17,763561,57,64,34141,4261,418,0,458.4938522412933,139.26919121905615,1459,5,111.0218880335545,145.5246769598425,40850.4327930775,167.47354756457148,7420.489008435049,1765.1546900046783,27036.46095709789,749.0439156123414,BENIGN
1222,6,28428,20,91,37286,3466,371,57,454.6894395588949,154.2506224759098,1305,91,482.72199343867504,124.80874608337498,64806.399106077144,813.2971582023066,6608.576928154072,2230.5903963483265,33660.16617056278,335.8718542861926,BENIGN
6717,6,637299,9,77,34533,46553,1292,2,116.78307194319673,158.49748443319592,135,34,62.305838231833334,47.80352934130181,7860.987443920167,346.4654657567887,145.5939966923552,502.4642212215763,21908.140414559646,211.85130089972714,BENIGN
5587,17,275111,32,84,529,3088,1036,62,275.79530132532,18.414009141780507,812,74,240.10360386071815,120.55253043443423,34501.80517483678,503.75482520706504,775.2140758525494,1936.7351229402746,15952.273862800243,27.21427771589202,BENIGN
7687,17,59334,4,29,31116,45783,93,20,477.7389898216335,11.128154537547585,851,7,42.5141081776747,129.4755191118983,94058.42961048691,608.2964122797362,5815.261397758212,34.501253140827856,20590.882759453583,970.6017582814578,BENIGN
7202,6,812383,50,84,44514,1115,165,22,250.86953419989746,160.19717369694717,1424,56,11.33266053450499,104.5139845649998,3073.2628636922645,488.6070610648122,9117.902435931097,2516.9857257447593,45588.50030965774,467.2893839477671,BENIGN
5762,6,817811,82,48,10524,4578,1209,8,199.82102097215017,51.87680420764924,870,49,461.3386598491817,104.2707950373645,75176.67053179925,572.384947249965,6011.8155269615845,4239.705395757147,8216.922539358991,161.75787302793964,Bot
5808,6,772891,5,8,47466,2590,716,82,244.20810355208917,116.39396150236286,891,48,405.1923969753171,73.94957461252784,84139.08286393825,112.41194121818835,2360.723962382485,2760.3655197381595,12432.50588285107,757.8111595507295,BENIGN
5428,17,227235,20,16,7243,7372,481,54,396.1568019682124,88.74217104379724,1472,87,347.07768656277915,24.67887275064735,27713.30193452084,432.72329965352657,3202.8637977538547,3038.625891030097,30313.47766097283,887.6511280462965,Bot
2055,6,597790,87,68,1112,3573,628,18,241.25242810395147,4.407840733526847,634,20,432.59540657497234,77.09676001008492,21479.28980828603,281.18700346529016,6231.975580928638,152.8168562988319,5822.903264843698,527.9679925988612,BENIGN
497,6,801981,75,57,607,2978,1457,61,392.7224522347729,8.056251633254297,668,35,401.4242114848643,69.06686322936551,91482.94114968485,86.94012773298331,5970.947601684558,4297.574900580376,44594.30693750483,28.359458784542156,BENIGN
1274,6,338465,37,56,46725,43407,143,86,218.6902355922618,165.42504845575914,1293,70,323.6188604931961,118.39451857521166,76402.52953111763,192.45757640636228,9557.073399240831,1925.0177640012928,2371.3462294444957,365.1429614012456,BENIGN
942,17,875612,22,61,19667,9422,797,90,129.7428072496345,121.53551229774477,1040,68,423.6711628841846,171.25203375332168,11346.93715360416,602.8421218610309,5291.316555511482,4874.263403033534,37768.061540312665,243.10163563176036,BENIGN
439,17,529839,58,94,45019,43626,916,90,166.60400126021722,104.76861574736898,268,57,195.4002767300526,75.07503296807701,21227.603579085124,197.48971624879886,3550.7938048504216,602.3268476513,18692.6650769935,636.3974698559645,BENIGN
2224,6,87278,68,51,38559,23697,873,38,43.52261499539714,188.87041669435004,860,62,276.37591661756306,141.94705557993703,62139.30194770552,181.88294610897424,5250.402574657441,4723.359423926188,2567.767024836942,518.8578017517028,BENIGN
2617,6,958920,93,60,43575,30820,1413,99,251.2036664825918,34.623005185768974,481,92,388.1553264893228,162.3660754992937,41947.498720400275,553.2776019542497,7862.553598724747,3171.454531681615,42147.965406999676,355.73684373267037,BENIGN
7628,17,980668,44,39,6266,37743,676,75,78.31490782006638,51.594167931759706,1242,15,42.39900812317332,42.35030274615923,50422.395300085605,904.7978042002782,5404.097694032983,261.70150145297055,32026.607131675955,648.5051380715374,Bot
1140,17,850293,34,37,43158,4925,286,26,406.71576813569277,151.34781564712546,1342,5,429.32273358124195,180.3300353759437,95154.72808587573,788.9041577891899,3261.1994503268506,4858.495389183657,452.84687031544195,584.4292820984014,BENIGN
3088,17,236662,77,42,29411,29430,1269,45,213.1923342076626,155.04704559158588,1261,77,78.41522784830252,14.088987635872119,42029.34396456547,905.1840214093305,3386.8718899996793,69.36534072632061,13383.967090746815,906.490124460262,DDoS attacks-LOIC-HTTP
7160,17,301114,42,62,41558,28834,891,33,383.6761503759029,80.97943928783289,284,51,432.2706264487696,180.34386775953817,88169.38276146876,583.3972220942186,7568.361380604263,3653.500843454956,17608.759930173957,596.8029522800831,BENIGN
7598,17,358810,9,18,6564,24435,22,32,477.4579116316236,190.195686928752,1060,1,155.6664358164635,32.72657852583802,66077.86441887073,410.5196308981486,665.4163203359573,4447.649741940473,16135.681663474566,507.71188471163174,Bot
970,17,385993,95,99,12674,21676,351,91,425.4915851080518,187.65091554303413,102,88,163.39142298460925,67.43392056686312,12170.729676768482,729.9117241764014,2748.278006468949,879.0577711507868,24922.118031191803,823.6700841540622,Bot
2356,17,123865,7,49,42377,43554,44,94,475.97452147418073,2.4819430120319064,1453,94,36.974344934850635,121.04704403363267,74453.25859440549,262.10266415446824,1531.2228664950073,1716.7859534890422,26344.87986426352,202.41966926064325,BENIGN
5393,17,387125,68,32,48289,19814,568,95,286.1285808010115,34.465580468145006,791,76,442.94981194787476,181.13667315416504,52025.70530489191,78.9759040473983,9446.811656339116,2806.146702694301,19843.73334947998,243.56461783906235,BENIGN
2263,17,948477,19,12,24396,14716,1247,49,86.83559482036823,164.04388833677424,238,17,87.25520119543478,51.14028811304705,22517.474066694936,345.27017793840446,901.8525374186166,3399.0464292248153,16595.199235505064,783.5731351079905,BENIGN
2665,6,128489,94,77,4856,27528,1445,19,468.02099732093177,67.04333696520166,740,80,315.02495101850764,152.7147826933151,28962.036814998984,299.9374607895304,7582.07791235297,4359.379338972971,25225.422321219867,442.3502270323385,BENIGN
1877,6,714087,31,96,26215,1995,414,39,434.9096733454016,19.092535739965676,644,91,321.98379962676114,142.08716164817386,55737.66915082762,675.863388889325,6304.6252691222335,3805.35235439153,1690.434077386712,409.23586209249896,Infiltration
7709,6,197327,35,61,25580,22414,667,98,432.8844305781296,156.9998348847167,1148,75,140.57575170732295,31.941752428433425,60174.23198967784,551.8113161330025,6328.411202309041,1816.6557190946885,32263.635983980417,887.077954477805,BENIGN
4632,17,492502,57,92,30265,13844,168,94,348.1708415673156,90.91670111504189,881,34,492.83047872840217,95.89278891686558,96817.9586389077,139.12472107172974,7634.566838451703,4108.599058933342,30303.066020013193,610.1090342930681,BENIGN
5774,6,811904,85,42,21192,36659,965,57,314.33354978210934,98.48215734307438,606,85,32.08310905554246,96.30101863552642,85473.46643969523,908.5956755906992,4005.479232765861,4830.383605435066,13968.197788260226,802.9091403998183,DDoS attacks-LOIC-HTTP
1885,17,790174,61,48,39383,15522,1143,30,12.28832647135909,37.27387776323425,187,38,303.93600549575916,60.92236293133002,20591.870306657667,593.7456015642994,4008.032906607743,1134.9309062081802,8983.97719556185,809.8388706096864,BENIGN
2932,17,260320,31,35,43029,39913,558,37,375.2867641986175,132.17901078778556,887,0,239.77196372859456,155.98426330715907,77401.46713600887,458.22654119835306,2887.7691165923193,370.477967272147,3658.5187816704606,120.02665831176861,BENIGN
5257,6,421317,83,9,16053,8498,994,85,50.30988315398884,110.24826362452353,1279,36,122.74205357363732,185.18677047461972,839.0978970830377,937.257732191535,5977.902618819722,2133.0986597094798,29371.314127792513,653.7023964697037,BENIGN
2873,17,296308,95,94,45542,42322,1380,44,133.57671337077502,41.33458755781516,986,20,81.77585566147322,143.31449172056335,12989.548031902748,98.20454694910292,9298.122715850472,4406.985519787754,28449.32462653425,952.5163387060812,BENIGN
6048,6,750286,53,5,35764,2102,288,40,277.98769619891175,68.06630168784136,923,0,368.5421790794932,194.59094660456293,19978.044602467657,789.803345201578,9239.908010709922,751.4575243959737,26670.571324626555,480.0270896280772,BENIGN
7346,6,800654,32,56,410,35798,488,8,228.6076295136406,119.3758574672344,793,3,458.1574372405932,10.093694216322469,59723.9632723872,365.30084021428934,7029.903761141671,4428.9909394100505,49281.05722667567,732.1824255223352,DDoS attacks-LOIC-HTTP
4930,6,942424,66,0,19249,8524,120,8,12.808322936865752,184.97445108668202,529,95,53.77313097736119,7.444537017879038,19476.55377995567,695.6943611730476,9061.951524559468,4961.065118680833,26581.890109965785,566.7328999445128,BENIGN
6391,17,68531,59,70,10426,30846,440,62,412.8726039335976,184.07527006429834,675,57,96.99010605300273,178.77173549864935,36533.64147411036,930.7947022200309,9635.224764729328,270.01115441578185,36092.31859118485,204.84597424097151,BENIGN
6016,6,55845,10,57,3422,8107,551,78,440.00647425253356,57.5811808794966,391,0,493.1348736477827,179.5600739393205,24285.55041638653,518.1953674049319,7951.25432508491,2476.2818692774194,5654.784408961594,195.19364571890884,BENIGN
6379,17,50181,2,90,16450,49394,1148,76,342.5271070308996,147.12419555197698,1491,12,7.511337118937311,21.424157017576473,33748.288271752535,23.616184605318598,4078.925456104519,1644.4274735662511,14955.549751386316,433.83316518597246,BENIGN
7111,6,988506,66,20,24416,18268,1123,21,272.8285900351271,155.1038161047619,1276,45,254.12598482646166,71.48920981378492,94245.71995895925,29.819381942165613,4832.766438350719,1968.3992746565548,13779.576280249306,482.9905738094238,BENIGN
7883,6,926315,60,91,1885,47703,1245,15,480.56523025523836,161.76461999655896,671,46,258.05642504090713,167.07891562257063,99737.66149601706,331.2302582662911,9312.63794403589,2258.173761731543,28803.01553784184,503.1324426464713,BENIGN
6178,6,216304,88,79,37076,24399,369,31,64.37832283535501,114.15245695029601,860,80,131.58076257288693,25.708135500329178,68575.35340534829,781.8765611756668,6700.410744671828,3698.519782255949,16547.353285570127,955.0007575025526,DDoS attacks-LOIC-HTTP
3248,17,936397,17,55,36546,9624,381,65,370.2654765641696,2.10159961991756,1199,75,331.5144402218304,53.48561452184142,57235.06406685353,288.9730817305092,8207.118917900567,2956.4985158558816,32056.9106792338,100.25454413747647,BENIGN
3739,17,401515,96,86,5762,27126,1248,89,68.53850338312293,152.33525708924972,465,6,472.47045321350686,136.1992073715906,70847.70010317015,335.1341322853314,1162.0242434184324,4806.005441083901,34507.58606269313,380.52673429782857,BENIGN
7448,17,600641,16,19,21227,23131,1048,13,194.01317546709078,21.31948996587001,838,50,225.10696547828857,196.37981089559958,77167.50351988665,784.6762524843712,1939.8202494913512,1663.8229961976704,1694.1549604984166,514.5474351210202,BENIGN
3248,6,298435,16,53,12499,48591,964,37,294.81483203963444,23.374277244080368,987,2,374.70975270059523,159.42776801407845,73903.88423351535,117.07298474536157,3441.7405647623655,2707.5204124137135,31991.48804484787,963.112739400902,BENIGN
6210,6,796743,46,24,1363,20714,268,97,369.8584067996544,121.12496052923053,1312,49,323.0351296357291,155.46352456287747,8198.43389471848,846.9661490009227,1883.2183149399655,4066.642654668485,5848.200240319279,504.3148170070383,Infiltration
2391,17,111186,39,27,26996,40631,787,7,6.839469634632076,196.70410420506033,1073,25,236.47093177085742,68.53253273822737,31036.238994484534,266.52672303855246,9064.744181450751,1865.142084968401,23262.113739759807,775.2757201208941,BENIGN
2911,17,456385,31,4,21381,35877,1496,99,133.99595375402922,48.507894653159966,3,30,24.906149901602337,132.26861433429485,34349.70386515708,52.17184795787931,2169.688579427719,2326.496003054548,36331.56277273882,749.2781080422192,Bot
3776,17,974350,88,20,39375,18570,129,20,271.4091937478611,129.16217601024152,851,99,370.87490247863764,22.6176577861656,36931.75487027262,118.22536369728557,5572.27995959063,3424.872763426134,35170.21634729785,566.444049428472,BENIGN
4245,17,414858,1,17,14701,12482,985,55,268.77247118494597,60.7307291475202,1246,61,181.62572356073147,198.45340663669984,34437.93472736768,952.6023318520848,855.4532476246209,4303.7210930215315,14998.12902442308,130.70310198598335,BENIGN
7598,17,424628,11,46,4321,34318,922,45,320.6250852984007,179.74522272210592,1285,25,112.24734420121047,96.11686355079804,78711.35882205826,451.8726310888246,1550.463503392163,2078.4073521191435,13625.568864536284,218.7587099582603,BENIGN
114,17,438558,85,69,48085,33414,1161,42,155.40752252977012,118.70337842277281,534,66,474.13432489408524,127.76157365287568,74762.99074175899,257.1816678924596,2474.903934577078,2659.7523607337002,22016.92312770255,240.14025862150123,BENIGN
2694,6,888503,4,56,10804,21040,732,91,272.56197928902316,41.49546553129417,902,54,386.751384773581,175.23437973629075,469.9842862362521,521.7496792290159,9828.951121442376,4875.611426454195,9441.467480059184,38.65964765513385,BENIGN
6918,17,618171,71,92,2944,13407,532,45,98.94445483011532,52.42621008908566,1399,27,481.13434083846823,0.19299236871279657,29645.188534236957,682.6643067404065,7970.840506282117,212.34580973502005,48735.203645296904,379.2180098577908,BENIGN
1975,6,650069,26,18,16416,45468,334,47,97.50174612971045,86.4961460836242,1084,43,128.10846608279502,195.1964855192616,62370.1281420547,319.47960963602526,6735.87703263692,2241.1435832977227,17252.404394985755,610.5137223762348,DDoS attacks-LOIC-HTTP
7479,6,612281,50,96,10404,33305,1353,69,290.3991618941904,24.40871240596254,1379,80,417.8966637889436,71.83186243403863,12035.359542660066,725.545931957863,9162.703576514168,3179.9092556460023,46150.43376786874,144.26629873897912,Bot
813,17,972992,12,64,26882,14166,1083,83,344.3089295974438,15.74667365269633,645,37,303.8607021309846,67.91814827916527,7129.117465608383,252.99979885629483,9562.13038501678,42.13728781062576,45414.16549836849,175.03600979866275,DDoS attacks-LOIC-HTTP
1854,17,499897,95,2,41718,6572,78,30,64.59798350723753,136.01227914959122,23,29,490.7518446516098,29.012667218530773,82841.52796865317,113.22489481199652,4536.2755698732135,2983.9325078320726,18248.800888240097,706.9863284026416,BENIGN
7470,6,158863,81,41,49966,33002,400,32,65.78100144259055,81.43301241782406,1316,65,473.1584728068287,171.63688205670823,45273.90037448519,550.1585121487258,3277.5668049768374,280.9997733150449,12711.69076732256,169.25338881256368,BENIGN
2136,17,602348,97,20,41103,26972,392,43,284.82483227292295,145.2451583740554,556,7,486.4840224713512,174.1679071734481,85570.17991840614,151.96755721823618,3153.837953215888,4287.791983240917,38544.0733699679,135.33557761895653,BENIGN
5799,17,870920,75,98,20810,46835,25,70,138.69739738040457,22.0116400875243,690,13,475.88380916997096,3.9977997889780514,82357.0371903848,940.5443938204407,358.25529171240385,4035.4304775428295,11476.598599707051,977.841886456428,BENIGN
4126,6,22701,92,39,43407,42464,1472,7,199.23755560935163,121.97310958021914,355,98,3.8304334452194944,11.145044174663266,89338.11850883716,1.4485791037189197,2797.101299169652,161.2756839929813,26067.10703422419,14.735280743527923,BENIGN
3345,6,411336,96,66,37919,46918,855,72,203.37048158555106,88.66135867394809,869,61,370.5427050753447,183.6683321267341,4836.973610429101,755.94040386658,3551.1046259702457,244.02012278688045,5543.361827250296,325.40816935436277,BENIGN
5981,6,139327,65,24,21362,22923,878,1,93.38366534603361,11.599730891405713,940,74,135.96728060482087,24.573626455480312,18621.145310177373,280.19373075295397,369.9514956478875,3768.069657808012,19302.74840592598,34.93666139064211,Infiltration
2939,17,724579,47,54,36449,1909,577,16,5.650743548160085,108.96039565519537,574,62,352.51354777626403,124.18549279339177,29621.355008498038,846.2407749105945,8826.165551373339,1847.7244628915519,3916.964633519288,838.0481935945857,DDoS attacks-LOIC-HTTP
2617,6,998655,92,83,28322,44918,141,51,427.31014593465864,16.560854942909152,28,78,490.30560062695434,123.93009003366318,13631.676479907634,61.09073285663487,8478.719501261636,2875.128939691624,14179.145238376012,583.5357142675709,Bot
3225,17,692237,53,51,40070,32848,1281,44,358.9259746043557,165.54394955820163,356,65,19.67969534937941,173.94606702173087,48552.12738036356,953.0475977012719,2515.7576984240936,1351.6413488269197,33268.03397214541,47.95185289382265,Infiltration
4827,6,281954,71,43,15448,2083,282,36,346.8165862672049,126.39149307800577,364,95,283.4939162196752,114.53082108513568,79899.69923500546,102.29348894918041,8025.786444195544,864.8443805204986,49565.44475594352,615.3621540272003,BENIGN
6186,6,370958,2,97,23395,46146,1382,41,275.52004336609326,111.39350675208968,607,39,367.47657905838463,86.80228226212576,95118.66926686195,788.09487228041,7962.322578938061,1480.3855877378076,12747.831749363846,123.09639263328675,BENIGN
834,6,679992,24,84,45009,47985,493,43,351.97997901616964,26.693800893931808,408,12,126.67939110740345,194.87615651820911,88958.51770630183,517.8248714219687,3350.7925845907703,1233.5685011199405,23671.331314561463,495.73260772205583,DDoS attacks-LOIC-HTTP
365,17,653115,4,55,18492,17140,559,80,468.16574688607477,57.4914227008166,1289,16,112.56096853357123,45.763095199794,45739.094634780675,430.96439708570745,6970.983318272311,2241.5371911966718,22407.825272310958,669.4129145425122,BENIGN
2369,17,936205,19,54,32481,2670,366,37,334.50849943349914,98.57517942705987,1314,14,30.172752700940496,52.54360353663665,63652.74522608151,280.8756301243613,2899.288522463314,3733.380826438431,9215.840174035999,148.507032834031,BENIGN
382,6,587615,26,86,47289,36519,1351,98,136.22024395408772,126.65670272793761,566,32,46.959928584037804,16.953930959721596,23077.3053836308,841.5281657138162,703.6920826411116,2770.647039634783,30507.351119513412,497.0504077459692,BENIGN
2463,6,660427,75,69,43887,44512,1081,93,287.4272256117445,36.646143748431115,1176,15,328.37495542418077,195.06336343098886,40306.869903192666,200.55164613541717,5048.473541455857,3045.8915396985926,36238.000291630364,457.41092907704495,BENIGN
2285,6,608677,40,76,41222,38029,1043,5,223.95057966627402,1.773255626724679,218,12,252.60530951597542,141.2720417675231,87119.54771604612,721.5200337178663,4383.832081749713,2350.392982290421,7369.501976988217,915.7504769232789,DDoS attacks-LOIC-HTTP
2208,17,151194,50,86,48383,14691,242,67,280.427469900514,68.95203745385912,172,85,15.036113740972967,2.4194174982802075,2929.4602267278833,446.3458593769783,1382.39099227927,1623.6682010140812,37858.65738331426,995.7013945753052,Bot
7803,6,436779,43,72,13036,39620,45,50,261.2171863193484,96.57429091124871,607,22,484.83087937638294,140.8628055158075,53280.599671621,998.4965121401226,4906.042816563854,717.5441268024396,35011.0801734166,654.4744466317359,BENIGN
3025,17,730131,75,80,42099,34262,422,34,430.0937661880901,36.88670111936061,1035,35,328.0229347444025,80.82722222273846,87281.10180692314,611.7876211496028,9493.808081823407,1772.8272955700047,9875.170612572889,854.8591556204268,BENIGN
3301,6,792254,67,65,19658,25595,1495,57,327.6410511736282,98.43310117104116,1385,42,257.7342845080042,193.5099383470683,12209.767286337537,105.08541421994464,7314.200078744113,3325.9930810693254,32450.891779643986,646.8819574369336,BENIGN
1004,6,682873,12,18,5445,33440,1037,56,98.43544657738146,67.69717171385375,857,49,136.36211831321165,55.47750043247861,98254.79473309268,420.10166796284756,7388.984227147996,3668.8871146191022,19689.647251382492,876.2862554309868,BENIGN
7156,6,867582,67,82,8503,8630,53,72,36.193305543308554,91.01793322128155,656,73,329.04944240375164,142.05726774277966,1249.0224834771077,67.23268140481058,7575.75040002782,2345.9077195410678,34060.07624719654,433.2720518982978,BENIGN
7810,6,502748,27,6,6701,31250,577,5,215.06007539726673,69.4915501157188,968,80,182.08393144135638,125.48683007487915,88613.1399462018,286.3699787547254,7446.593438878188,3224.9863729152285,24809.881643270353,607.9898578336359,Infiltration
1659,6,758208,54,62,2773,28798,1288,12,12.727258017575977,125.69356995736003,1105,93,351.2470813312448,2.409994979249741,35373.720713752744,343.97347808622357,199.99445257066677,1052.7054094212613,2416.402384950209,845.1695231534469,BENIGN
847,6,761382,66,41,20399,43036,749,58,162.55720598750116,8.579402198714337,1363,12,341.28596015338206,177.0433858664747,13277.731261959494,853.3234317312632,9246.984666003624,4300.331603619782,39350.479737008274,918.0857202209176,Infiltration
2750,17,479183,49,41,31508,33212,123,85,187.1706273724167,34.18105798885471,440,29,46.37189756206467,27.9225320705933,15744.243943700965,838.1494891309281,8301.547506623294,4329.682253382123,27784.440236706996,24.682733317183292,BENIGN
3551,6,345840,16,58,36019,41925,406,91,190.91649263491234,86.55017382219992,616,56,454.63035415549587,132.71775579956662,70120.86004824354,12.5456627634178,2746.519494922594,1601.6396363626268,36242.48319670804,103.95269228754455,BENIGN
7167,17,853264,2,19,35835,11982,1207,29,489.7782620403269,71.25934311037135,225,29,243.48712580084063,155.1096901588578,87073.26046882785,532.7463363900872,5527.882304861466,2738.561196474636,6312.328026264126,931.1720613381269,BENIGN
4471,6,405613,60,72,16944,8655,1288,99,155.43093410137178,78.32639119076342,370,70,196.47246948327697,126.1855292996922,64110.22471714072,224.32021184767916,6150.4442936017185,3033.310142076096,36066.410905429,568.5087697345314,BENIGN
7171,6,68423,54,16,5584,18582,475,1,136.28761021241752,160.75213897609595,27,9,477.7310718143893,19.422773502731783,92873.20988636168,320.7730049475102,1320.3183461333344,2362.1501939232,20689.17276393892,990.192093933863,BENIGN
5463,17,286060,30,26,38189,35055,1310,57,69.04356087843291,177.26633164947313,1007,98,219.1046405556058,195.0358272509382,84249.45471773934,22.629634240009654,2540.3798051944173,4555.710767788936,39965.35953084592,792.6330427168871,Bot
7320,6,565083,84,46,1597,44725,1497,35,257.9493736628933,49.73375669951401,994,65,360.6104584515322,47.363582904244474,913.0903759956357,749.9961195798677,233.48110240623635,3698.584733965911,29962.30210739611,818.1401837431443,BENIGN
2955,17,413018,38,1,42792,4008,856,71,81.06878157574222,167.2782120572611,15,93,327.5682386249181,125.57295398877379,66946.27214636917,950.639185976649,8639.653248822598,3362.552463043663,17751.557242237315,386.1225076510072,BENIGN
3896,17,418558,28,62,38698,44464,511,44,310.0658828017383,91.75797305807156,1300,82,82.57004904152832,159.43561165226222,30470.42252454211,220.04777327353796,250.02579239225815,2600.4661076785364,10103.8284428415,257.541387834999,BENIGN
5979,6,55941,25,61,11698,41872,450,8,81.80409057448303,54.764123857244165,332,38,495.5713868715685,187.84720198130233,45455.456171923805,342.43109418078467,3187.639682770809,424.2366496937117,40798.049190275735,598.2591739818802,BENIGN
146,17,390742,96,99,4419,496,78,64,290.4532922908046,197.09121420093567,482,36,231.80216114544334,120.80210585118157,9412.13450594133,207.22756073513438,783.3866829692848,539.1068881004829,28014.03125219052,879.0320986349991,BENIGN
3197,17,198884,10,18,5793,34231,335,76,414.00327339144,164.96035828683347,565,2,197.39128620865426,51.81082983262313,28217.095195546324,930.1186149778871,7814.277855784351,1495.0443112200962,49373.52895078693,725.698508708314,Infiltration
3076,6,107196,60,16,33490,23212,76,49,26.049693591950856,198.8506638173072,1311,88,459.8067463766151,167.3278034813933,63272.269883576424,10.346611939519338,9249.902747938808,1057.611341844567,18680.698630568135,472.175140173945,BENIGN
623,17,92864,42,68,26761,20637,313,78,212.77475258451193,33.63815688565093,113,33,264.61916828855504,32.6439931900143,21846.02920432984,584.2784190097441,5628.593382558106,4762.654859539972,34289.10388707398,753.2004760410383,BENIGN
7986,6,446890,40,38,38184,45227,981,31,233.21923877332355,28.76853478957173,37,85,352.5384809646562,4.456485614214123,64757.191460436596,870.8931971610277,1396.5286062659081,2049.0625932586604,31144.815380106276,690.3976232075947,BENIGN
3469,6,610132,97,81,12051,16877,493,97,396.58071102166565,100.67559058884785,453,37,423.1230236310055,181.62977168848033,92303.98675795927,187.12086694123147,5582.050422002729,4383.027193293759,31882.70964727956,913.0514249049291,BENIGN
6044,6,815014,77,70,23237,17810,938,42,236.61823781304437,127.72875200691078,741,13,117.74719786225918,115.0777916109212,503.9810974456739,590.40529607072,7703.6420532873335,4090.3984183311577,36851.6284271375,263.5572231315034,BENIGN
5129,6,533559,42,80,35211,9884,1450,94,285.9302142958785,34.212018506670326,165,63,84.73329259726475,13.92829816226373,78579.21426578854,51.59745676002003,7184.443636057779,4062.8513636854746,6964.022916347873,119.3114592570097,Bot
4166,17,625143,47,38,36079,2723,1192,77,396.6461055260952,172.08613361770853,693,38,34.253402795502986,115.94587742460105,64135.474827517195,814.7705484342416,7417.448339659685,1078.5376257342577,27486.705759473563,470.0511629722638,BENIGN
7216,6,492248,37,35,16664,49810,158,53,282.0804539999989,106.40269573267267,204,53,448.5666496230327,29.002833664489724,4672.8099457518865,275.15469365016526,2792.459251692223,2236.609065004077,25461.392223017207,361.08081086215117,BENIGN
3553,6,632513,80,39,26380,4761,1060,46,182.35820969219327,82.1883666441295,877,1,100.18354737157436,6.2772012793730125,79018.81205314958,988.7646637780654,738.3014883198384,1589.7599582356975,17133.064156636126,974.8611470669783,BENIGN
3387,17,917254,22,44,29492,7630,996,13,47.491927422188226,120.41073458540903,244,95,153.87702203219695,23.304809498150835,22459.858303361736,922.0876108692871,1490.4874218459533,4852.055019194599,21813.151823296612,7.504187666253603,BENIGN
3388,6,368326,57,3,11596,16375,593,47,366.3082366087259,126.99074259445784,1356,42,142.90346303947555,155.02148570119405,26589.39586685526,732.7834539627812,9555.109344304328,4383.72150647835,25945.415711794347,933.3830619797961,BENIGN
3817,6,3796,84,24,5332,41509,257,54,436.21338433026676,8.556656196758826,942,52,152.29399376119744,151.13218096271996,9360.633090112642,497.34579873012024,6135.526356972716,1249.6183048654652,16052.906525118398,955.079222499964,BENIGN
6942,17,126410,27,68,13942,25218,1134,28,485.1819458249812,199.97853334100986,1419,2,334.0305634143592,120.86362698305663,53442.63773617251,766.8225227490409,7279.268159033391,1567.6018040508077,14665.010012607203,50.95837676845605,BENIGN
5546,17,937662,41,29,29309,30565,711,46,463.6669409819263,72.78391536089511,820,40,477.0567793702691,41.865657982561146,49827.391789419984,131.4784384952194,8990.74685321428,2644.5461878891224,36916.24600757895,889.569851145667,DDoS attacks-LOIC-HTTP
1812,17,675773,80,75,25189,37118,105,62,399.7218648724581,12.308529381979238,506,7,164.7267179787702,147.7934131590617,34723.978888565536,310.88943997455704,8527.692910946367,1393.0289256569133,3355.2379545599388,470.77883963144285,BENIGN
2881,17,805681,34,67,5267,32975,1417,18,323.51860646163544,170.46463495510304,923,89,203.8235773293484,81.60905344301352,16883.69323859964,27.869492188280198,2184.800095341471,4122.649832934556,15655.024294404064,766.1507364538663,BENIGN
5752,17,916596,32,87,46511,27073,291,90,391.822772186166,198.60373584246244,1144,95,385.5734920543056,102.15072342526801,83796.9759143616,645.3796169681304,581.5423860429281,4096.156389524056,32689.02019522841,79.25553113494743,BENIGN
3496,17,840053,90,28,46146,4190,331,8,218.88143786177363,163.27170184321804,1282,74,216.16897209384294,179.52813866526427,87639.07922246649,805.732100443433,9251.356880433723,3621.702189146327,10446.560686868816,955.2055941180805,BENIGN
3437,17,45840,89,72,9787,1883,1429,36,299.41422632146333,170.37649797196914,409,62,463.0213839630237,91.57150474762507,54062.55527526007,946.3392679596545,9816.701258084933,3446.5510237802155,28617.909037926256,607.5484750540643,BENIGN
1665,6,106711,66,67,11259,2886,1311,91,177.60640552389668,125.18702284389019,309,64,251.60902537260827,125.27323077029813,24430.09110660182,686.820677865191,5673.874590946239,2736.507537474707,15115.18544101097,898.6943033195438,BENIGN
6583,17,398272,12,50,21400,49629,538,51,166.72106141528945,184.46511564418657,67,78,173.8674278818077,192.3502983675816,9620.045469211409,732.3591489825066,8884.130746462957,1735.5612855415864,42166.63065477702,672.9630942099471,BENIGN
1225,17,469047,40,23,20379,8953,272,56,379.5624277716367,7.147710345493508,113,3,485.78624186713483,90.27797976679948,86855.73130748136,895.5603224567162,2318.9286810978188,4184.692263866212,17505.966713135458,536.8102940564082,BENIGN
3050,17,475928,73,13,12891,8381,589,87,229.69672724026304,153.3447725908402,219,67,212.89093803208996,112.14557963853804,9614.311431759535,936.441650829268,1111.2760071939233,4294.160856258862,11483.532920928215,172.4956843264327,BENIGN
2892,6,773310,76,68,9597,23238,1326,27,110.01982515085946,134.1420456668151,219,91,115.58743559402129,116.8829249766896,1327.8719745676367,491.80625231983606,4998.669557146732,247.54734432083703,26509.887816698676,177.95413020880048,BENIGN
3092,6,328885,90,17,28274,13795,303,35,104.95939016122361,9.916994104800448,1496,9,88.85040739476646,48.14231177455086,46945.06375809049,110.67760231856602,8112.023011418377,1993.0970696203965,6791.669045147913,472.57029195302925,Infiltration
1874,17,588199,73,41,8801,30428,404,63,430.2903189771171,108.79471579529587,729,74,497.5906629141628,147.3844124565905,73129.78948771363,466.9508925622851,6546.881578780083,133.13790225112254,39876.22353057887,870.4422156413773,BENIGN
4041,17,445476,10,56,41483,49907,522,17,340.4914447095222,103.01206915157391,748,49,376.4938465644246,145.3274056547695,45759.125077659286,556.5177890094175,6373.564361269509,4197.386973498174,34004.61228112028,115.21867788185625,BENIGN
4682,17,706773,96,82,22385,9638,930,88,275.2928063122673,138.30684501539534,942,22,204.32989872759038,42.71134829913641,5150.546592583744,631.9132266241485,175.5716233434364,885.4662326102092,38527.740145698845,998.3851496257438,BENIGN
6534,6,587620,98,11,22621,4931,819,34,203.46467431819792,15.506282321834508,385,60,413.181671426095,2.667608966902524,69006.01105104806,989.2952727519641,3175.6114307585476,3369.333824082664,19949.921207858257,875.9122565014994,DDoS attacks-LOIC-HTTP
5051,6,801949,48,81,42036,42623,1213,67,218.25460843962725,161.0557570656824,1321,46,273.40306475724253,199.7883141136906,64236.83872957951,917.6456520754798,9395.01836943829,1786.8790884718499,41751.82065860854,392.5587706646535,DDoS attacks-LOIC-HTTP
6050,17,680189,20,16,7843,38492,929,77,33.43042112649718,27.880688402300933,929,2,158.69478681663622,116.31754659213793,68156.15781514425,396.96783854298275,1343.6011216297175,4080.3272661608253,24682.471055550293,253.11833075776514,BENIGN
2728,6,112592,39,29,47023,26411,702,38,230.18052170958217,83.73292269237453,1276,16,371.6929043679797,36.20640847520027,21128.137109991454,114.34023258443914,7263.9330859263555,2548.4345012688227,4744.00475566266,921.9960951656542,BENIGN
3522,17,30199,60,87,15764,45188,244,89,398.75018075793054,176.2576015003272,404,21,372.9473694415759,56.713096502935876,79571.88393042845,215.57680662444835,7593.352226926638,1622.009622257784,11209.222157102535,123.2116192366357,Bot
7132,6,753594,66,74,42058,20534,961,7,197.05330764718454,112.10632109909928,491,90,250.08461459206748,123.55840844181998,47922.02949269586,174.62582321058713,7328.599598679695,1619.353336253702,35555.52954839569,347.2899354191645,BENIGN
1352,6,423277,65,98,12587,36828,1370,87,194.87272000891267,75.91818275094685,356,15,22.579170177748185,27.52311620961607,53639.917530938124,356.6567144218476,9892.859656107663,1634.6362121078894,44822.15071743705,83.91234849399365,BENIGN
7324,17,930206,51,22,31105,29181,1041,79,12.779708594547461,9.640448409167357,1451,79,38.51124328683381,7.456127421791292,54587.542665328365,876.6127946612868,4092.6729053078957,3942.896084596515,4768.327765006248,953.4622797312103,BENIGN
221,17,642862,36,80,21258,37533,1476,83,231.62845496624396,134.45470344034433,214,2,394.3747395006356,159.69596689094868,28687.775642749388,438.53053764257055,6822.251728697984,3555.5779941333676,43212.097406949615,617.6229486753873,BENIGN
3527,17,271500,24,0,35292,19996,548,14,17.542138209243596,197.3093530613568,1403,51,411.7381879941066,143.16924887038337,25020.90909266086,567.7100940264593,1937.3574787246398,1596.070536732665,39955.5007606331,336.17964467343876,Bot
6476,17,479436,27,78,36747,6553,829,6,287.32296686433676,182.35927975167658,751,32,339.14487428859115,61.920329626596704,486.5653868488248,179.98770796387615,3997.6994487950083,2451.040444718015,17834.487388654423,275.4831653703942,BENIGN
4232,6,767976,2,31,31901,40146,1124,16,255.85777388324547,143.45921551468558,826,41,419.5342877088415,11.698275554913828,39667.06810211948,493.3554327034121,4916.114463728832,380.76692764662687,34466.94745178885,444.0942935430248,BENIGN
7853,6,559069,31,8,24134,18073,281,85,420.80420696737946,21.058571651189006,1237,1,359.74373517880605,97.25418216961552,48515.44736406716,873.7540936788916,2149.0605834591556,4137.501341797116,9355.697676638645,91.37847700727086,BENIGN
5052,6,91428,57,14,4576,7130,1038,85,292.981402408232,47.88801868007884,1121,38,448.467310254458,55.23725798511179,74282.94652807331,773.6898002545587,9068.200612846238,1329.7740472187297,40671.53106369794,889.3489302320821,BENIGN
7990,17,742900,78,27,2206,29405,1252,63,165.09654088449653,37.36980389065741,527,45,75.19913630664016,79.55584346272954,6672.029824820555,82.10952508322258,7162.262106843156,4446.125709193484,32870.37770223204,510.940376950727,BENIGN
594,6,982393,66,23,31125,35954,1151,11,260.5343496613725,71.09232805112906,915,47,193.87076416343675,54.79386927512058,92399.70134574715,862.210196481365,2838.2939231568553,2983.9834650646303,21947.08067955858,725.0981246833043,BENIGN
6407,17,305605,29,59,49951,5789,602,81,351.3546460962098,47.1034455583071,665,26,232.0553969454096,35.05352398518487,26403.20724002168,274.5542693225066,1350.429436536645,2839.1008110802118,43227.22060417969,233.74584169443213,BENIGN
556,6,457819,15,34,19869,28930,985,55,51.512078728139485,48.88788919433864,709,14,148.8318973791068,77.39795736727777,36678.4018059235,666.0505330906274,2879.385416896655,813.5937115711079,6970.332720032068,503.7492608766879,BENIGN
1645,17,34640,12,85,11355,48890,124,45,312.43167379286473,123.34598707508113,534,6,362.68322407472203,192.97882469556308,4845.762934870228,147.23652223758862,6230.230837048601,347.67679795008223,42290.82376549078,211.08613632695582,BENIGN
2142,17,157708,28,26,34087,17529,272,46,458.73000957909966,63.74053119227669,553,56,456.2194063445701,53.245573401993404,65317.10971770415,674.9697257157163,8264.259974464547,2763.082904909134,1204.0814620481679,816.0946146205971,DDoS attacks-LOIC-HTTP
7993,6,84800,84,82,874,7942,1339,78,153.06949633746598,135.43257529449463,327,41,206.24109963463815,67.1933288093969,70895.19051101278,36.665727428306155,5032.17940229455,2339.9456162761203,37662.48821229654,775.2750098410392,BENIGN
405,17,980647,24,75,12065,7548,1455,15,315.1794219638241,189.5779318292361,901,8,470.7709822989833,65.84840670492613,92879.83381680366,601.0440563691476,1025.8442403716358,598.4151678863132,28672.470196500937,148.20232419639945,BENIGN
3301,17,340776,21,19,38167,49712,216,68,411.55807792337055,127.6955833226478,1188,5,258.38445357202835,96.05776395810805,33689.53204148973,646.2942305905829,2493.8993492444915,4177.938612590933,34839.19642829826,74.50690073606626,Bot
494,6,712035,10,64,19757,18296,312,1,258.34416673211894,150.33133544207425,1139,56,261.2578134080256,168.7011077585567,25744.299300524563,245.25221734500508,3452.094049976134,2086.2005958785753,20623.10284129597,824.1967365547196,BENIGN
437,17,389870,78,84,44494,32244,121,91,360.3998693400905,150.31608305656758,149,75,300.10977033887826,80.424518309929,72611.38949205136,937.0391136207695,6361.726400856555,1302.2890019544348,43223.41188334924,109.64790473926378,BENIGN
6510,17,396187,18,48,11988,296,1450,53,158.95011755218374,66.1405576798622,1055,29,134.1655325596627,161.22959280660837,70683.02083540836,46.92641481327899,2467.1871102413907,3941.360465731942,15664.319716749265,548.4839806853354,Bot
3620,17,46102,88,0,24609,2409,1318,26,156.49893419794665,2.9915989186870995,656,54,191.6802595675185,23.002421886507427,93713.03454476016,891.8176174581539,2340.049998146265,4565.320783884685,13755.014707074386,534.4872979314069,BENIGN
6803,6,49912,14,9,35781,34229,194,30,335.4540907902875,11.009592598842888,805,83,276.61872644274735,178.98144093642264,20539.80923708606,382.5155901548884,2862.732484343321,1529.8135159452008,15094.51478093464,202.94406813215605,DDoS attacks-LOIC-HTTP
5054,6,415942,34,46,46952,30846,910,40,354.1773926168745,56.41205017691169,292,83,470.99144278663084,37.060816704786916,70532.20934322657,714.2008269608034,5925.697915491036,3879.749427008236,38720.448503700776,591.3564658847828,BENIGN
974,17,715439,58,58,46550,35036,230,35,468.8198012585112,137.9086367315196,918,53,321.3462892276092,7.840299816505492,6696.18903316353,651.8968789205876,4926.810209137729,3262.598285042567,24769.63365022211,502.75520746460325,Infiltration
4991,6,993661,76,95,17625,39322,1477,46,116.29509448539739,181.33662772965852,688,26,166.55827894435475,31.67089607541267,48042.00699465429,169.0779698119675,8416.517897071106,4948.638918770459,26858.89543944879,509.18922237313893,BENIGN
4878,17,258006,22,61,40737,49159,1150,42,236.7677100635447,191.75965243814926,956,83,5.234286658251319,38.14995825813039,11947.883818798178,319.6802763142689,6979.625211818715,1019.9635370561377,41584.45436625867,359.6999764246691,Infiltration
5318,17,109046,70,85,44758,27167,1103,64,129.00416921612623,5.16973276801469,1200,58,490.83282496495286,101.7008255226718,65318.06734956624,530.1438074316213,6668.551897691349,4803.394972532272,41669.94396030742,838.4285569251673,Infiltration
1225,17,66768,36,17,39359,28991,907,49,44.645619635721474,198.01744912655423,1084,6,246.49227890919772,89.98765855061114,60150.66150155166,846.6637601142222,1547.3459699841317,1576.3602835494482,8095.2878473765295,84.3705628682494,BENIGN
4779,17,99103,45,45,29387,17801,1103,92,204.5991113340064,64.49944367133875,415,39,469.2475791653855,143.17488338634172,4892.805033636565,954.9052158595333,553.2227583232452,2059.7714903548613,27492.88596768697,438.62304784866933,BENIGN
4140,17,735530,36,31,30041,7358,631,0,190.16996990766063,168.59124564702307,1406,93,274.6726169175264,10.190217158732695,31968.586080249766,21.566046703904515,5100.4786467281565,1794.1290707276742,6309.650139625824,259.81635816451967,DDoS attacks-LOIC-HTTP
2010,6,220562,22,26,49583,22588,436,71,138.86488939118303,36.059092139356075,597,71,302.73243011114437,99.5412502752169,39509.412891352506,353.2056972155376,717.34501204999,1342.2534854418793,43427.73827502594,848.4332519621813,BENIGN
5319,17,829530,78,91,42743,17671,653,56,152.01247111401113,12.579651521371837,6,1,355.95612795198605,66.49424538467616,24813.546348601314,668.4757806578801,3640.8151413474375,3466.112907151468,41851.91504785592,225.08048405255354,BENIGN
4825,6,719274,80,17,11770,17502,577,15,183.40384414388268,75.6710848125375,917,13,160.4878668322028,126.1412664182017,3876.6177014408254,528.2017038094244,262.0973712675244,2945.726603629223,42468.949422474405,767.0248235658,Infiltration
3592,6,628989,61,38,47700,25128,452,27,494.4746282261463,171.7850777061386,84,9,349.49198033751725,8.739944825003686,31889.001391644822,943.0790937409022,1768.912957321882,1528.4597284604822,35245.87643399454,611.5153223922026,BENIGN
5995,17,963211,56,48,33724,31645,610,85,392.56409415380364,44.16498317556321,773,49,263.39595492569185,6.986961783631873,79264.56389606834,17.952465101411843,1104.568319023584,661.0622825913814,23349.196529062392,874.7902553800294,Infiltration
5300,17,270056,89,92,25772,7637,1170,81,40.34359453801894,30.791465150368435,956,17,336.23997479125336,85.45032027925932,36017.30776827834,438.30165921901823,8010.049054754771,1586.8781886660338,20242.014104963982,593.793942921077,DDoS attacks-LOIC-HTTP
6340,6,61944,96,81,34342,660,513,21,436.8445223609174,181.9608657900381,1421,17,417.91663045492,162.2678958403024,32343.741825882986,669.1350439568176,3461.9153995089705,1906.1565584192492,19767.27595004136,556.484366403514,DDoS attacks-LOIC-HTTP
4400,6,725553,33,43,40110,41675,140,40,318.4851465673423,187.6674405242918,1416,15,92.11456513599198,134.21881282705493,94175.89625977934,218.36613015408798,789.3863362016942,1903.2672156053504,3319.977302551957,801.129939581513,BENIGN
4178,6,395495,45,71,4954,6922,227,75,445.843911260345,2.5096398377817852,1070,51,306.77545516787984,3.3412183823131825,4172.6555642629855,726.1455147288334,2655.536565192253,1786.2976688129522,47444.0256203609,562.4864664982302,BENIGN
5118,17,699258,36,53,48835,28161,697,18,174.14629512946297,145.48714748309632,1364,68,26.05566430491829,35.69441884282447,76731.14668224189,82.14739959308719,6828.398052613023,243.61253111568448,22519.28007960619,844.5420589800381,Infiltration
4777,6,74701,20,94,13887,44721,180,88,234.9368380818008,61.84154730586533,605,51,51.05754447451844,45.346292903488596,48314.528895451855,451.58749095183407,7456.607086451382,2320.165539507585,46506.443814926184,49.31802980911759,BENIGN
2733,17,925879,18,33,30000,3970,621,49,448.63239336751366,74.94087399343792,425,30,337.2971178677935,84.61178550903894,94446.80612597897,676.558721234514,1199.5314333653641,4181.040486226535,43964.084382694724,495.1498536605241,BENIGN
2223,17,968178,38,70,42917,3407,1001,58,139.92370227727233,93.82059499029798,425,83,35.46882590415973,117.3431367843599,39353.13970889754,267.4903711122411,7785.885832899401,901.8314592925924,41432.2332857228,812.6915133777428,DDoS attacks-LOIC-HTTP
8069,17,310101,67,35,34086,27843,1162,68,458.17293374148056,85.3581940349039,735,22,297.6788899069869,43.292034779457936,70807.15327718212,74.77257125758753,3706.221023012564,728.2867171372636,29419.561152693037,848.3651469155346,BENIGN
5608,6,387799,23,17,49548,9046,66,33,415.1073575114133,102.99475699642105,790,95,110.00629932569272,76.50284489445953,7002.837085407579,957.0645881896434,6794.147306681099,2359.255276224056,5086.778738672522,834.0553774093672,BENIGN
3140,17,494800,96,37,3268,23800,1214,38,490.3761807501002,116.47234314800326,514,41,152.042414255874,116.78867879875283,92877.95483413227,913.9092057664674,6715.406385180144,1853.0150607500573,16202.333363081292,604.3813196115638,BENIGN
986,17,282944,16,58,31639,14547,255,73,165.50750557309973,93.11910096758484,1152,80,64.8182510737132,76.6870607803298,34460.82125319127,926.4435417001212,7936.133618055315,2806.403203567754,30183.274602210757,993.9713421401017,BENIGN
4964,17,782315,59,8,37589,37528,153,6,121.69782410236779,140.3127080979035,1272,61,124.33374308641964,28.633884276926437,52405.21753267081,978.5238809144303,6972.130620310153,4735.371548314946,682.6558626494077,181.3863078056812,BENIGN
5223,17,432780,69,72,22968,31389,1084,51,168.77911403763542,143.7203325684284,740,76,410.645892409664,98.33222510764472,13856.776060209082,185.51335635696017,389.64469836832967,3804.4312516640234,2141.119374288194,174.4575793875347,BENIGN
3452,17,173523,68,71,39475,30346,377,59,477.55164901442396,88.07183948523902,130,49,319.43920280326375,64.79883919076109,94556.33154331188,158.61822179465278,5195.291627784593,3435.290765906489,33886.392476206885,32.822674524508265,Bot
708,6,93430,21,50,20327,22748,1492,51,169.87128154620606,28.492629617421716,322,76,474.87989735642736,172.83767251096714,67300.31068895005,35.180371621469355,1662.6455535362475,2079.684721968393,44411.260546577294,989.3371762556226,BENIGN
4263,17,225491,78,34,15785,46233,227,78,284.77985087883286,128.12778426402454,822,80,24.37242767687764,155.12498161876687,5404.2082088428615,891.9309648301646,9699.675410389409,1436.7991819081744,42759.60483486694,348.0205075556708,BENIGN
3721,17,213706,95,81,11049,36855,625,23,204.82124488032454,154.5913424701418,542,14,396.2059985920343,38.05501844673789,15529.125850136545,753.0100782948161,2559.089550572467,2701.320516479404,8415.58237110583,762.05417953877,BENIGN
361,6,407185,78,4,29107,25848,1290,25,201.12897151848153,127.62190424078995,65,89,349.5385916397123,30.527158266168875,39989.401424288546,633.6291487073756,4201.653405340962,4427.217638306412,45562.560295091134,59.710312775479444,BENIGN
6639,17,191487,70,13,34217,7607,1189,89,100.72241189013232,117.61095316936311,717,43,130.446152598768,69.5353346629,21684.933528303332,927.7484830269511,1967.8248155826006,4383.712552556858,34818.14701055702,298.68810632995644,BENIGN
5202,6,241233,12,91,22563,36787,451,89,270.85437269480707,45.88239824692126,1124,91,364.58335140529226,82.43490008871848,30469.510695937894,575.5015378780047,1346.7567490458143,2227.574743746086,35819.134456740925,623.8473413949016,Bot
1744,17,487004,16,29,44412,33583,850,9,425.4551062087674,129.02740816385165,30,41,358.2742749573101,186.4036302649456,99749.1411760089,130.60102197282248,6009.695076436499,1231.101766182683,15209.019624863371,524.780096099265,Infiltration
5499,6,414270,81,3,65,12563,965,16,29.495081709166048,66.97124291524239,884,44,229.67260152937192,60.3241474170666,65868.28322800876,177.6876104600729,4932.303307766465,1126.7222512543783,35802.67881643408,207.74823969588584,BENIGN
6724,6,687015,87,38,23171,46060,708,77,445.1671638633937,183.911772562657,190,93,344.3198094268545,173.51687059369831,92222.53805542205,133.0517464077584,3747.22268129631,169.94208379687737,35491.51615641877,461.59291279217786,DDoS attacks-LOIC-HTTP
4442,17,325597,14,83,32883,48926,885,1,334.40911774296325,130.74401855199616,414,34,222.29045150753262,101.06185587074314,43585.479501684364,308.3503547103095,855.1048024931015,4213.321231479733,29737.329625399863,108.781991871846,BENIGN
1812,17,475506,61,63,35979,33690,785,76,310.28534988457693,55.635935341660534,746,21,167.77279802893608,177.12474511147792,71031.12562621188,380.1173362805002,7359.85768732101,1324.1901691664398,17870.847278919588,542.7034722495039,Infiltration
1779,17,438342,71,24,15194,45697,771,26,314.82061529737615,94.58538187278603,1069,73,233.24548016845807,140.3907554657173,45974.43231320725,797.0422256200028,59.55712268629063,1794.9957050308335,40552.611739871194,96.94144305507012,BENIGN
3232,6,363016,46,27,679,29176,954,72,151.65356879746236,169.31625517700888,1112,74,447.5647407463956,141.67779362187378,32829.17204007386,192.0626575338981,4577.158221704854,4046.080704670322,46876.521719633645,635.9354575595127,Bot
1009,6,178148,32,75,12673,14925,932,70,210.4965294148024,67.0927902365295,374,37,192.2918964301091,103.75949749922957,51922.12291864062,725.6397876908584,6326.087235972546,600.1202588645522,43495.72236709955,155.35757808021177,Infiltration
2282,6,998182,15,65,25328,21251,944,47,400.64855292258625,105.08811403047622,1269,96,201.84408872833194,168.06080831562795,42736.831068330794,491.73727361239315,4307.67764525786,2306.1703940714974,12156.52991871077,547.0858922679588,Infiltration
2502,17,353746,44,77,33744,17648,34,73,156.65861328346335,135.9339946503045,557,69,304.20161381102514,50.88496104833913,98054.25946158257,999.6602612071446,1262.9636301280304,611.7068996066644,22289.234714192306,129.1206798232194,BENIGN
8078,6,376187,17,21,16701,20108,815,8,237.6600037384849,150.90586776534835,1280,63,376.49973771681067,181.4702543033738,49621.678857587925,776.8058785838242,7782.720611964165,2209.242847556623,17127.293471183137,400.7104336715338,BENIGN
971,6,372094,41,30,18532,10979,773,85,14.7179743368884,34.778435012948975,1375,6,367.3104301555782,127.35517100719345,81113.20215855056,968.9840356646395,3240.1155790839134,235.6978681436639,35376.902714978576,351.83154478645906,BENIGN
742,17,569483,54,22,11666,2722,1093,22,368.11138470307577,113.03046093545781,1128,43,9.899365059078624,87.74178029850515,66685.27863490189,343.009150133693,1348.4207562681486,2588.1141300672757,41576.20198017361,756.4106998330192,BENIGN
3409,6,145442,44,47,15903,5355,443,70,211.7625774559098,182.43998009924027,1360,75,343.7076665094266,196.4379806831114,47967.92744937008,123.92714297309162,5503.107881649292,3978.5485953569437,10797.648660649042,641.1616446142615,BENIGN
2099,6,686368,98,19,45867,46069,888,72,265.0525903944339,193.6719563019388,1324,6,225.27702404946342,172.40282138232803,47420.265745908946,506.38990934006074,192.6964040825883,3381.483373955752,47364.30401227439,937.0888204029905,BENIGN
2737,17,802055,5,37,16503,28799,1099,26,61.771212316325524,131.22900851187165,1100,65,262.0449837772287,154.4042025663399,34195.59280503314,125.11523438961054,3241.3128437586997,2545.8450478870027,33869.68337364542,921.9106519518642,BENIGN
2352,6,62533,27,54,3642,35318,919,87,495.89854324978126,196.73216083199713,1253,59,280.8316684714896,54.780494213788764,10707.11094512929,492.95925315720274,7506.6730535644165,4143.793560745777,10930.209100127762,724.9960285613629,BENIGN
3396,17,964672,87,67,30346,32705,574,92,154.72157435749875,114.14704979522816,577,0,365.8598085541327,194.74814008647954,76149.3182004423,270.671085149205,9127.20058231238,1138.9398747959651,18561.019619258263,770.5857405897918,BENIGN
4544,17,544379,78,78,23122,43909,115,80,319.3198824902429,88.52100595618666,31,61,415.66649180415646,148.59750056519115,91810.29837212189,491.5561652156586,5917.68286694544,4153.981424921393,5239.296834246879,624.9124165770845,BENIGN
1520,17,273019,79,87,38462,23070,105,83,292.71199070296035,110.31749178964918,57,86,323.130472316118,121.0434568058083,21803.305917465164,949.6865674183439,2176.8982423874213,1381.8173979408805,29857.478561630134,691.6632307447195,BENIGN
305,17,471117,43,88,13276,11284,177,70,393.62064094287024,23.142478852704418,1127,88,281.9536104030006,184.35984580266657,92568.09265798045,289.7450301592737,2200.7815069907506,1812.4317060038093,8467.884224403277,617.2223686334285,BENIGN
7331,17,347239,97,0,16950,21737,51,42,150.4492930328705,80.34318393707755,311,17,186.88462740635092,32.43633638582584,23238.098763647235,993.4406153201916,6039.112770459761,642.1510083024623,34657.56600877044,311.7650313013912,Bot
3515,6,978854,31,6,24013,23241,113,6,379.18403577363244,91.68101060610574,1090,6,68.93910961597378,27.80321055285535,53012.60940735768,230.1001399346814,4068.2103066804584,508.77378181109435,36864.964693800495,350.6895825380376,BENIGN
7206,6,147845,99,56,32882,27414,1237,91,194.3383566894385,169.72555974419564,689,53,479.288840822432,112.74268287815204,34368.76339275251,208.90027061803636,1773.4657234602596,4660.5575939279,23971.94756798835,574.7338279696221,DDoS attacks-LOIC-HTTP
2085,17,647196,17,94,34825,20895,529,82,208.5246780939428,151.72971854848944,1397,66,230.9211461626538,11.342719326622142,11459.733503366699,545.2437344761901,7874.18299969753,949.8912359248868,4699.900389497823,720.1769273948162,BENIGN
788,17,682516,92,11,30879,26771,291,62,337.9927006109512,120.28531704496015,234,92,283.10612224869664,132.79737237340314,5293.309111805177,842.2028933777694,2003.2301219758042,1666.4807753097382,30547.550766677847,406.1190459657762,Bot
6753,6,137786,83,4,49307,1384,1076,83,393.22145701153204,69.45544697525399,642,9,375.53656971820857,48.148227623123965,36540.9997491013,749.754015662561,3217.086705649337,2645.758494749666,18616.54055366948,142.66780082675456,Infiltration
5510,17,7515,54,49,17267,22689,956,43,335.0989848796767,37.40691713853141,1135,60,34.205242489914575,23.805315588614274,4743.913016298501,723.8133983606691,615.2329583422644,1739.3356630156425,47482.87708599018,459.4171683526067,BENIGN
7362,17,770426,62,41,16692,27475,1143,38,450.44036268272026,69.55300418292558,1412,58,427.50550450186574,81.8991699582956,10429.601689409752,283.35030821097877,7014.019758913518,4350.666416893895,25665.153278035057,963.1878205350558,BENIGN
3077,17,437200,87,11,19632,8252,1243,39,146.15371960748334,135.9608141918264,1431,58,398.5128716712037,93.18992527311273,14238.334904010442,23.49425929425344,2753.50399809387,4503.5738172338615,3622.580782520057,214.08686791737418,BENIGN
4309,6,934568,32,17,30418,30844,758,6,450.8052823904649,52.607559817006624,1077,68,387.21429095492056,34.09697277921422,201.5514608381155,162.58654185410816,2329.436756521063,1629.9522869676032,31806.09366902699,649.069086960794,BENIGN
6665,6,955330,40,65,8847,30151,840,69,69.77744534197245,85.37733914183319,801,62,10.991353367204193,8.307054191226438,15333.689062206908,350.1238278380333,3034.279501936512,460.1384808335673,38969.89158929966,982.5417981636639,BENIGN
5103,17,778593,13,73,15417,40006,58,24,331.4675079198404,77.3540469763364,238,97,263.2594257052071,82.81111824776272,57732.09525103368,971.7120668196304,8741.431199194107,1050.7911700358852,8033.5354421860675,376.23771946062965,Infiltration
5252,17,299288,84,78,29319,23365,124,58,276.07717243318785,153.11801275821205,1318,7,27.13418536621842,151.905267197686,81954.1169783727,919.8576805159057,5180.667686157834,2371.9646036753193,22458.377643575874,887.8836088416026,BENIGN
2181,6,712609,35,93,6392,6026,1188,12,249.8447905057168,176.75741245202886,111,77,275.43628942364563,174.8399541202043,19351.061641212902,201.44394267883314,1579.6894139420988,1442.4052111686392,37162.41569235869,864.0087171760214,DDoS attacks-LOIC-HTTP
3313,6,168716,5,16,27664,32767,512,85,158.90145428677826,139.87419136219538,1111,54,359.22416312776124,19.50965882581994,8096.451658711553,725.8968555067111,7745.0343919595025,2267.3611876577247,1034.475833290153,339.0449590252036,BENIGN
5817,17,50076,73,67,18905,28523,995,80,254.34770892757592,68.32045218660683,475,5,60.925125129211445,104.93509260225102,72954.12470160286,579.4378400464781,2085.3240030492234,3793.517498604363,1458.2001069078783,98.51732511577393,BENIGN
966,17,425568,29,70,33561,10482,80,85,85.07781141042811,86.63540979517745,303,0,347.4415527386443,52.68059776127696,826.189518607031,50.79280743763853,4125.349005747545,2103.1921688784428,33848.83422347424,178.53915456678504,BENIGN
4946,6,266076,70,61,21386,46569,1021,97,187.81386738477943,28.670030810744286,1328,55,224.7664229926536,74.9267739205733,73418.86858261775,372.3339056872911,5681.19011665937,984.9872810396931,36259.07365127158,365.74917810145547,BENIGN
7831,6,221983,25,40,380,48888,1369,61,53.84705415451932,33.61948955332197,289,96,405.77646533891,186.6883659519813,13120.41241432946,486.58766662553666,5844.84470438237,1789.8382029246618,42295.01317161288,959.134308945273,Infiltration
6036,6,211609,95,94,48686,48348,76,7,288.0640668942282,32.858513505303,207,74,266.79446969015055,70.41495458912938,22836.223361319153,667.9065492267517,691.2521329562064,3714.9060907426656,19985.994791473444,274.45014504809706,BENIGN
3355,17,497065,22,33,496,41432,976,44,52.40510366881534,26.117271512262043,867,87,168.06076791732437,73.06918603566537,12015.790389694073,295.61021089842905,8368.208112538725,2120.3106010688894,19494.935485624825,926.8647459271657,Bot
7088,6,820680,66,69,23772,25108,1246,17,84.37059873305701,35.916245701826035,581,9,165.9957817118543,41.879165148998254,24741.342323568937,933.8848104254278,4794.828168618683,1247.689264855193,27622.87495675558,181.3646856171145,Infiltration
4170,17,978844,45,44,26623,493,190,87,47.30606673630325,40.53764051567153,369,22,448.743260003792,192.0036836051711,79819.61208679488,452.4271776469659,9892.61773647921,2137.058196036659,37868.77448219621,969.8124256912016,BENIGN
8058,6,763629,69,57,47278,16465,622,59,193.7487667762786,22.36918875952658,219,15,226.43579229256616,91.29747133205667,13263.085071456324,249.28109449284815,7174.706637067974,2274.033438413299,32053.19992494158,293.60453539799715,BENIGN
7830,6,518923,91,50,3206,39767,706,59,421.7694349370825,128.0521443768454,1254,15,202.8769485882105,114.07842681135259,99416.62157303045,317.11165916000044,9925.696473934899,1481.886023885241,16372.891959154194,633.0922634412057,Infiltration
4915,6,219626,89,33,42330,29550,612,1,453.91371385874476,198.08030691643992,801,55,19.93681114895779,90.63361846027995,32716.506632018212,752.1335431903452,4535.299005403031,4978.425445965195,17333.89734922788,69.691224470533,BENIGN
4893,6,898762,72,43,29411,13833,257,65,40.585280027006625,175.8373489304512,818,94,182.16230255770083,50.58381535277283,92197.5928695778,640.6450822069887,1408.6732909995394,3838.1300944432865,38152.61672899963,299.6641711873148,BENIGN
1501,17,347320,1,14,35039,2970,1247,90,319.10231972650536,9.120544765217243,348,5,424.8135274722124,162.08252262819738,19011.40765275631,742.4358434243343,7273.366460919439,3462.2749347704657,26736.98662146255,210.7104063783839,BENIGN
1921,17,994720,84,77,10823,32779,368,13,343.7707851730763,84.61176183934495,254,29,380.49382826630455,5.694245175364232,18797.87301924073,293.0494834955789,7777.8250645486805,4274.33492285072,4907.829017234673,3.416668683892232,Bot
6325,6,971063,44,69,41926,29958,258,47,269.2161215038519,171.86211584655447,451,62,110.45660139829988,138.04868601833874,56537.91494747695,327.52176988504084,8528.499843557074,3332.0959788272303,7658.217758072968,156.7697877173242,BENIGN
3471,17,824934,87,49,8582,48319,647,55,335.15750642742523,26.934963598399285,141,0,206.5283116067516,118.8545621198705,5069.502489618747,397.3223974342343,3015.1888070375007,3954.9017152755605,42561.00689315641,593.1036498371909,Bot
4084,6,713187,96,31,47786,17145,959,11,120.67690414433216,169.52902933040855,1092,50,98.28983804087443,28.856130137749837,80102.27973458293,189.40440549650899,5107.329157169154,2062.6282225936147,49940.18355060761,389.9201732046589,Infiltration
6250,6,38678,75,66,28235,35953,1121,95,247.37388485041296,118.54012756757986,88,88,477.1084084173534,33.18100886013789,43967.1289142987,691.3535003913119,8575.19822803062,2501.858849546639,16790.788458005332,722.570981371435,BENIGN
74,6,614841,39,2,45863,49177,672,91,198.4835452727351,186.25971051922235,870,45,299.0589392677678,131.84511758017388,69922.65537055192,330.0201645637708,8647.497629882379,234.98191651424693,19341.216061225703,671.0746003070071,BENIGN
7663,6,415634,54,85,49400,1806,185,54,49.405435962617375,175.20782285288504,1159,20,377.1773962742743,62.42775833265431,17471.47402756698,326.90998791779936,257.81274671835297,1403.2319570440789,7732.856359231416,799.2995090079187,BENIGN
1843,17,862247,88,85,32285,5664,732,27,314.65043766263204,135.4068644117435,522,98,356.9043248383895,53.147615633135835,64239.311505111174,270.09560491725273,6709.496923750862,1840.06204616658,11793.297072180474,867.0250230326292,BENIGN
5317,6,208959,75,73,6853,28900,435,88,250.1315203724154,131.5645319745391,659,37,436.84468169504174,11.831219107455858,59411.124728625844,453.3749768967239,6017.271808358248,3127.3511270966487,21237.245990336636,819.8255031236617,BENIGN
3482,6,111535,29,50,1115,14126,780,3,141.21114331677867,42.63284047838163,950,68,474.6638892727297,153.29661786455685,75568.56857927519,772.2041031549765,834.2944358346972,2321.056423969517,14226.63832409402,448.0608397183847,BENIGN
7536,17,740489,54,66,43219,45662,712,89,239.47420389966885,23.35059343160171,909,62,16.223086887862227,176.53438706012906,29747.15525217055,835.7730967528151,9301.430659040083,3039.191312116497,35074.228480979844,308.72773036550774,Infiltration
3099,6,151638,90,75,31649,5154,90,35,388.772519106764,83.07868599375968,441,49,487.65058994997617,163.96887034514677,93317.2258414012,804.7033698055435,4454.277566131862,3566.636672569409,26897.093580793364,502.3024629684717,BENIGN
852,6,882274,16,92,42497,22208,936,49,401.82059258999163,37.316007898624946,37,11,435.2712315529398,93.20682390000738,96130.49392887924,621.572384034275,6742.902843563926,213.5933383383526,41116.63344337926,535.128506638042,Infiltration
4428,6,45575,99,47,18061,13767,147,2,326.51543373093773,20.48334353555179,1231,68,191.47370434904815,106.7912817161125,86813.67988602327,281.1471075232199,8828.095157235653,1291.3887350180726,36229.00063677378,313.174516941889,BENIGN
2826,17,846674,20,16,28718,20043,1466,0,236.53517753308108,60.4653466545787,209,72,418.53462127853527,48.45523879693767,57207.65627839258,735.1203506025694,1302.0805875679864,854.5193627236619,6413.74959190442,540.0065451397683,Infiltration
5974,6,740620,46,6,35469,47994,479,16,289.9960714059048,172.0979885593297,512,43,368.27899116547474,34.57094788375723,42034.624183428445,40.32257980038658,8558.575591903835,937.2755958548562,6178.21438918017,105.77965216463159,BENIGN
6123,17,157736,67,12,11874,1525,359,70,195.58260882103048,3.4296308036722456,1383,51,396.5571883448459,164.60023497826896,5808.661932809786,798.3542549031379,7243.331991681837,2515.6269781599576,44783.47543898778,231.041795015288,Bot
6122,6,153584,65,65,34774,33528,1159,61,67.64538978214793,58.52753634443513,1024,8,110.34551641952767,159.66883210896606,94723.30786808435,780.447336502508,8396.083627249636,3699.893882499626,40977.366859990645,746.0480868905556,BENIGN
2510,6,93626,58,3,1435,16978,1342,47,195.88219570611548,84.81043704289846,980,98,324.28185096783267,155.4719656873784,95178.6165563997,670.3311120633015,4948.862216033532,1363.8851696268866,23401.186984903816,182.83222832374003,BENIGN
5906,17,51101,53,9,49156,46648,1263,61,267.51471425446897,102.1139499230573,380,64,12.962947149645409,92.67186127952695,1878.6586134185886,98.82752453559215,335.81505052390776,4122.246190678561,6526.903097350889,139.03784824340016,BENIGN
347,6,844181,1,87,6859,1055,1493,68,301.42283725203913,36.31550167659785,827,9,424.1145662764244,172.90155216891182,35695.1857886056,997.3439941927693,6705.487921262608,4462.282586042869,44929.82877138341,287.3431913207635,BENIGN
7241,6,192129,81,16,36025,10046,1378,18,468.2214831470373,192.84403996760622,858,45,475.5214862378945,185.24641387016294,88004.8364621436,756.6527832085942,3745.949751773326,1752.6693601017619,11542.720863222745,371.04911676125306,BENIGN
6924,17,428833,66,51,18986,35851,319,33,389.780055290155,115.7746087144379,393,99,331.06172031764396,65.66886893068894,8094.394783631434,735.0720241768851,4024.7559277944747,3406.782694771126,1786.3833837364389,328.5486844482154,Infiltration
3330,17,668616,29,5,34268,15678,1053,98,80.23631791511528,104.42210941140881,1073,57,256.3348265880011,44.938898356071164,19664.672007253637,64.9438446767822,4413.180752862299,585.2464704255406,46212.73385412023,374.60538486440475,BENIGN
3320,17,940668,84,82,47088,44876,1011,48,91.22019229319939,1.7645177860682315,395,36,362.8655446815356,92.85260615519664,97867.94490879089,399.30642144632566,4929.603448182395,3720.1414274291096,40448.69167994333,139.91234289760834,BENIGN
6742,17,550099,70,68,31123,26624,278,79,54.74490582367825,97.14307587920142,31,51,163.18064411230847,35.8652713349185,84730.40832391365,87.08682664733446,6619.680391426803,825.1193773830939,34677.149798999235,165.39515797428695,BENIGN
7238,17,554494,8,95,49994,42418,1036,46,370.39995497435433,167.5341258910368,544,98,313.193897906269,176.8005770279794,91207.22877343552,361.6759698022317,7268.029986842493,3437.079018855104,1711.1775640282335,235.8349795975745,Infiltration
7796,6,851990,29,73,15411,38725,779,90,354.53052785346927,43.92890861024854,711,80,359.4864696532221,67.59810001555388,14224.020321345166,570.9150688028262,7768.6460213298915,2109.500017300922,26426.27460785153,401.99201745331237,BENIGN
3695,17,934193,51,8,12894,5255,25,49,493.24963633995617,70.2415136772826,1257,12,71.34039074059379,115.23435730811535,21139.48273709483,878.9933161682587,6716.390304823614,4642.281608092704,32685.27139263772,335.8991016184366,BENIGN
3074,6,482588,33,90,18834,9411,615,88,263.4015917438526,4.11429293753911,1049,5,70.03400274829619,118.94389918142501,60545.60426933139,283.6547952615024,8034.9907197875145,2322.302909161986,37969.768566693754,791.3349314266095,BENIGN
5403,6,392673,3,76,37573,49112,1391,25,414.07538978019653,195.38550284675904,1457,57,358.0690888571534,102.99757606917927,50178.80471805989,623.7912378297923,1222.3699296981208,154.51408733797356,23558.983501078197,525.5179132630759,Bot
7605,6,217683,60,82,34424,42459,822,55,290.33773002817986,13.330359425608162,1084,47,215.89124708274798,31.30514188461966,29857.35402079942,165.48727042246082,8368.339844312199,2403.3451812294848,47667.93151107703,575.7010270461354,BENIGN
7990,17,363998,35,20,16152,36163,1166,77,437.67292270108135,179.6442247819139,552,31,444.60074923045,198.20012801867426,88385.79151072727,354.6098930852819,3873.4035925074418,3977.4937192999655,12246.605238048995,560.5929344039001,BENIGN
2163,17,138386,69,23,47084,33971,1345,13,361.905414454862,62.59754283609094,1464,10,155.9694410784188,34.52064584822594,90139.84766740195,947.2902377610964,5288.237980964039,3235.4216544342494,3496.0485189174997,398.7750585622966,BENIGN
5227,6,227289,91,3,49602,31235,491,77,323.2275874206702,117.51128039717571,1153,80,21.215368624322274,150.30147211418196,29175.48417455965,747.8932746671488,4338.360225548365,4831.5759830733705,16644.984587982406,980.4832987864336,BENIGN
7265,17,126579,76,23,5966,19194,904,24,284.7357221366099,135.86310799320069,1377,4,324.9380146157598,158.2725748110318,15583.756527788059,546.2599584229846,4757.696326877646,4216.362450323729,33093.62546663256,37.32877714549432,BENIGN
1331,17,420443,84,58,13938,19476,1338,99,362.87040959927253,28.1658334862229,197,5,342.1196133012903,29.032741672254538,14917.751152823645,252.44510235700545,2854.9914235596093,2632.758314487815,36860.48864177084,215.83777810977756,BENIGN
3211,17,136313,20,98,9731,3044,278,3,212.72865212215018,88.75187555606709,798,73,276.79580448935513,186.63270230997605,48447.67528723999,380.32551742124485,1700.3391570859276,1032.6028280269904,36927.4598867693,284.6546986550732,DDoS attacks-LOIC-HTTP
6977,17,553272,73,2,11167,40040,423,78,52.80540744930373,65.09322004932847,693,96,341.666322847299,97.55175252554567,13300.52035518128,157.53664051866198,1049.8424356996757,18.87314911061533,5542.584642860469,881.2980666715099,BENIGN
2558,6,264952,39,67,35145,21057,34,31,24.793133754931198,11.320493121093067,1394,93,261.8771722371975,125.77659171353733,47339.28880730158,354.1137259039638,4514.536991841606,4902.511985006841,44255.62183686721,918.8691358041549,BENIGN
4003,6,804907,4,39,6706,3514,325,81,242.1167471465411,166.63873087863615,146,20,346.3164080495228,128.43721120695923,46198.78794525714,151.48219346090514,1253.4847045228348,4691.59849151335,14048.876809115094,846.1038198143962,BENIGN
4567,17,539476,19,47,27872,9990,580,77,301.64933319896994,9.033551299495546,497,41,21.968703277597257,100.99102511846014,88412.18021843366,795.5117259781032,2450.639737006856,1370.7199703759643,10503.456272084693,416.9509810736891,BENIGN
5639,6,319859,91,53,5200,38960,734,64,44.030270132459584,130.65159189677337,47,80,184.19868511051075,28.404408824230742,29628.0818756057,81.67833085234591,1337.0252403760248,3191.0789311186354,30726.729272110657,914.6238897401769,BENIGN
184,17,372382,45,34,4673,43535,1017,60,147.0172567114906,62.815475283969405,769,26,105.40845897684231,150.35067157825983,56069.639339511334,190.21607432729797,1092.1031945213233,3646.197814430768,10600.335230947336,98.50809622189382,BENIGN
4297,17,700506,43,94,39840,49296,1309,19,164.4059419578661,38.42586544037332,650,2,49.66306930581366,116.35716702469846,74352.5514297668,691.4755630509732,8824.729017329666,2890.067305162975,25406.84425782265,652.434700282305,BENIGN
6632,6,272258,13,55,4341,7507,398,73,283.58378992808434,133.41721026710906,1195,59,117.04631808303596,23.7361230514767,59595.52035704014,902.6141957081583,6740.585504133835,4214.808374190489,20357.414530303235,937.2237775815246,DDoS attacks-LOIC-HTTP
5025,6,719885,13,88,44658,4857,731,9,142.8488157411806,114.90754290524117,612,92,95.65530901589409,140.06439372672173,95407.2438195639,964.6270181578341,9237.667359577308,389.1232421600688,11609.392788799587,754.8998400721014,BENIGN
6898,6,396589,60,39,28559,12118,453,87,52.34605678022331,63.05125147496597,698,65,486.5656941807986,140.5526521612981,60231.72527517201,836.186893824036,6440.477570170878,4482.470170751068,14610.061028758882,277.86716860223623,BENIGN
842,17,702595,57,76,16256,3146,1008,33,86.6040867685423,102.59214965184785,1338,92,143.27295885923135,109.69728921918302,90187.19922522649,212.26030458985872,8439.666289314438,1960.0950558324603,21376.087495729542,717.5058177679842,BENIGN
963,6,365086,86,67,25771,26401,1460,60,91.10416179407564,49.24742024124189,375,48,115.47948507357975,18.109762058313606,24513.18836148176,286.4255745462177,5553.430594107129,2403.450107873957,17314.55571229676,294.7633695626637,BENIGN
6117,17,948485,92,45,3272,49945,1090,91,422.1339973902669,172.73929180053844,805,99,417.4372531344964,70.52880622734585,56079.66975021584,870.8816006455544,4626.837876701574,2223.668252108361,19084.973460735764,111.58211421007202,Bot
6170,6,490338,52,77,46098,26177,706,26,145.73824505425426,62.76375606543232,920,33,209.55810863441948,10.184821525340194,54335.159597399776,889.4436317793667,5285.245532632966,2656.4311148467746,36774.37673229622,717.2215338337588,Bot
4445,6,78177,53,12,7046,38524,980,39,358.7724082878047,49.03060591030628,874,36,210.73272422465456,95.51920376527828,98945.31649290695,641.0125126542923,3202.9347192732725,2990.8423594287674,8427.311835489803,179.2266437139466,BENIGN
794,17,139884,86,26,22332,4414,730,64,286.08017943795636,150.36674221193022,809,41,221.7952331900759,181.28942637880868,20458.58627677836,314.3274580876831,6580.0659375469195,3551.7171648959593,31384.6531807479,111.06493881569146,BENIGN
7860,17,205876,43,5,19141,17494,377,32,488.6341830401388,3.518497598782977,1443,64,208.2672530603073,0.45059652258474525,14107.929902614087,224.83260638293075,8971.85184180513,2624.7016953760203,33911.107204635264,551.760054648486,BENIGN
2218,17,315118,83,16,4687,20437,351,67,140.0472210957001,53.60234641721506,904,59,163.28272747942418,53.32773060848244,61171.09104226574,852.4304165634836,7823.752111431415,3423.8662800444513,40106.33143837548,620.625258930853,BENIGN
3176,17,69187,72,35,7982,3937,313,70,83.3946451619541,75.07904413023464,1419,89,143.1697212773949,159.971820229617,22376.977411773012,206.04974345130606,4620.5381073621165,1691.487217953503,42367.88549372985,51.0562844564254,Infiltration
4262,17,798829,72,98,15339,36731,773,8,30.75872965880739,176.44759235827635,1210,0,440.9798382427206,1.9721667643213037,63919.14301157249,662.1425463317346,9539.236939183982,4683.404351289934,7941.69051792107,4.468887999136695,BENIGN
3715,17,764729,42,80,37042,21326,1407,15,124.27503282923385,190.08836050966883,1005,58,80.8536730676781,2.034687409201341,97249.1839610699,967.985389391398,9854.245518086978,322.6550989988458,6921.655448288931,882.0703303931517,BENIGN
3472,17,813660,90,1,35911,38665,825,4,343.6150887756193,143.29559338278997,32,3,90.53117646146963,122.16371721887982,94651.13447979178,705.5861011072946,4931.512996692273,2727.7030428054677,30742.40294719898,115.25256096304292,BENIGN
934,17,592756,26,76,44390,8974,121,97,47.202821195246,98.50635620193195,68,13,285.8595502125212,157.83995135971688,23117.991434153362,258.41264285143296,8646.5337732865,436.9808801085734,37848.258363642395,583.8980527996554,Infiltration
5687,6,743959,23,51,20503,47145,887,22,126.12741334908098,128.12430981153773,591,17,171.82928983136753,155.30108349333415,17097.92585773277,283.22339537317043,48.69779152507064,2213.8351801846516,13623.598247681728,953.5462474208913,BENIGN
1328,17,341202,43,65,18605,17500,1039,42,428.37764225108594,82.80021033626662,1214,33,210.7646824235136,155.9156041498574,56078.321323382945,93.8018806454845,667.489261874988,1287.9117882641494,26297.101806599916,511.91011591042,BENIGN
6863,17,295164,77,51,21933,48824,939,88,293.56170993543753,59.76516636973357,100,0,403.2733039453415,72.20126896353314,58681.86104943278,686.5512524708513,224.87169987885065,4684.517247913238,38614.24913628244,139.79800917771036,BENIGN
4197,6,251614,28,91,46936,1750,712,56,39.41316242533175,190.1376136279257,1308,52,451.8155301885527,176.54482885489176,66228.38463735122,518.9172457823356,7731.856810478866,65.37693192971705,38377.48038094031,393.48450322211494,BENIGN
533,17,928760,9,42,9745,4027,855,50,28.603156403632823,23.078045801984757,913,21,395.27683977827354,2.567120279347379,74151.67768942098,207.26522783663088,798.7113353209058,1956.0181557072854,32694.47010402614,624.0421478444828,BENIGN
1940,6,142280,20,89,34467,44296,953,12,35.2558232862546,69.2787136100218,732,79,117.46413164537579,62.437747354460086,60099.7214940937,228.44063224888066,171.48841009572132,3910.2137485347725,3948.5969197089157,762.8396370692055,BENIGN
6978,6,949449,56,21,42541,5745,288,23,471.2281498228901,179.81779199211863,389,60,489.9856448045251,67.43753896707798,11184.182841929083,10.01553021241593,1475.0403147792401,942.3070632573289,2541.686575183442,606.9379945705305,BENIGN
6872,17,920404,83,54,7737,21448,391,10,425.6863571377221,144.62828611748338,159,21,181.58825040804794,33.11422516390823,79017.89547723909,978.4409797075394,3063.641618194138,4077.9410233312647,19428.381049370204,34.31573450169789,BENIGN
6055,6,784292,39,66,7774,42447,22,51,423.2453207992935,5.820290264595318,891,49,84.5335305823065,67.24519459841984,7960.923280617351,828.1901673553905,4647.542118292672,4298.625439124119,1344.1044496961556,143.1028652649431,BENIGN
3614,17,436028,51,98,45781,28451,312,16,462.4872973105552,4.619934684849425,1070,15,249.74835273402002,117.1768260104218,2009.068694857036,394.7757805776949,654.967443876455,3540.0149982288503,45208.17514941907,371.80168879499354,BENIGN
4861,6,920214,12,59,27609,28207,169,36,255.10141817420057,103.30249252491492,1182,27,362.6428848174736,104.0558625394765,76968.12307922154,946.1437609432976,4990.323353275684,1045.345912130854,1017.0317910886631,705.7136853259788,Infiltration
7186,6,601991,79,57,828,5938,163,12,127.43561221595529,96.85061124600433,1469,91,41.63544065403701,63.88547171690797,54840.258869323225,677.4428192152471,2481.366548984959,1360.1932829078116,1490.346978477658,584.3279749472046,BENIGN
1429,6,33972,95,11,47217,12150,763,61,203.6672620980665,88.59830773126365,695,85,317.1434573105239,149.8655027364911,69862.15594446646,751.7110730921858,2744.440579481125,834.6736434768098,8274.7156447893,44.69498359705104,BENIGN
4822,17,272972,55,87,47855,13406,190,90,360.83771607748633,60.468752367801784,757,69,429.03896171329814,142.95811568756145,38280.904947517796,680.2755443738666,8219.200614226982,920.3186860069984,31354.48642796216,796.8859076038882,BENIGN
4586,17,357346,78,68,37299,19781,1213,83,438.6362714030262,197.32774396272782,522,88,130.89074134604382,56.13929541608809,1119.1384275140038,757.0919831223364,9869.24883694733,182.46148237687666,27082.29148791194,605.1244313557643,BENIGN
3210,6,488635,11,83,33902,37621,386,96,220.37000871626455,54.39746459667629,731,41,346.56160608835376,64.6456785555835,33108.22475961123,171.76798920744108,4639.176428586915,4286.575405991332,32977.761956402,887.1500355009214,BENIGN
4511,6,384293,26,38,5670,18325,785,95,270.0135729141203,98.00804128811238,154,65,199.95431498022032,57.504039726425525,60817.44193998503,562.8355995372632,3218.38518084981,2642.5114371391787,44678.82150398899,417.65309876507837,BENIGN
1575,17,807115,42,12,29531,3148,1201,7,466.2325816717454,80.97861936461325,338,70,207.06757156979083,25.770233302243106,22578.05001630627,849.526899113069,9314.550313419528,1638.7961194352579,22752.733084076823,490.2017808375475,DDoS attacks-LOIC-HTTP
6424,17,85874,27,40,38419,28879,1247,55,58.2118253691674,34.04988519234842,1388,80,140.4070156044564,150.55632859217096,68783.55531995681,20.523041386088313,5004.984016216698,1447.8849803170401,2203.3600342661152,405.5507696354101,DDoS attacks-LOIC-HTTP
824,6,924867,11,56,34480,49011,1183,92,431.83811240219137,40.52376382505572,794,34,312.1968982199477,9.25530210304981,79442.15697909557,124.31951043515251,7303.805358236033,2723.481482237932,38177.196294320776,722.4545295090177,BENIGN
5049,6,388618,38,52,18395,7933,25,82,83.85720371470828,183.66054840195457,1171,19,180.4996265150773,30.116098820684556,45432.15716657226,246.39416985142802,4137.986569567878,1633.4241089497452,40600.10349406077,752.1308558615673,BENIGN
1299,17,198622,98,11,23306,9436,1124,69,244.51136839385703,171.65594457119101,898,1,415.4515017307892,21.06090354956949,87573.37259393606,295.43197003094923,2026.2832280039365,4318.58987505174,2503.919110729425,723.2423940479092,BENIGN
5873,17,220457,43,12,23626,17669,1153,43,113.11944868821449,39.80886116407048,1167,6,481.45271152476545,165.06779510486686,85483.10829126611,183.52116272414426,6549.19624056369,1054.787175184554,12150.03618893732,291.5992998543375,BENIGN
5020,17,412772,19,73,26392,6474,262,59,303.4590771918491,175.1325247819027,102,95,467.54384002046226,8.801703077350197,87807.01469965545,624.7060595411351,6648.7616527176615,4411.508957064263,38532.13399859338,636.0315370431531,BENIGN
7413,17,877650,64,96,11149,47447,1093,40,281.49384374559173,41.83722601616851,811,48,81.56418649649427,132.92545798331176,66107.09289535694,294.72505212254976,4602.378316939428,3320.4622650171455,18814.00037493013,338.5281661438441,BENIGN
5192,17,66042,6,56,32070,11228,1299,20,193.10364529917217,125.30926434953942,92,82,7.095149997375261,8.894919682160696,30485.85207736125,158.94174386987794,2700.2264011732827,4783.146102274851,23637.843409236302,834.200411864384,BENIGN
7103,6,538077,46,39,22429,33538,1442,85,432.3352398483365,16.25610466413876,974,75,219.23417056107886,157.28868078435988,48130.315724333486,905.9203560046135,8318.303107135425,75.53620817846718,41160.55536648599,55.116162291272474,BENIGN
6006,17,950538,42,79,27795,1843,40,41,331.6075935425896,176.07392525182362,1309,8,364.44185383609334,182.5428172787497,71053.95984661383,695.3394970157822,2753.905925731388,295.4778285557824,4740.030725073034,37.720752692442574,BENIGN
5639,6,557664,92,44,15712,73,1054,73,361.9965368561621,10.300059893093394,1447,26,488.7276341674805,97.36863316691229,21064.25968972465,246.8126878285496,6590.580838681654,2504.472969682866,33867.443380020566,101.70842454259311,DDoS attacks-LOIC-HTTP
3597,17,509665,65,34,29227,16059,740,73,79.57657041279593,110.98857785022733,118,77,391.71115078605277,160.90836020245914,73886.96249036009,361.59267967786064,3840.472253303075,4561.894150160242,10757.06949368245,202.36319446318973,BENIGN
2921,6,522652,99,2,39301,20733,298,28,442.1670105979307,155.942305036077,28,1,290.27466093351995,141.28210657004567,54813.38082313309,741.0447773258098,4725.334298699357,3653.974757650725,3141.9450395150598,37.63535908493398,Infiltration
1407,17,626356,72,4,12407,40768,507,79,87.6848809919091,23.36694728213624,1012,84,13.176456114773693,159.12705843469342,9610.783853953493,791.1191634969084,2114.81521234322,3110.6796625966667,33128.267301097156,71.61668921134701,BENIGN
5419,17,413189,59,89,40889,25395,1438,64,115.2785572839303,80.8960535000377,1053,67,412.77034575367725,153.35503990519769,55733.05983674672,177.2597292548089,6495.149974848174,158.01077830091882,6079.398526126384,306.0564927346473,BENIGN
4708,6,799582,52,10,35179,20202,557,16,68.38729355595581,8.390030298010021,871,59,88.57251696460555,41.07357674774639,6686.946059866204,936.639507989658,2259.032510358229,1770.8189420630465,37352.892867537805,99.79068178525574,BENIGN
2781,6,590604,47,70,26950,13273,970,29,222.9778079445637,136.55051546799183,1389,84,27.803257093395207,99.91180203095792,1440.585431811738,785.4866670510222,4857.654752029529,1729.2644645142864,10143.24250884831,802.0737766747909,Bot
7345,17,739904,7,55,42259,48889,141,25,444.4160697173933,61.48991899227039,799,85,425.1794236771322,192.08283742527718,88963.87071402937,856.9576226967199,3285.2654720709206,2710.4284112995288,2435.115897689025,53.867388960630706,BENIGN
2699,17,346284,11,9,28351,33099,1357,52,129.9615222068805,111.879048927694,1161,48,283.1254339360035,68.70658891629833,48996.71199933342,144.71494815633605,9636.093722113432,1289.1388967338091,4973.8802749743545,907.9294468854359,BENIGN
2126,17,546032,61,33,10077,7512,867,18,190.00794310936186,186.54645408407234,474,1,64.27579893022467,194.09741812741288,54333.53260748208,144.22378506116965,9822.228737839581,1335.7785758888003,42065.09973480788,870.8395439409741,Bot
7914,17,62121,68,66,46154,28231,1165,52,423.8028779373339,61.17162159896847,562,16,193.27133158704058,116.63234228674717,28000.977785310388,306.0634753811421,7535.159582073098,3104.304000383797,18554.701134850307,208.38436588064002,BENIGN
4243,17,692585,25,71,13834,23274,530,84,310.81856348065014,9.72549432705554,1415,82,42.770833612781665,92.32228353315548,54279.04449855477,65.581773205348,9839.19103105287,4722.837716570783,15120.30940195722,71.52705276920712,DDoS attacks-LOIC-HTTP
4851,6,460215,12,30,13454,37699,39,16,377.05011485490706,135.12555353974008,434,87,319.005403463901,131.55149300524042,16895.18052805178,91.97625952891514,1136.392877434573,3300.8955181834763,24565.028997429203,105.5350451557231,Bot
2788,6,42391,26,74,45657,45510,636,45,110.93002447087684,157.3682269028335,803,19,141.2136331713374,163.16783423553872,74567.12328047866,144.06394836441729,9923.25421548048,3340.6506199051755,31650.299116815713,559.0882366642932,BENIGN
3973,17,428376,12,70,48890,22409,1334,84,359.66248234962484,191.5737119755152,1257,75,433.04706568268733,78.84163097014985,82336.68254878452,712.7173029522622,1036.4556077920709,4931.074066940578,1864.7412432017204,600.9157399848782,Bot
3206,6,394854,43,65,33317,46194,13,52,117.66723642767738,31.56017540513316,54,88,178.89801440984598,6.590835022927588,85589.01923412684,31.20006134955797,4155.102285017197,767.3908353489505,44910.44378739207,315.58278607580246,BENIGN
3300,6,953780,51,69,10984,5113,1358,63,493.7204211942772,78.42798502322997,930,86,247.31693150995886,141.76125959408228,10674.205215618724,84.16153658723198,2390.2367539743823,169.17387100180204,47924.48342737165,296.8336682968007,Infiltration
2593,6,303764,37,40,46624,41187,518,44,282.14364728273495,168.82809200509496,1315,97,31.761698752987567,191.23335689947703,55779.86249047584,944.2393526494957,9538.505788088507,3727.5697537314913,20871.16773958191,531.5012684863851,BENIGN
4636,17,25775,46,62,38393,2881,1270,48,349.3414327313528,161.3742786537759,751,31,137.79630832198492,124.99733005526761,80877.00947470484,84.57302499067174,6358.263558056616,2193.9371659493604,20637.31883674768,305.62804406718936,BENIGN
2619,6,673747,53,31,29300,45913,25,18,63.608784150043896,124.9591414667725,311,50,338.38363584529867,37.682895709094666,12830.366656356706,537.9249078987328,5971.678210700594,2144.1167737600313,43929.21046401093,934.3194945886171,Infiltration
4053,17,262418,88,19,16026,46324,1006,70,129.07471012057692,53.873709040538785,1112,87,368.13138388882004,49.64850643622207,9961.245593325924,642.9306190704798,9974.38761036838,1126.5168818151617,21471.296788891003,382.63177890308964,BENIGN
256,6,92368,80,56,32122,19249,1479,80,74.1716264843554,56.80705813015552,1235,41,121.41092750561683,181.95014372627486,81696.0304470154,958.6349202015798,6124.648612803649,2534.3152025951927,42810.934841225055,219.81374877452987,DDoS attacks-LOIC-HTTP
1324,17,297242,13,97,28523,35343,965,64,198.13450405950292,24.80059892482851,956,62,251.91004936035395,2.7124191208941273,79675.63652873336,899.9029151937323,6461.952649479402,2210.8617186243664,1426.5638550245092,145.9648465369794,BENIGN
3450,6,708772,89,49,2966,12714,1263,36,145.64725278167225,184.37073475718194,317,88,408.76555260225257,109.74933309268349,44874.82676497716,441.24208441941545,448.69821866829346,1727.250039231643,24487.633932310568,631.7081933927544,BENIGN
7388,17,929716,54,79,8087,38953,1140,69,367.79651851713174,34.586302927889065,756,60,189.95508044477765,31.735529038791157,10980.019774317881,942.2218972551884,8590.64696973334,2213.7257966920943,47621.92794817035,326.66161596461586,Infiltration
5897,17,629798,57,24,36500,8656,1422,25,58.81094491593483,114.57732023598129,464,61,66.88563367839461,56.55288704341588,51617.154500122,432.8336089231202,9700.924227989497,1919.1738536144492,12647.704889946323,188.7948325847747,BENIGN
1321,6,337469,4,11,44837,5741,272,1,377.2693873829323,116.87028339642258,1110,2,215.93519480623462,61.39632989865203,39486.37196846657,670.2487967551616,9603.151194086342,4699.481790447683,13315.079474417047,275.81552463499327,DDoS attacks-LOIC-HTTP
7422,17,831346,75,70,37865,16661,1098,58,27.623888196100808,73.92108823905377,1432,88,300.3143327160156,43.856549547665516,51859.55763009083,260.3484626474753,2211.83498977115,4901.258287379176,31509.848205744245,307.88157306045304,BENIGN
2561,17,347335,96,38,43116,31555,274,95,104.99882947458426,70.50369220109103,1263,91,3.6992640961897583,158.47041254123116,43995.12125053801,637.0078813636537,2259.9275243576208,4199.50466255877,46310.28225721515,625.8334709604587,Bot
2071,17,312963,49,16,34948,28690,1371,4,397.02267102247845,133.71768371165592,699,75,174.28375334036446,66.44183479575176,56855.75619495501,538.6507556640569,3661.1052050065687,4952.070455060625,9945.12464206926,174.6815002550305,DDoS attacks-LOIC-HTTP
6829,17,129987,7,44,36169,32833,1334,36,372.674437348408,77.65955558970781,1080,25,303.7179104475823,69.0969982531076,72715.70055414425,607.224211711491,3102.7904991047517,1328.5971451459,46083.334782280515,732.8037651157224,BENIGN
461,17,296163,11,10,39720,37030,387,30,240.78142638983738,51.02307866760014,1136,47,475.95597502233517,90.60136273869182,77488.24176604935,682.9685501323279,3056.840859327558,4214.625549594698,33153.55716830288,304.88226807932006,Infiltration
2096,17,335399,92,69,18010,5704,1208,75,29.741443963388146,79.82634048000618,734,7,204.27436623783234,180.45905774808452,64901.73000180203,174.28184480203535,6052.5619546337775,2033.145059513105,49652.4352399101,488.30959063178017,BENIGN
3200,17,333813,54,22,13816,48123,972,98,306.8974021263032,161.5324155331092,1093,4,81.48613273966315,137.6346064053366,19902.072098488807,301.96153817468627,8056.274460362661,3730.681988888767,36825.57773416702,654.8390098671014,DDoS attacks-LOIC-HTTP
2677,17,827860,87,90,47570,41362,1185,93,206.32843146717872,193.2956910262371,738,10,267.10954898342663,12.34994083355554,39718.33133025586,736.5051455386026,9367.744838585326,1006.9632031523662,33393.34903045811,543.6201071947697,BENIGN
3818,6,201654,45,69,12819,12175,485,47,161.68143434799504,127.19004609076896,767,41,142.8761805498402,7.852384207314822,7131.6906332848075,164.6601622844117,679.5369252947462,4059.7804487065364,40747.00956627871,662.2335419549723,BENIGN
824,6,811150,23,37,14865,12696,1299,5,322.00326522913446,156.42024509682128,1207,98,107.38969965739199,113.27784591540508,45172.8560702364,344.8958985802319,2780.506785364767,417.32213078459756,8765.264561321723,322.59550383501255,BENIGN
94,17,559063,28,1,41886,39023,338,14,221.12420828985455,106.56497226252203,743,90,295.201629514031,177.41211234544156,97034.23787835786,666.8122124019998,2550.8827206561064,1352.7885335820183,47299.820795537154,963.4499192650002,BENIGN
7001,17,495110,57,85,29398,40209,1196,14,50.74844472432343,124.96462841868757,275,40,457.94176716820294,64.65029520011822,64176.65345202516,937.713334206482,3575.039196074798,4109.763084235778,8288.119483715367,458.98972160893436,DDoS attacks-LOIC-HTTP
7333,6,805451,26,83,6468,28054,447,60,458.39548290361046,197.61733134731196,232,18,417.6121021696429,49.554365780433685,15469.705341203055,76.2249065927645,4243.918296882595,3735.7961091092575,1293.2617911237462,321.93360979838457,BENIGN
2195,6,790705,25,88,35534,21076,1376,15,390.3540842294226,87.6837729403823,53,47,91.14626943454624,149.63820906261583,26865.080200945504,517.0442382915796,3892.325545558514,2506.2337749564463,34895.86349147513,296.3939612376061,BENIGN
3944,6,371613,54,78,6863,14986,1400,19,32.907204688823455,13.250939390839989,256,52,382.9397291749282,120.41827329396548,6466.718893791655,82.82343389851614,9521.519946602617,3363.9638714510443,9237.925352180393,42.694969656648205,BENIGN
2109,17,812932,29,92,40487,46118,1498,76,264.9066157443943,191.40138356387092,89,54,114.93431718668462,113.00546847136101,18249.564876295077,379.75281900058906,4371.853431787774,927.8701224796482,37940.07144979791,684.8058690224149,BENIGN
5495,6,181617,83,71,32232,14440,1232,43,46.271893634821005,158.61234418070953,1458,60,145.35063034660962,29.860239828708224,48789.285931343,176.21111758325802,5516.374118277495,3338.8181117313998,39753.99850933905,262.5152771439705,BENIGN
60,17,70405,97,36,18330,7960,25,41,419.45848023395007,79.66207357271426,407,31,460.0257534417444,35.19226373219713,34492.18957904899,649.7889841559348,7486.58417157858,39.88083670746268,11842.595040363105,958.9302063225767,BENIGN
7097,17,693024,36,48,28628,22462,1329,45,308.44191072072607,196.47901072455375,1292,45,455.52507535688557,56.35755518480485,20404.19210770358,758.0747194027391,7251.122885068228,4166.079336907531,4345.149325454815,210.4447453767917,BENIGN
2101,6,439130,14,51,45625,17821,877,94,90.36232111866889,69.10715006972524,365,91,84.31538227258118,41.36778693638738,14668.37537214998,248.09586335232476,5830.062702378993,2581.4380399947177,25046.040104277203,529.4911936853707,Bot
7204,17,473063,78,32,17362,27258,520,33,15.26696468906938,74.42403920160574,350,35,32.09592796174071,194.28894900928722,65610.55098655082,713.1742619036933,8608.459402968401,4719.392258047908,44512.023343308865,735.4706998344243,DDoS attacks-LOIC-HTTP
5816,17,613179,35,21,7307,27353,993,63,20.632601012478204,121.94627063798416,1322,17,146.55905161847437,3.7222032712314723,55814.65666351638,447.372118918823,6242.188908099337,2390.8213366139094,42366.08214045866,870.1152948210074,BENIGN
7340,17,159134,30,4,27950,23416,1272,28,256.14590867209074,54.86947723107134,1182,73,290.8875298888843,125.21126768586481,84265.60481836465,284.296450358681,8747.713715038606,2165.4364116317056,5862.952000448438,156.4608928222264,BENIGN
7161,17,478208,92,17,49034,22115,590,2,368.51487194500305,139.71429702614654,486,95,438.44583890816307,103.51976497508765,18333.456043918068,523.8782670180478,3028.354740074455,2250.2640619890703,48239.515393281246,985.4015404970332,DDoS attacks-LOIC-HTTP
5517,6,594921,17,37,3213,46433,1334,8,64.81602341030978,30.570060790101184,841,17,59.41869445024556,64.65024717968726,84800.06613822533,380.27049367714466,1321.1047454564427,1798.6431013764802,13204.820277414528,906.7489853176819,Bot
4703,6,187356,67,36,39277,24968,15,74,114.53561262790397,21.605063871630705,983,11,207.47925110125982,177.5177424207951,57795.338144260015,230.7662583006915,8195.385045036142,833.3754192132698,17476.0649393818,962.8497662275323,DDoS attacks-LOIC-HTTP
1642,17,476228,80,93,37951,22731,1253,74,166.99367285891847,106.97560151283112,1378,71,135.8748933602628,134.03251550785643,26629.657166031764,757.0879513338542,3825.7965618411185,4210.313634727529,7461.021651175845,852.6707595416397,BENIGN
7816,17,890123,30,94,17283,22785,1028,24,112.94800712027073,111.09873647888023,620,96,7.464483618008833,199.6708702646453,27362.578525445435,797.7266247863676,6511.194631840761,1945.4270387914742,18896.370247476876,877.6692280335647,BENIGN
8061,6,666038,93,63,25378,39397,1486,85,198.71159853014353,21.331013925938123,929,45,394.2231303964992,33.73119186529707,39044.1352104838,800.5119285142486,7373.374653499463,2645.5421409442924,31785.698904920802,598.828915913163,BENIGN
361,17,655448,45,9,11660,13828,1466,41,282.0094278537127,192.8352522262302,400,54,406.6421065838386,17.573567173565753,46018.120394512756,382.7606532396589,3267.7780437970623,99.43458231718216,25308.852223290574,845.3100631173824,DDoS attacks-LOIC-HTTP
4072,6,674084,79,78,30994,4541,816,45,344.0436903794481,114.65733152141675,1428,37,110.61453088765822,27.87945349326879,8259.683422840899,170.35892295796353,5052.128722311821,301.26936356999533,41378.698858288626,534.0133578632971,BENIGN
2094,17,825726,89,41,41951,40644,1419,72,482.0687151925781,30.206998499385218,1119,77,75.620125020184,53.85819351691925,84201.49657497613,840.570870225971,8949.370224879902,2985.9161473892227,32068.627554728522,538.2171706131649,BENIGN
8012,17,372147,51,47,7392,13311,628,83,465.7676164931813,62.2885048664598,569,1,72.28042681109858,83.35739831359122,12162.891521726164,329.93461260972714,8798.05255914948,4396.140412568045,13184.58812775072,562.5800919009926,BENIGN
7474,6,393705,47,43,811,30531,1328,58,287.21285254031267,160.04684278663254,974,8,231.9735948821437,172.52065700038858,48351.149704557865,748.3187354497675,7493.821418050132,2466.9791401303723,27876.327200525466,996.3179249030535,BENIGN
665,6,361547,53,81,41012,14588,1151,20,368.40427794589556,104.64630557310637,391,4,123.24779371788492,56.718353265777324,38302.99363676027,817.6331104830706,7627.632579903081,824.8729030253165,3218.9143831515994,104.39484013762291,BENIGN
4846,6,242288,64,86,46675,49416,414,73,475.6817412895868,37.629669709311116,351,97,255.67782124425048,183.04866200553644,51233.58556035116,768.384345105155,8976.94680636424,580.6365718298446,29043.72013161561,805.6099784958199,BENIGN
4283,6,376147,38,96,47975,12380,1006,21,46.31861254799539,20.569794412360952,805,18,192.42586857591988,92.58153768094333,88749.37688164652,390.4162246601168,7363.587540511871,4498.94000696462,19489.294838728023,273.3125231221676,BENIGN
629,17,853923,64,15,19743,42645,603,28,7.789206131407424,86.15488244749696,575,70,105.44515245049563,129.41400370779652,98908.94310221206,938.0787098626811,3396.5140076756506,3508.189270076285,4928.940617870823,361.22708259774225,BENIGN
6431,6,237601,87,53,9979,17818,575,62,19.750883046143713,67.48294173728684,776,38,375.5958947786571,52.88154281119015,2036.9345545490085,660.502254386246,1208.7060137205465,4830.977772557286,15380.123010009176,80.533257306028,Infiltration
5888,17,931398,89,34,35979,30857,761,72,283.8579343746171,131.1834704963947,632,41,75.18194516791138,31.202763204707583,39330.010778202166,576.170538037002,4219.419115647398,411.7431067194982,44905.36876012324,351.5737813840696,BENIGN
6156,6,320246,7,97,16743,21711,21,60,382.6025455247544,185.04939739023308,1311,16,399.45115741021857,173.89138813160986,81762.87698641518,698.2111929729388,874.3468151209097,4513.064275117065,29306.036992035155,990.7626971367083,DDoS attacks-LOIC-HTTP
6984,6,297775,22,27,32459,5097,1242,63,186.70210061879212,49.54605715483176,522,62,280.7231918451461,21.901236104032783,32667.021997395084,45.68239614212469,1158.5919991308933,4228.16156263408,45164.20979866313,397.0692618280355,BENIGN
474,17,708275,81,1,26153,28393,174,68,274.8933914901712,171.04678665656903,725,89,416.01857133822205,154.80426115340452,64907.127230092985,391.1244578058594,9501.77075627286,4465.925914620769,20546.09130885863,669.6879199722466,BENIGN
2973,6,529374,82,93,25715,22076,887,39,260.60132768152573,184.0923956890401,161,45,2.379520034952509,116.1968612153715,99225.99778460838,881.3359366923646,6759.193719064295,28.814783035697733,48945.6408835105,120.71318816153787,BENIGN
1728,6,818830,41,12,28373,18738,1327,74,51.91159133804969,180.4005198939803,658,90,374.5942595177414,172.22755633576978,64680.661168706225,161.91862179421844,8516.235396002521,3709.517402635973,18007.35248437454,922.497209748677,BENIGN
3492,6,263725,74,40,30730,29317,87,0,164.18619079090425,190.41546598908707,1205,91,25.75779662555766,143.56368241963543,11128.025848550658,414.98624708859336,6429.349033541633,2744.690570808195,37842.66271112401,827.7453799467987,BENIGN
2989,6,842940,10,79,9982,39229,1467,64,14.620401815239484,168.42172442585505,849,19,475.04935951891036,56.33282042230836,84294.76637582901,405.8427431807989,4185.981743972311,2865.8971687920985,15277.100143168042,386.29430419694654,BENIGN
3048,17,200439,57,58,33361,7044,623,61,59.79931595922289,118.69720107933404,81,69,351.3697441952675,114.88551945145524,96666.07715488004,356.68566899232144,252.56266583336605,2346.009936763778,5308.467517013435,348.46333267276555,BENIGN
7663,17,646338,7,68,45497,5497,878,53,406.86982034034,81.96921974204838,523,7,160.086145310679,2.614723921089457,71253.71704567377,562.788977530121,9558.4145327134,3713.3845887410966,41654.49927081367,432.2670035135113,Bot
4817,6,934439,50,91,36155,13751,821,59,415.5596811379179,98.33755720675425,3,95,159.9252464228748,95.0436684744858,41912.619303308595,996.2018515361088,710.2537880537599,4999.196452382023,38131.450528239286,401.25818285449867,DDoS attacks-LOIC-HTTP
2701,6,125455,91,52,22422,29882,1110,45,401.9634284223095,174.52243497551706,494,18,430.74618985931255,17.202727114407136,94840.53353278899,256.5929999378431,6102.020497132306,3552.691796370817,41033.24540057699,258.05080474789133,BENIGN
3649,6,27898,52,44,24088,42072,1081,4,364.7752272713571,60.27967548343649,1074,31,451.4200642263294,85.78899956206594,96857.51578476933,705.2521654524165,1022.9299140934233,3390.2520801966148,14991.729638963743,990.8462741660128,DDoS attacks-LOIC-HTTP
5715,17,616037,33,19,22590,43194,776,21,397.68985896795135,31.852338868218876,1284,18,445.7866405193719,21.92236159973544,93512.32318248074,758.237002777895,2842.192638217094,3272.1885784004044,35186.044663792505,810.546455704739,BENIGN
4245,17,327131,1,23,14865,43826,91,89,337.1362589284116,28.163843626759032,1157,23,404.37014628316376,191.09596138908302,41187.78204098496,584.9139811999826,1858.9887555306484,3476.058349236788,11003.943158950762,267.92325950755014,DDoS attacks-LOIC-HTTP
3087,17,19577,53,60,36179,22449,218,52,336.56750271406287,165.3989219810001,1385,23,409.51601041818645,104.61359148154557,78972.870320145,98.37821221327981,5537.615434673609,1710.5623371541624,575.4636977116163,981.7248010269288,BENIGN
5961,17,410582,60,90,46414,44028,1478,69,335.34408975844497,152.29713726601955,567,55,286.3839514387798,182.64359705532866,65421.39410981566,572.801123847952,8870.86637587588,1601.0987183320935,43325.77389402704,15.530138046879305,BENIGN
1406,6,217500,34,93,19579,33402,531,31,259.45118089071104,99.5290682092683,1240,80,14.115526474534068,4.4732445931531695,17978.869521899825,953.5110111968148,6356.587455669363,3921.6898913525315,26181.03909792909,437.8976367294173,BENIGN
3796,6,217160,4,57,48516,32543,1062,10,184.85688056509798,54.97428561843063,877,17,43.38664102949746,127.53065677637959,53556.135018698624,342.7180842442848,6642.2160070431,265.44008676482764,49182.8303407296,569.4851970612175,BENIGN
2886,6,390059,17,26,25748,29362,1337,9,366.4466567499697,135.52263510852228,1091,11,324.7766247031,61.390900385324045,74771.62400277241,640.0484382530489,9089.406030636812,3796.2386910169193,19257.9343882383,37.58662211164465,Infiltration
4808,17,961130,4,25,6782,27315,1003,38,152.82977672543709,7.686619486493962,1011,40,200.58258016351348,86.36579919304725,89592.26847377128,959.438334692823,7494.502854483082,4069.2079258478425,47844.08161940362,161.0371907038014,BENIGN
3383,6,511281,43,6,24884,27746,474,97,273.7365550814215,113.64556313333227,1014,86,283.65481542079306,174.61747904293793,86261.21105695129,798.1922909535122,8659.692408003943,2607.9897979313387,30756.712600993244,258.1310821852969,BENIGN
5510,17,507931,90,41,19741,10057,1479,30,219.51103200785124,79.68503374789273,863,47,115.53881131106436,196.00421895174895,15474.303433546356,688.6194219673458,4164.504526506794,4550.740477065076,25615.1315411248,720.2270577062931,BENIGN
4909,17,913958,4,46,10141,46113,637,11,141.92802716138206,195.5719267623937,1166,81,324.708586821596,49.298390886670475,48808.44431605623,971.1777298895458,8653.698021383429,2365.4371857359224,15147.45206295557,939.7435288652754,BENIGN
4144,6,405205,1,52,798,42915,790,79,487.4715106239693,101.5120498221052,1369,63,121.41477209667035,189.65065707066034,47832.08025978389,171.41237234350137,6458.96802426988,890.433340479222,41265.564300224316,624.5350868679316,DDoS attacks-LOIC-HTTP
168,6,286579,71,58,16194,21061,1461,37,133.08206437490065,110.45355049005356,778,15,230.406398987677,137.74538977634384,89874.71881917324,772.9760397113388,1356.9422196306398,1806.9932435333642,41441.44937109244,562.661591010292,Bot
3870,6,928858,94,37,30907,34157,568,66,158.10006654289984,142.47253268856383,1217,79,239.359949795591,190.28278287145415,203.71154059531628,407.4289315554506,388.08637116229374,4529.337529655431,20852.307314853533,536.759119975797,DDoS attacks-LOIC-HTTP
5435,17,348854,50,68,2899,45839,1392,65,84.98581337024378,96.90769622512934,1004,99,88.8341149195796,112.473399724242,73873.96662731649,361.07125599282375,2441.100102444158,4968.691441621935,36367.38416577948,350.70364981100164,BENIGN
2078,17,273686,73,86,9579,11322,969,51,412.3754095305738,44.913723855350284,1269,22,438.10386319381985,192.15125699829412,61867.96523946107,521.1518418875585,3784.118138618085,2109.269834947417,22367.424409555817,827.7143461371971,BENIGN
7699,6,832821,61,91,21667,4276,100,4,295.3617532744722,107.45556930968961,313,85,262.91052813656,178.49109162948673,92157.93160292486,34.71730771868075,8375.841092942486,834.2327279682893,36985.56813038915,540.7674382362592,BENIGN
6839,6,840279,35,97,10151,12306,1086,10,308.4544319538309,188.85377417814408,729,38,433.39188896917295,25.718348245089206,45697.16585967048,313.21709130743443,7412.704325695941,1431.6464011706892,49709.565934364065,230.1031793237227,BENIGN
1156,17,823859,8,52,19666,34017,869,24,411.17789884055344,81.98219763369437,383,32,131.267847747962,62.157985420346094,65770.6482650513,167.04927902888846,9553.801902341369,2766.48171256982,13132.190725067941,136.83120816407813,BENIGN
206,6,933803,24,14,21628,27742,1237,34,174.7452310217903,135.9281909999346,276,23,86.16797273407029,48.612638302502376,97274.97557185001,139.5522085178874,5592.188812666313,2860.479591385733,31706.282334414755,985.5125148618691,BENIGN
2874,17,335071,83,95,11944,31600,565,34,100.84854556320582,195.606837777137,1095,60,9.008323810064834,114.41986521005141,74392.93725396172,338.003169510078,7477.668774428337,3150.2970334679,19000.099475677103,17.47321502200183,DDoS attacks-LOIC-HTTP
6907,17,630852,36,25,42547,17629,165,21,103.21065517698246,165.9844625966981,1152,54,46.93232986325363,160.55988630118506,6747.72357323544,802.4620936526985,2753.558569041005,4176.766862862734,27423.094466788676,933.4400299898049,BENIGN
1270,6,131284,50,47,23296,8245,11,36,367.6468116238184,131.80682661666475,1381,60,73.73530244330595,151.88228937737625,16761.679761757725,201.90995678721364,6796.099351060176,3556.0707584401384,43708.62254203015,218.30330118031094,BENIGN
1353,6,87151,43,94,7622,31414,1390,85,308.9870014589115,147.19929766610286,697,83,39.42778118898477,145.34982645669535,82146.8957849452,531.8843686479772,7061.805874160325,1304.2011325125347,17385.317713538294,657.5495326816476,BENIGN
4213,6,150753,27,18,32079,43870,834,54,107.137744898134,187.296649603415,1243,96,448.4396475710937,75.05297514711717,33486.20614195616,748.9075378411197,8484.304868867193,1975.220303480002,3628.6912240404063,301.53252559813126,BENIGN
4170,6,245400,32,8,16215,30098,811,74,76.80737034700967,191.95042088007133,1029,94,455.7191539708819,27.92737632556559,70594.75187872151,241.73056337021345,5364.498705239963,4199.0829190200675,39948.86989029552,859.8104118798157,BENIGN
6786,17,584110,78,63,27341,48994,992,95,64.74021605517653,193.79362606439915,750,39,468.68133613752195,42.116710725719855,69985.37509704936,924.279092460016,6490.402470804175,3166.9133530285553,27755.6925116097,543.4453221816085,BENIGN
2731,17,92136,18,92,13944,10588,1091,98,315.7603306130037,125.1283256405044,982,57,479.9304182878344,148.33549192966652,99370.11533358661,866.6314054282719,2031.2850522388835,832.0902412236176,22475.553347631925,141.0577559817291,Bot
4873,17,753022,28,53,10105,442,1287,94,5.058729230870754,76.94232997304731,623,71,245.91750250996913,29.506867811912652,46992.57363639772,251.92703352210873,7367.854142174387,1627.6940204015928,9174.819014327419,269.83500044910045,Bot
4521,6,147695,29,50,25968,39744,1213,71,14.068074588754147,26.630625791259988,227,73,265.0123184124751,44.589340986704215,73785.85772698726,989.648429298428,8384.278814678712,3955.4545621545067,4651.70805791218,320.31857356975945,DDoS attacks-LOIC-HTTP
6232,17,853492,16,38,37018,37443,502,63,197.82880213491717,77.10960026808058,16,0,65.41521428677622,84.91053057469824,4884.800199837373,669.5019230209012,5937.783724117978,860.4706166169029,13943.990625631437,885.9223643900975,BENIGN
7499,6,773097,99,3,18716,11803,678,19,347.2181828167004,188.5910909471238,11,84,68.52601887602904,14.422486137492596,46264.47615910193,286.81393738297993,1157.628949279608,3455.2532636038973,35948.02412474413,766.7384187060193,BENIGN
5428,6,281796,47,2,43526,40721,1068,97,349.0444913662149,177.95941611847792,691,24,386.37821932803377,42.53841215402596,18676.287666264925,681.3564178502625,3129.260705763118,2817.6826811578653,20594.42872272178,829.5873126108671,BENIGN
1805,6,516712,59,63,38076,37145,84,3,217.90854543580684,104.73193241257573,69,95,427.86454207087036,29.953625468247314,84058.74945580056,666.5820221328881,4755.670995461888,737.3745320057257,28515.677093407216,52.25218784145247,BENIGN
7735,6,141980,31,28,31482,10599,953,17,347.081435269262,107.40145731878481,107,52,392.35721531554606,190.2643565823681,83992.43411828694,606.5874311095947,6771.946751636939,3444.3946201546823,4111.457227612412,578.7822054732636,BENIGN
770,6,235519,4,10,34639,7058,1322,50,262.94260889216207,61.7840699189939,200,60,417.2879324974765,38.30517710897783,23644.078426362474,711.9844149673963,3203.9507515443893,711.7448532758485,6170.919746035704,999.1769305146465,Infiltration
7335,6,990129,37,96,46920,17206,380,67,488.5810513146711,90.90157801409629,1075,45,138.2851577141499,172.35394203407876,31835.332460115656,269.0473746848648,8403.070222339802,1992.177895548406,575.1784863705334,785.1996390533143,BENIGN
7654,17,154792,17,57,23014,11894,596,19,85.41780584923237,142.889698787879,628,73,233.03289215936778,22.95963825332168,70250.7536681906,979.0065001039451,3718.5261238626704,1542.7996226226014,33667.489682947766,120.7076813899145,BENIGN
1782,6,263131,39,74,20441,2939,338,8,302.3302975142748,80.48614512955838,1282,59,229.59969169769352,173.93462646050148,73829.20968199258,858.0378615178829,429.3206431216609,3450.0497634347876,13230.081579196118,678.8181674073487,Bot
7431,17,294046,48,26,40098,22149,599,79,248.1631940957468,37.59677441520677,1287,50,497.64170157086505,119.88675725469393,65766.58389541623,745.9956112766916,7940.150172281681,3911.8117830332617,48346.66002579976,745.3238208951832,BENIGN
7678,17,609412,46,96,44145,1031,786,25,101.26084060555874,108.17191576501554,905,72,474.5890100578829,169.9411846449236,99669.49680624086,27.27868860964587,6442.587471940901,841.5829097795674,15429.705958256503,514.2483559214086,BENIGN
3940,6,488865,90,20,38025,10208,313,24,376.2452639101432,45.067382290865595,302,83,299.24305321300307,173.4697377074715,86869.63436639134,590.7949878773734,8019.762990812245,4059.9837129947086,18187.2657629119,78.753147773442,Bot
7121,6,770197,48,38,34512,562,588,67,141.37646986633766,194.85751120252002,936,47,68.98656657034668,119.27470613348181,41711.71748644472,706.7775041542382,3489.549242855668,36.07027997278911,23479.796674071004,34.68623520635694,BENIGN
7694,6,643027,39,94,31395,43498,230,40,193.9463604513031,78.06798280239082,575,83,129.29801931533856,183.5388306790048,32704.402386972943,854.2457272807752,177.28429133430564,2650.292736712665,15963.846032121723,937.8096972393504,DDoS attacks-LOIC-HTTP
4480,17,904780,4,45,4673,49492,988,58,190.54113194582737,181.93299432182323,554,39,181.8807774908679,117.0896582969246,59689.00630212809,946.2109646671536,738.4554836546215,2583.9444493733695,40873.98666163935,257.5139654786186,BENIGN
6142,6,606326,30,65,38687,20951,1197,44,125.88121422803465,45.11079932072486,124,6,436.6058298467148,142.51301557567507,81765.45721999205,915.9372468418107,1118.8960062275714,3119.1071537590988,43811.57843179915,378.96812701845005,DDoS attacks-LOIC-HTTP
501,17,217913,30,90,12828,48920,1488,40,218.19913919071058,37.84180106115529,1293,74,85.3162285316888,83.21609543376654,47539.59393891792,406.63888755020554,8051.670633978862,1198.5026516733749,561.6935996233925,795.277540985505,BENIGN
6364,6,776488,22,35,22696,46766,384,37,239.30621105917106,123.38022580794747,858,84,109.87345831405254,182.81353889419748,73771.88375709564,896.6046867859789,3015.046108847213,49.284149651007134,32736.53481178352,689.2607467174432,BENIGN
173,6,384990,75,74,23987,28351,1253,18,373.3897280406072,155.87581566066413,744,18,174.6923458349135,164.83250778240532,1925.8123502091787,1.748060405656322,9978.987195715205,2273.814580706997,34307.55311215012,968.565700034335,BENIGN
7637,17,812581,66,81,49842,18680,1287,13,383.7089443166334,113.35291277047514,479,14,463.4550943266917,33.3426223233855,92584.75242872743,352.1237362962787,7584.125576572356,357.03105629127265,48071.62958113808,92.83920021116754,BENIGN
1544,17,340033,12,64,40941,49386,197,20,83.48520430437273,45.95913672105188,131,69,251.90604538819355,115.27757004093975,77385.73440427009,114.76718816116326,6011.948375949228,4460.969434034341,18526.25587142666,706.9195740792272,Bot
2140,6,608914,94,62,18464,21586,1224,14,298.4222881671284,7.578872576799212,1025,60,323.41801829876727,179.3654658173893,39425.06677554565,883.1846323501522,9836.210500552252,868.331628445867,9772.04561770113,82.22885277766956,BENIGN
6876,17,401162,36,98,13368,9308,1422,2,448.6179101483008,123.65776423820103,114,55,193.6116525350892,158.61289873179018,38407.392428674015,928.0539235281518,3163.7755739768622,2126.164837493303,26033.84766641377,0.165496501144613,DDoS attacks-LOIC-HTTP
2363,17,483879,18,34,6678,9609,1248,36,58.84937139785761,26.20744507310966,480,9,94.26105555423337,192.510556132265,10297.65190677305,256.7524097320735,1656.9900756425902,2170.0019512019185,22383.308672073716,120.23022618774736,BENIGN
5156,17,498052,90,30,45794,29495,1408,45,239.09245204439858,68.63527740646624,980,45,111.40026870424008,46.26033738951896,81617.21085101401,367.94313767733786,7372.992423543502,2764.3232391910237,39588.65596554684,616.7258482792373,Infiltration
5780,17,570608,53,27,40779,17675,1119,15,376.42479559212967,135.1569507342463,1024,79,401.33561015793964,73.4919266260956,76865.26463062587,983.8937417976753,2781.5557045176265,3912.661743851986,45199.73230736466,676.1927495774414,BENIGN
1260,17,832695,71,0,9931,28064,483,13,307.68821051925994,19.604688116586377,330,74,446.7410191599192,101.43837760362626,63028.66825648627,566.497400265667,9610.408243739506,2360.740752543898,4344.534301545133,438.3398724095842,BENIGN
80,6,397081,1,24,34969,8720,853,8,54.789900015328826,25.45029595679116,941,56,246.53782794657246,46.53383400545299,10154.632649682013,497.5587875782179,9880.705053189458,128.76633610236553,42330.508137658944,46.070709737424224,DDoS attacks-LOIC-HTTP
958,6,379370,58,42,32338,42940,540,6,201.32003204873135,12.333241461480826,954,34,178.49726372962826,78.80905103776381,26241.51315005071,500.9349895915607,9264.117545858513,3855.5520558754474,45449.45420229237,634.0593910544907,Infiltration
1659,17,868018,90,83,8869,14457,1080,13,256.08355161734767,199.2158257813653,767,71,403.91756826363115,107.5078408848665,45896.858181729185,696.4919910935099,9447.672867332538,410.86657310445753,46207.55255443523,85.81747758649006,Infiltration
6205,6,962874,87,66,23980,2939,1098,5,497.9435728495551,77.41535372031625,390,91,336.54738754046394,38.26784060026813,26604.534656984953,954.5884917372418,6156.932519346184,3207.766461294321,38217.84984397173,141.72633176639772,BENIGN
4140,6,75377,90,62,8882,47113,972,84,93.41091511520813,181.1590335469269,833,2,20.436988742816574,51.337563740516124,43403.052576058835,367.25580732262046,6921.49437703673,4017.147543259477,37106.70721959486,512.5756847708269,BENIGN
5178,17,519670,6,50,19240,48926,484,14,491.2997647442557,58.71712768485642,142,65,175.37044944140533,24.968499961758894,22603.49448835885,173.4852882028939,943.3673315691714,1413.450862405219,754.689782371122,340.37327147484774,BENIGN
7990,6,483555,70,1,26718,38203,1179,51,191.19414319357472,150.64051302809915,327,52,341.0864891180209,142.6762819771497,34966.55437556361,185.82787926083745,7630.73854712716,2245.532408420156,46010.379208266524,464.75392727634056,DDoS attacks-LOIC-HTTP
4246,17,890777,44,81,18857,23365,955,71,104.15864060654157,43.81332326247578,627,77,286.8399101454886,72.3103853072266,65233.1653908268,21.33867904682178,2021.4315674058673,71.67921092908314,17581.745638300745,635.0769036271925,BENIGN
3589,17,122432,72,63,27115,5392,1415,33,209.98399565137802,99.66494192965006,376,51,489.03365442311133,44.053230636757675,89237.18446716171,555.8550856231749,8403.420270984123,4019.375997949427,2065.683611903441,160.00703616139677,BENIGN
1272,6,234331,24,73,4932,25905,1099,0,308.9275863972345,164.9231478591559,89,92,433.0576891126453,101.46482983619049,38509.2178164702,929.1881016515803,9615.356674289404,3516.3054496040963,20654.83571222483,893.0867396910078,Bot
4223,17,547319,86,68,4402,7972,526,95,110.68120998594296,163.26687977901653,807,52,29.869202865630495,13.649861137049534,69193.90403376415,713.3638184835689,2124.5639140255676,1156.9369719392153,36645.303137194765,559.4800646462401,Bot
191,17,89216,19,8,13551,30653,1126,68,149.26234623455323,158.85614347253488,1020,53,362.8845078361803,184.68132126367897,13487.960707388205,992.9715620458983,781.2331449386076,1951.1309893289463,22103.34052923856,22.093275531285595,DDoS attacks-LOIC-HTTP
1478,17,251771,18,1,19561,26329,435,93,428.00051835896846,164.74688260771057,1065,46,168.16330616523894,58.89350423145285,54086.38960579759,909.6178800180302,4839.417502539631,3476.582509005557,37902.97436271357,628.452841733861,DDoS attacks-LOIC-HTTP
3569,17,842165,95,33,19391,19184,1127,85,499.5096835260896,42.29445626117585,1058,2,341.0413515429732,177.29286963677242,92171.20551319582,492.36581571703374,7915.702170111143,1790.8156092560334,25475.377251292677,463.17893177405136,BENIGN
4217,17,474018,30,59,47793,14799,142,19,162.4954822917211,96.44325451207729,1011,64,308.61229304569815,99.52401306492939,2803.301087693768,487.06283121060693,7706.631059265285,812.073877788499,14978.363134866333,701.6391114758562,BENIGN
7029,6,576301,42,60,36005,15052,1467,79,78.68411795522043,96.97429491943173,552,14,251.52512957342054,170.0300995421281,26763.06059906359,628.7288725987397,6968.488238060186,2592.5276443895414,10153.588084235098,784.0336229375448,DDoS attacks-LOIC-HTTP
6687,6,774604,33,30,22958,6044,1374,6,397.6195558970506,178.1004974695825,123,83,426.4747771697775,49.412888157928904,13258.028432677625,111.82466180490876,8207.139206357177,3617.837851432199,21060.953734731076,938.8448533899292,BENIGN
2342,17,619164,74,9,26738,19871,323,6,302.2255652011969,59.37836587988576,56,85,354.3449300715839,35.054120448550606,53316.816734846514,608.0765562108184,1750.7085375989316,1604.0475350147292,1799.8145511796195,998.3457942749995,BENIGN
1656,17,26091,12,75,2034,23767,600,49,54.69856597092256,186.29917867780966,805,33,444.77755725100326,169.88236064696568,67967.44998249182,464.60994579200633,6519.725641101574,608.861358222289,21132.96981087038,549.6169934714269,Bot
3135,6,514365,94,35,16723,47183,1245,1,473.6518833108304,90.1591472612198,1479,49,140.80187455152466,42.58477647434218,5787.341414390302,643.0976862459387,6057.1874796606,4147.720809059884,3440.31863726357,561.5083531284246,Bot
4110,17,710305,27,84,2496,20234,1018,46,43.63451655794653,133.95740063548376,234,32,174.06376229730103,149.23906985991601,7037.739219848724,565.6447583169072,1535.163805873172,1264.0093322356156,43851.46533996253,22.445250975606235,Infiltration
6980,6,628480,39,48,1165,21381,168,13,314.5514188086524,53.77662245586687,607,72,310.9756749052344,68.91675893192648,86964.22298296305,311.0854644242341,4144.8562793148385,2564.0747705330323,28778.29678205715,865.1704734863306,BENIGN
3024,17,229677,9,69,10092,17274,1301,30,214.8489416673228,82.05962136626145,391,2,483.2322186808679,149.63874528703226,45628.752525265154,608.1542210353883,8525.444663376165,3456.715747446215,32305.68771688368,28.717993542521025,BENIGN
5156,17,710772,21,48,37255,46626,670,49,280.52883952876823,141.96018641382807,969,1,185.7910496685906,181.52925319766604,46300.5304478684,366.6483385168101,9718.04623867755,1585.3760019711037,14450.31088227608,632.664807001042,Infiltration
349,17,403877,76,2,18579,22304,757,60,110.54102685177149,102.54942837020187,1366,3,16.146825033745593,196.32768625745862,94458.5936918621,195.42651950717007,6654.636345595941,3243.1826868620915,11298.795614212286,98.57697874422999,BENIGN
3660,17,934505,29,73,7096,17572,810,40,345.6146476290726,186.14160233766677,1199,15,222.94397771097834,71.96189545372668,32027.75893039053,675.3957769102735,9219.488478820458,2298.5475322076413,35398.18340617859,285.83860410645644,DDoS attacks-LOIC-HTTP
3914,17,761501,33,4,2327,38412,419,13,480.06124612100314,147.4249931794955,51,53,271.96478126451154,73.50516692810925,89703.3944668087,307.0407459255616,1321.36025660359,2852.1832756192307,33581.558496260994,140.32955311072547,Infiltration
5636,17,95656,62,89,36399,49892,1389,4,231.92080765223324,112.88058510211998,488,32,400.49370434977163,196.27754735697093,97425.73191018059,889.1357550861701,9750.630195903828,2952.8805180847135,6142.696033134711,137.39428811254106,BENIGN
8002,17,849407,15,60,4501,25965,689,74,263.8643473962725,177.33395133044164,4,8,364.30023999831946,172.30562605960768,24177.002823066527,200.13312725449944,336.031485307954,4120.753434484431,11939.682741252524,74.60098231693047,Infiltration
4127,6,157089,2,84,15926,18384,1226,4,123.70677693159625,133.11127775774887,631,56,482.3313403591681,9.018394382275607,51408.74453276217,600.5438943940815,5273.065475437544,3281.631367176682,47329.323565645806,317.88198198550356,BENIGN
1361,6,324364,52,89,15258,17855,1304,63,446.4746519567852,129.46409468408646,1232,39,391.34138027823315,114.68999724530408,53440.27172849684,571.977226074404,2910.7922863787203,1321.5334609220524,15215.829502322074,423.65134445279375,BENIGN
3683,6,395304,44,25,2521,17920,123,28,485.73133054427933,49.27426662952546,216,51,149.31421853394133,36.24895430968766,86618.14949808846,198.54405900035042,8139.277158741308,298.0217056922313,1301.3172008658908,464.4731928321586,BENIGN
235,17,507061,54,71,24236,16702,906,74,394.2169581175969,78.97139310564218,535,81,320.69015549008486,198.8025072186437,30397.774556818338,440.4469520256753,2176.2187773430096,9.927720375663696,3198.4647207958287,439.70803946710737,DDoS attacks-LOIC-HTTP
358,17,896573,18,4,25035,37921,1088,4,273.67288356910296,136.6607305208043,1365,15,336.12059669827613,27.78460247419474,79806.26391090795,675.8632327712515,116.2888372946548,4522.086923834978,38776.98489952717,523.6920342952776,BENIGN
5915,17,652855,3,14,42324,1894,74,95,478.6144281317722,178.35834229663158,1424,7,499.01025741026143,111.86952250857331,97101.02905388839,319.2086772854842,4146.679982902696,4710.550259011032,37860.212671429596,859.7869291869409,BENIGN
4082,17,520716,7,15,48390,30985,693,35,81.15577740680202,63.10949472898304,1485,86,69.36895561338879,133.03967400583662,84035.26190790249,114.71682675005755,642.0158686667817,470.5574383233396,19097.545198998894,631.7966157061751,BENIGN
2728,17,407572,43,0,7858,28287,1305,78,241.85297564813314,43.09712438859694,737,59,95.66275134522839,187.41293093081126,90914.93694283719,615.6254742429228,2901.635599308303,2435.26809141124,7668.506814457532,17.285670969812816,Infiltration
3172,17,380734,82,15,14284,7991,1395,18,271.11482482957445,118.73919576317115,729,35,77.75682200434447,169.4516623288374,70838.36036990552,224.89778035825557,6437.833168975315,757.9760173026723,24910.27979374317,172.95227824031866,BENIGN
1770,17,743188,38,36,30968,15439,155,63,248.4986277774265,13.439419620542626,1234,2,294.5300570829819,49.1509542655566,90396.53647011459,681.7935046899181,2947.7370629890434,4743.745433520423,16601.11387447106,348.94982214881287,BENIGN
5624,6,650543,37,2,35243,29084,952,21,402.1970521534581,142.90834029000104,1049,14,67.65053611701005,114.52479025850091,16493.41502887921,839.6276294875832,2458.6864799850055,1234.1625841126186,18704.67771137983,949.0437088648767,BENIGN
2441,17,290474,58,51,16314,42235,1242,33,336.8494310531002,140.62770865749616,1275,96,328.0038544522678,190.71479158117666,71239.01789001218,124.23201607834578,1555.8011350403253,2508.2354779849948,13056.65785085728,78.07939744992498,Bot
7139,6,498782,33,46,48447,27659,1319,55,67.69594062953954,70.99320619723102,2,81,401.8870254321094,147.14336942098754,73190.4167235979,438.17149311907957,1352.5875685710992,828.1009586645838,3152.267056345825,710.1192624044816,BENIGN
729,6,59878,59,94,11304,24976,1043,16,176.4933971348149,178.53553066898033,1025,22,216.39646210343022,137.66726967597876,43923.70284047707,445.4773470794539,5259.047874441011,1663.8054225153114,39560.05224934159,33.09313174487305,Infiltration
5339,17,45933,95,12,26435,38703,748,75,172.84303995150873,100.4362283078255,1025,2,280.3425409447321,150.98021585623133,7983.049351117634,632.9033827356399,6815.388722411771,1334.0318046359046,30914.859033244335,362.53716900196576,BENIGN
7724,17,809157,11,79,3185,17107,195,88,284.9879354324997,129.15299013858737,149,29,456.3610416456454,64.50123779756396,62248.150188620115,335.0735208687704,4527.87932415062,2377.130214860928,41733.40983724171,770.1487637137433,BENIGN
6629,6,556476,68,54,40627,2329,1497,55,149.27191674065898,41.915696387667566,3,44,284.7829587887506,145.85045388064722,5197.561848982362,419.1505864331914,1236.907387379457,2098.9098101107425,25165.06684940579,343.92933643835255,BENIGN
5228,6,735110,82,20,45251,42095,1167,16,63.049525929185755,83.46806703200001,467,16,104.3027760174337,46.570950289383184,38246.42559069339,12.979252784226988,6477.915238915741,1653.9889730018765,49249.48208886412,430.28205998646575,BENIGN
5407,17,958771,68,65,27785,2770,844,73,328.572919500282,172.4835080539536,69,57,171.59689922168093,85.62055418155067,39373.08619528541,123.30348527207603,5571.66186131806,529.3880882420605,48126.62022113622,905.3045282674291,BENIGN
3746,17,366181,98,53,9435,4846,818,91,426.2632845748361,42.58790952646856,200,57,264.92290166973424,177.98576343770128,99892.26162124865,570.2922374554491,3813.373277199205,2422.435110034741,13596.456519956146,66.16909131929805,DDoS attacks-LOIC-HTTP
3662,6,464607,93,26,26023,16651,180,81,466.14600725563236,78.11487551849376,307,95,77.44884274479247,3.7942292981503423,29987.20535257376,216.67990449473305,3301.1387243830095,4251.040090457762,19354.97640749421,527.6623252101012,BENIGN
4013,17,196475,88,37,27938,49044,222,17,486.42631674144053,63.615308885625986,1275,56,306.25991767843465,82.86373005046934,82047.18925298963,145.4323129065787,1832.3457586102697,3651.1166829278304,37637.94355440827,366.23755859117836,BENIGN
508,17,76461,22,89,45000,14633,36,44,391.6528388734619,30.222036972956023,1310,6,499.6230459420128,53.364353347811914,5326.636804983197,325.088355196199,1463.8482888557376,3602.874420813347,38832.40706426901,963.811671517031,BENIGN
8064,17,350473,66,57,41222,13628,1023,95,74.15270200449157,57.94358362550711,921,38,326.2674824704822,39.71792329872188,52981.30087873018,164.37215923819036,3388.378172992525,1830.4586837265435,45535.84982064878,793.6898294182579,Infiltration
5677,6,135289,44,61,8220,569,1101,77,427.2903529971786,46.554456715043344,291,77,186.2055720072206,167.71508429450245,53673.80093881565,60.56281404162485,417.26960991044916,3542.095403410257,32635.16534177665,122.07677736653876,DDoS attacks-LOIC-HTTP
66,6,614653,6,45,2769,1973,799,55,202.9802363243246,184.71872609226548,1177,57,165.87324584053127,139.29971456899563,62878.69782091428,284.5743908950312,4366.8375006002725,2327.657406999593,23761.297635891216,927.4097567225721,BENIGN
3379,6,522254,42,88,16101,35590,417,79,366.30610032722,148.2157609085592,923,55,465.8016613036376,22.52654408229635,81002.42028695992,165.19408292418555,6016.137718920074,751.3804541908464,18888.800967236086,211.21329745376872,BENIGN
4893,17,622106,25,10,12,33038,1142,49,267.9776624556137,63.220316356564865,1156,14,435.7571452893279,98.89266530023788,76194.71893849756,799.5963465925015,9416.601098653615,2095.248749890255,20964.735784337146,84.81764353482014,BENIGN
5155,17,322954,57,71,40968,49088,83,57,415.1600361561479,152.66781064854194,882,43,236.17931009938366,93.38115436542222,76103.20275195413,63.59430996373248,6258.655604634093,663.6931551579872,42521.75350135654,541.5932797944923,Bot
4826,6,619264,85,7,30170,7641,587,17,215.62533775564586,4.427990606774279,585,11,176.7072822501421,28.505558805881705,43235.07049308544,747.6957935299254,6241.136392512142,572.4140945326794,49000.64209193365,736.6315699762793,BENIGN
420,6,984658,55,96,20717,8930,689,79,35.58793631631028,105.30494215422799,1297,7,355.2321417982263,159.95254019824165,72749.87353182797,383.4135511357186,3744.7736412304525,115.29654228805364,2604.9401541490497,716.050889496212,BENIGN
